<?xml version='1.0' encoding='UTF-8'?>
<osm version='0.6' generator='JOSM'>
  <node id='-25405' action='modify' visible='true' lat='30.71603524855' lon='103.99807436352' />
  <node id='-25406' action='modify' visible='true' lat='30.71603830899' lon='103.99807058459' />
  <node id='-25407' action='modify' visible='true' lat='30.71604136943' lon='103.99806713427' />
  <node id='-25423' action='modify' visible='true' lat='30.7160442886' lon='103.99806369082' />
  <node id='-25428' action='modify' visible='true' lat='30.71604656625' lon='103.99806145224' />
  <node id='-25429' action='modify' visible='true' lat='30.71604949135' lon='103.99805908355' />
  <node id='-25438' action='modify' visible='true' lat='30.71605295207' lon='103.99805689278' />
  <node id='-25439' action='modify' visible='true' lat='30.71605671877' lon='103.9980543735' />
  <node id='-25440' action='modify' visible='true' lat='30.71605954379' lon='103.99805262095' />
  <node id='-25441' action='modify' visible='true' lat='30.71606274548' lon='103.99805086841' />
  <node id='-25442' action='modify' visible='true' lat='30.71606632384' lon='103.99804911587' />
  <node id='-25443' action='modify' visible='true' lat='30.71606848969' lon='103.9980485682' />
  <node id='-25444' action='modify' visible='true' lat='30.71607225639' lon='103.99804758239' />
  <node id='-25445' action='modify' visible='true' lat='30.71607818894' lon='103.99804659658' />
  <node id='-25446' action='modify' visible='true' lat='30.71608101396' lon='103.99804561078' />
  <node id='-25447' action='modify' visible='true' lat='30.71608449815' lon='103.9980447345' />
  <node id='-25448' action='modify' visible='true' lat='30.71609165516' lon='103.99804363883' />
  <node id='-25449' action='modify' visible='true' lat='30.71609768187' lon='103.99804407697' />
  <node id='-25450' action='modify' visible='true' lat='30.71610672194' lon='103.99804582952' />
  <node id='-25451' action='modify' visible='true' lat='30.71611463199' lon='103.9980480202' />
  <node id='-25452' action='modify' visible='true' lat='30.71612480207' lon='103.99805240156' />
  <node id='-25453' action='modify' visible='true' lat='30.71613233546' lon='103.99805853546' />
  <node id='-25454' action='modify' visible='true' lat='30.71613949217' lon='103.99806423123' />
  <node id='-25455' action='modify' visible='true' lat='30.71614702556' lon='103.99807299396' />
  <node id='-25456' action='modify' visible='true' lat='30.71615418228' lon='103.99808088041' />
  <node id='-25457' action='modify' visible='true' lat='30.71616209233' lon='103.99809008127' />
  <node id='-25458' action='modify' visible='true' lat='30.71616661236' lon='103.99809577704' />
  <node id='-25459' action='modify' visible='true' lat='30.7161722624' lon='103.99810234908' />
  <node id='-25460' action='modify' visible='true' lat='30.71617640576' lon='103.99810804485' />
  <node id='-25461' action='modify' visible='true' lat='30.71618092579' lon='103.99811242621' />
  <node id='-25462' action='modify' visible='true' lat='30.71618883585' lon='103.99812250334' />
  <node id='-25463' action='modify' visible='true' lat='30.71619373255' lon='103.99812819911' />
  <node id='-25464' action='modify' visible='true' lat='30.71619862924' lon='103.99813520929' />
  <node id='-25465' action='modify' visible='true' lat='30.71620427928' lon='103.9981413432' />
  <node id='-25466' action='modify' visible='true' lat='30.71620992932' lon='103.99814922965' />
  <node id='-25467' action='modify' visible='true' lat='30.7162174627' lon='103.99815799237' />
  <node id='-25468' action='modify' visible='true' lat='30.71622461941' lon='103.99816587882' />
  <node id='-25469' action='modify' visible='true' lat='30.7162332828' lon='103.99817551782' />
  <node id='-25470' action='modify' visible='true' lat='30.71624232285' lon='103.99818471868' />
  <node id='-25471' action='modify' visible='true' lat='30.71625098624' lon='103.99819523395' />
  <node id='-25474' action='modify' visible='true' lat='30.71663368147' lon='103.99863424594' />
  <node id='-25475' action='modify' visible='true' lat='30.71664837093' lon='103.99865483899' />
  <node id='-25476' action='modify' visible='true' lat='30.71665081927' lon='103.99865943942' />
  <node id='-25477' action='modify' visible='true' lat='30.71665458594' lon='103.99866754494' />
  <node id='-25478' action='modify' visible='true' lat='30.71665684595' lon='103.99867148817' />
  <node id='-25479' action='modify' visible='true' lat='30.71665863511' lon='103.99867597906' />
  <node id='-25480' action='modify' visible='true' lat='30.71665976512' lon='103.9986809081' />
  <node id='-25481' action='modify' visible='true' lat='30.71666051845' lon='103.99868463225' />
  <node id='-25482' action='modify' visible='true' lat='30.71666136595' lon='103.99868912315' />
  <node id='-25483' action='modify' visible='true' lat='30.71666202512' lon='103.99869854308' />
  <node id='-25484' action='modify' visible='true' lat='30.71666193095' lon='103.99870642953' />
  <node id='-25485' action='modify' visible='true' lat='30.71666155429' lon='103.99871168716' />
  <node id='-25486' action='modify' visible='true' lat='30.71666070679' lon='103.99871749246' />
  <node id='-25487' action='modify' visible='true' lat='30.71665995345' lon='103.99872209289' />
  <node id='-25488' action='modify' visible='true' lat='30.71665797595' lon='103.99872724099' />
  <node id='-25489' action='modify' visible='true' lat='30.71665618678' lon='103.99873173189' />
  <node id='-25510' action='modify' visible='true' lat='30.71665345594' lon='103.99873775626' />
  <node id='-25511' action='modify' visible='true' lat='30.71665063093' lon='103.99874356157' />
  <node id='-25512' action='modify' visible='true' lat='30.71664771176' lon='103.99874969547' />
  <node id='-25513' action='modify' visible='true' lat='30.71664441592' lon='103.99875714379' />
  <node id='-25514' action='modify' visible='true' lat='30.71664262675' lon='103.99876130608' />
  <node id='-25539' action='modify' visible='true' lat='30.71666174253' lon='103.99869328555' />
  <node id='-25581' action='modify' visible='true' lat='30.71601048251' lon='103.99804270818' />
  <node id='-25582' action='modify' visible='true' lat='30.71601415504' lon='103.99803892925' />
  <node id='-25583' action='modify' visible='true' lat='30.7160177334' lon='103.99803509556' />
  <node id='-25584' action='modify' visible='true' lat='30.71602153538' lon='103.99803130299' />
  <node id='-25585' action='modify' visible='true' lat='30.71602639681' lon='103.99802693528' />
  <node id='-25586' action='modify' visible='true' lat='30.71603096393' lon='103.99802315635' />
  <node id='-25587' action='modify' visible='true' lat='30.7160353898' lon='103.99802014417' />
  <node id='-25588' action='modify' visible='true' lat='30.71603976858' lon='103.99801724151' />
  <node id='-25589' action='modify' visible='true' lat='30.71604504196' lon='103.99801422933' />
  <node id='-25590' action='modify' visible='true' lat='30.71605017409' lon='103.99801160051' />
  <node id='-25591' action='modify' visible='true' lat='30.71605511787' lon='103.99800951936' />
  <node id='-25592' action='modify' visible='true' lat='30.71606222751' lon='103.99800727392' />
  <node id='-25593' action='modify' visible='true' lat='30.71606693589' lon='103.99800628811' />
  <node id='-25594' action='modify' visible='true' lat='30.71607004341' lon='103.99800557614' />
  <node id='-25595' action='modify' visible='true' lat='30.71607611721' lon='103.9980041522' />
  <node id='-25596' action='modify' visible='true' lat='30.71608176725' lon='103.99800338546' />
  <node id='-25597' action='modify' visible='true' lat='30.71608793521' lon='103.99800294732' />
  <node id='-25598' action='modify' visible='true' lat='30.71609325567' lon='103.99800311162' />
  <node id='-25599' action='modify' visible='true' lat='30.71609691639' lon='103.99800330336' />
  <node id='-25600' action='modify' visible='true' lat='30.71610389663' lon='103.99800344017' />
  <node id='-25601' action='modify' visible='true' lat='30.71610982918' lon='103.99800453551' />
  <node id='-25602' action='modify' visible='true' lat='30.71611500838' lon='103.99800563085' />
  <node id='-25603' action='modify' visible='true' lat='30.71611934008' lon='103.99800694526' />
  <node id='-25604' action='modify' visible='true' lat='30.71612499012' lon='103.99800880734' />
  <node id='-25605' action='modify' visible='true' lat='30.71613082859' lon='103.99801012164' />
  <node id='-25606' action='modify' visible='true' lat='30.71613478362' lon='103.99801275045' />
  <node id='-25607' action='modify' visible='true' lat='30.71614137533' lon='103.99801647461' />
  <node id='-25608' action='modify' visible='true' lat='30.71614570703' lon='103.9980199797' />
  <node id='-25609' action='modify' visible='true' lat='30.71615060373' lon='103.99802348479' />
  <node id='-25612' action='modify' visible='true' lat='30.71615474709' lon='103.99802633268' />
  <node id='-25613' action='modify' visible='true' lat='30.71615851379' lon='103.99803049497' />
  <node id='-25614' action='modify' visible='true' lat='30.71616642384' lon='103.99803816235' />
  <node id='-25615' action='modify' visible='true' lat='30.71617037887' lon='103.99804232465' />
  <node id='-25616' action='modify' visible='true' lat='30.71617263888' lon='103.99804517253' />
  <node id='-25617' action='modify' visible='true' lat='30.71617678224' lon='103.99804889669' />
  <node id='-25618' action='modify' visible='true' lat='30.71618073727' lon='103.99805305898' />
  <node id='-25619' action='modify' visible='true' lat='30.71618751732' lon='103.99806072636' />
  <node id='-25620' action='modify' visible='true' lat='30.71619034233' lon='103.99806445052' />
  <node id='-25621' action='modify' visible='true' lat='30.71619410903' lon='103.99806861281' />
  <node id='-25622' action='modify' visible='true' lat='30.71619674571' lon='103.99807167977' />
  <node id='-25623' action='modify' visible='true' lat='30.71620314908' lon='103.99807934715' />
  <node id='-25624' action='modify' visible='true' lat='30.71620559743' lon='103.99808307131' />
  <node id='-25625' action='modify' visible='true' lat='30.71621595583' lon='103.99809468192' />
  <node id='-25626' action='modify' visible='true' lat='30.71621878085' lon='103.99809884421' />
  <node id='-25627' action='modify' visible='true' lat='30.71622537256' lon='103.99810519718' />
  <node id='-25628' action='modify' visible='true' lat='30.71623855616' lon='103.99812118893' />
  <node id='-25629' action='modify' visible='true' lat='30.71625776628' lon='103.99814309574' />
  <node id='-25630' action='modify' visible='true' lat='30.71626755967' lon='103.99815361101' />
  <node id='-25631' action='modify' visible='true' lat='30.71666080114' lon='103.9986066438' />
  <node id='-25632' action='modify' visible='true' lat='30.71666965263' lon='103.99861891183' />
  <node id='-25633' action='modify' visible='true' lat='30.71667567931' lon='103.99862789362' />
  <node id='-25634' action='modify' visible='true' lat='30.71667869265' lon='103.99863293219' />
  <node id='-25635' action='modify' visible='true' lat='30.71668151765' lon='103.99863775168' />
  <node id='-25636' action='modify' visible='true' lat='30.71668679099' lon='103.99864760975' />
  <node id='-25637' action='modify' visible='true' lat='30.71668980433' lon='103.99865461993' />
  <node id='-25638' action='modify' visible='true' lat='30.716691876' lon='103.99866119197' />
  <node id='-25639' action='modify' visible='true' lat='30.71669385336' lon='103.99866809278' />
  <node id='-25640' action='modify' visible='true' lat='30.71669512461' lon='103.99867526726' />
  <node id='-25641' action='modify' visible='true' lat='30.71669578378' lon='103.99867997722' />
  <node id='-25642' action='modify' visible='true' lat='30.71669625461' lon='103.99868474195' />
  <node id='-25643' action='modify' visible='true' lat='30.71669663128' lon='103.99868972575' />
  <node id='-25644' action='modify' visible='true' lat='30.71669677253' lon='103.99869257363' />
  <node id='-25645' action='modify' visible='true' lat='30.7166971492' lon='103.99869930998' />
  <node id='-25646' action='modify' visible='true' lat='30.7166971492' lon='103.99870467715' />
  <node id='-25647' action='modify' visible='true' lat='30.7166968667' lon='103.99871103012' />
  <node id='-25648' action='modify' visible='true' lat='30.7166957367' lon='103.998723517' />
  <node id='-25649' action='modify' visible='true' lat='30.71669441836' lon='103.99873145822' />
  <node id='-25650' action='modify' visible='true' lat='30.71669253503' lon='103.99873835886' />
  <node id='-25651' action='modify' visible='true' lat='30.71668947461' lon='103.99874630008' />
  <node id='-25652' action='modify' visible='true' lat='30.71668504877' lon='103.99875632245' />
  <node id='-25654' action='modify' visible='true' lat='30.71668114089' lon='103.99876481128' />
  <node id='-25655' action='modify' visible='true' lat='30.71667699755' lon='103.99877204053' />
  <node id='-25656' action='modify' visible='true' lat='30.71667304254' lon='103.99877926977' />
  <node id='-25657' action='modify' visible='true' lat='30.71666814587' lon='103.99878847063' />
  <node id='-25658' action='modify' visible='true' lat='30.71666560337' lon='103.99879339966' />
  <node id='-25661' action='modify' visible='true' lat='30.71625202172' lon='103.99921663927' />
  <node id='-25662' action='modify' visible='true' lat='30.71624889066' lon='103.99921767985' />
  <node id='-25663' action='modify' visible='true' lat='30.71624510043' lon='103.99921863827' />
  <node id='-25664' action='modify' visible='true' lat='30.71624229896' lon='103.99921896687' />
  <node id='-25665' action='modify' visible='true' lat='30.7162390031' lon='103.99921915856' />
  <node id='-25666' action='modify' visible='true' lat='30.71623535419' lon='103.99921915847' />
  <node id='-25667' action='modify' visible='true' lat='30.71623234084' lon='103.99921882987' />
  <node id='-25668' action='modify' visible='true' lat='30.71622895082' lon='103.99921839174' />
  <node id='-25669' action='modify' visible='true' lat='30.71622621997' lon='103.999217625' />
  <node id='-25670' action='modify' visible='true' lat='30.71622367745' lon='103.99921658442' />
  <node id='-25672' action='modify' visible='true' lat='30.71622019327' lon='103.99921532478' />
  <node id='-25673' action='modify' visible='true' lat='30.71621708575' lon='103.99921401037' />
  <node id='-25674' action='modify' visible='true' lat='30.71621407239' lon='103.99921258643' />
  <node id='-25675' action='modify' visible='true' lat='30.71621136509' lon='103.99921105296' />
  <node id='-25676' action='modify' visible='true' lat='30.71621047045' lon='103.99921045057' />
  <node id='-25677' action='modify' visible='true' lat='30.71620932867' lon='103.99920951953' />
  <node id='-25678' action='modify' visible='true' lat='30.71620821043' lon='103.99920799975' />
  <node id='-25679' action='modify' visible='true' lat='30.71620719818' lon='103.999206165' />
  <node id='-25729' action='modify' visible='true' lat='30.71620500871' lon='103.99920241355' />
  <node id='-25780' action='modify' visible='true' lat='30.71627592841' lon='103.99924841785' />
  <node id='-25781' action='modify' visible='true' lat='30.71627312694' lon='103.99925123835' />
  <node id='-25782' action='modify' visible='true' lat='30.71626661771' lon='103.99925497611' />
  <node id='-25783' action='modify' visible='true' lat='30.71626096768' lon='103.99925705725' />
  <node id='-25784' action='modify' visible='true' lat='30.71625475264' lon='103.9992591384' />
  <node id='-25785' action='modify' visible='true' lat='30.71624995011' lon='103.99925990514' />
  <node id='-25786' action='modify' visible='true' lat='30.71624373508' lon='103.99926100048' />
  <node id='-25787' action='modify' visible='true' lat='30.71623799088' lon='103.99926111001' />
  <node id='-25788' action='modify' visible='true' lat='30.71623215251' lon='103.99926067188' />
  <node id='-25789' action='modify' visible='true' lat='30.71622669081' lon='103.99926001467' />
  <node id='-25790' action='modify' visible='true' lat='30.7162203816' lon='103.99925891933' />
  <node id='-25791' action='modify' visible='true' lat='30.71621416656' lon='103.99925694772' />
  <node id='-25792' action='modify' visible='true' lat='30.7162091757' lon='103.99925486657' />
  <node id='-25793' action='modify' visible='true' lat='30.71620380816' lon='103.99925234729' />
  <node id='-25794' action='modify' visible='true' lat='30.71619787572' lon='103.99925004696' />
  <node id='-25795' action='modify' visible='true' lat='30.71619147234' lon='103.99924610374' />
  <node id='-25796' action='modify' visible='true' lat='30.71618544564' lon='103.99924040797' />
  <node id='-25797' action='modify' visible='true' lat='30.71618045468' lon='103.99923515044' />
  <node id='-25798' action='modify' visible='true' lat='30.71617861834' lon='103.99923263124' />
  <node id='-25799' action='modify' visible='true' lat='30.71617567561' lon='103.99922731884' />
  <node id='-25831' action='modify' visible='true' lat='30.71571212179' lon='103.9986250782' />
  <node id='-25832' action='modify' visible='true' lat='30.71571028425' lon='103.99862315036' />
  <node id='-25833' action='modify' visible='true' lat='30.71570823054' lon='103.99862105488' />
  <node id='-25834' action='modify' visible='true' lat='30.71570516801' lon='103.99861841454' />
  <node id='-25835' action='modify' visible='true' lat='30.71570163706' lon='103.99861522942' />
  <node id='-25836' action='modify' visible='true' lat='30.71569875465' lon='103.99861196048' />
  <node id='-25837' action='modify' visible='true' lat='30.71569493545' lon='103.99860785334' />
  <node id='-25838' action='modify' visible='true' lat='30.71569190892' lon='103.99860424913' />
  <node id='-25839' action='modify' visible='true' lat='30.71568924269' lon='103.99860114782' />
  <node id='-25840' action='modify' visible='true' lat='30.71568715295' lon='103.99859846561' />
  <node id='-25841' action='modify' visible='true' lat='30.71568362199' lon='103.99859335265' />
  <node id='-25842' action='modify' visible='true' lat='30.71568109988' lon='103.99859016753' />
  <node id='-25843' action='modify' visible='true' lat='30.71567872189' lon='103.99858656331' />
  <node id='-25844' action='modify' visible='true' lat='30.71567677621' lon='103.99858337825' />
  <node id='-25845' action='modify' visible='true' lat='30.71567560522' lon='103.99858172283' />
  <node id='-25846' action='modify' visible='true' lat='30.71567396592' lon='103.9985772594' />
  <node id='-25847' action='modify' visible='true' lat='30.71567266883' lon='103.99857399045' />
  <node id='-25848' action='modify' visible='true' lat='30.71567165999' lon='103.99857063769' />
  <node id='-25849' action='modify' visible='true' lat='30.71567065114' lon='103.99856694966' />
  <node id='-25850' action='modify' visible='true' lat='30.7156696423' lon='103.99856133378' />
  <node id='-25851' action='modify' visible='true' lat='30.71566899376' lon='103.99855856775' />
  <node id='-25852' action='modify' visible='true' lat='30.71566870552' lon='103.99855353861' />
  <node id='-25853' action='modify' visible='true' lat='30.71566805697' lon='103.99854473761' />
  <node id='-25854' action='modify' visible='true' lat='30.71566820109' lon='103.99853987611' />
  <node id='-25855' action='modify' visible='true' lat='30.71566848934' lon='103.99853526606' />
  <node id='-25856' action='modify' visible='true' lat='30.71566920994' lon='103.99853115893' />
  <node id='-25857' action='modify' visible='true' lat='30.71567014672' lon='103.99852680034' />
  <node id='-25858' action='modify' visible='true' lat='30.71567108351' lon='103.99852227411' />
  <node id='-25859' action='modify' visible='true' lat='30.71567194823' lon='103.99851866989' />
  <node id='-25860' action='modify' visible='true' lat='30.71567360562' lon='103.99851389221' />
  <node id='-25861' action='modify' visible='true' lat='30.71567519094' lon='103.9985094498' />
  <node id='-25862' action='modify' visible='true' lat='30.71567663215' lon='103.99850542649' />
  <node id='-25863' action='modify' visible='true' lat='30.71568023538' lon='103.9984964576' />
  <node id='-25864' action='modify' visible='true' lat='30.71568398251' lon='103.99849008735' />
  <node id='-25865' action='modify' visible='true' lat='30.71568888246' lon='103.99848069979' />
  <node id='-25926' action='modify' visible='true' lat='30.71569715124' lon='103.99846845189' />
  <node id='-25932' action='modify' visible='true' lat='30.71567901014' lon='103.99864842176' />
  <node id='-25933' action='modify' visible='true' lat='30.71567612772' lon='103.99864506899' />
  <node id='-25934' action='modify' visible='true' lat='30.71567266883' lon='103.99864104568' />
  <node id='-25935' action='modify' visible='true' lat='30.71566993054' lon='103.99863769292' />
  <node id='-25936' action='modify' visible='true' lat='30.71566632753' lon='103.99863375342' />
  <node id='-25937' action='modify' visible='true' lat='30.71566258039' lon='103.9986292272' />
  <node id='-25938' action='modify' visible='true' lat='30.71565847296' lon='103.99862428187' />
  <node id='-25939' action='modify' visible='true' lat='30.71565616703' lon='103.99862067766' />
  <node id='-25940' action='modify' visible='true' lat='30.71565270813' lon='103.99861598379' />
  <node id='-25941' action='modify' visible='true' lat='30.71564979412' lon='103.99861141966' />
  <node id='-25942' action='modify' visible='true' lat='30.71564672713' lon='103.99860642842' />
  <node id='-25943' action='modify' visible='true' lat='30.71564290793' lon='103.99859905235' />
  <node id='-25944' action='modify' visible='true' lat='30.71564067406' lon='103.99859360411' />
  <node id='-25945' action='modify' visible='true' lat='30.71563844019' lon='103.9985878206' />
  <node id='-25946' action='modify' visible='true' lat='30.71563642258' lon='103.99858044444' />
  <node id='-25947' action='modify' visible='true' lat='30.71563512549' lon='103.99857407419' />
  <node id='-25948' action='modify' visible='true' lat='30.71563411665' lon='103.99856938032' />
  <node id='-25949' action='modify' visible='true' lat='30.71563296368' lon='103.9985613337' />
  <node id='-25950' action='modify' visible='true' lat='30.71563267544' lon='103.99855596928' />
  <node id='-25951' action='modify' visible='true' lat='30.71563204477' lon='103.99854411953' />
  <node id='-25952' action='modify' visible='true' lat='30.71563209885' lon='103.99853736158' />
  <node id='-25953' action='modify' visible='true' lat='30.71563249518' lon='103.99853115897' />
  <node id='-25954' action='modify' visible='true' lat='30.71563310773' lon='103.99852721944' />
  <node id='-25955' action='modify' visible='true' lat='30.71563418864' lon='103.99852210647' />
  <node id='-25956' action='modify' visible='true' lat='30.71563519748' lon='103.99851573623' />
  <node id='-25957' action='modify' visible='true' lat='30.71563663869' lon='103.9985098689' />
  <node id='-25958' action='modify' visible='true' lat='30.71563836813' lon='103.99850341483' />
  <node id='-25959' action='modify' visible='true' lat='30.71564060208' lon='103.99849763123' />
  <node id='-25960' action='modify' visible='true' lat='30.71564204328' lon='103.99849260209' />
  <node id='-25961' action='modify' visible='true' lat='30.71564420502' lon='103.99848707012' />
  <node id='-25962' action='modify' visible='true' lat='30.71564694331' lon='103.99848086751' />
  <node id='-25963' action='modify' visible='true' lat='30.71564917718' lon='103.99847600601' />
  <node id='-25964' action='modify' visible='true' lat='30.71565105075' lon='103.99847223415' />
  <node id='-25965' action='modify' visible='true' lat='30.71565386117' lon='103.99846678583' />
  <node id='-25966' action='modify' visible='true' lat='30.71565962599' lon='103.99845605699' />
  <node id='-25967' action='modify' visible='true' lat='30.71566250833' lon='103.99845136321' />
  <node id='-25968' action='modify' visible='true' lat='30.71566596723' lon='103.99844683698' />
  <node id='-25969' action='modify' visible='true' lat='30.71566791282' lon='103.998444071' />
  <node id='-25970' action='modify' visible='true' lat='30.71567177702' lon='103.99843798367' />
  <node id='-25971' action='modify' visible='true' lat='30.71567794719' lon='103.99842996847' />
  <node id='-25972' action='modify' visible='true' lat='30.71568158624' lon='103.99842540033' />
  <node id='-25973' action='modify' visible='true' lat='30.71568569367' lon='103.99842074837' />
  <node id='-25974' action='modify' visible='true' lat='30.71568844998' lon='103.99841798234' />
  <node id='-25975' action='modify' visible='true' lat='30.71569160261' lon='103.99841454576' />
  <node id='1231' action='delete' visible='true' version='1' lat='30.71613477937' lon='103.99933686114' />
  <node id='1232' action='delete' visible='true' version='1' lat='30.71616102062' lon='103.99936553886' />
  <node id='1236' action='delete' visible='true' version='1' lat='30.71614047288' lon='103.99932990862' />
  <node id='1237' action='delete' visible='true' version='1' lat='30.71616772712' lon='103.99935729139' />
  <node id='1238' action='delete' visible='true' version='1' lat='30.71614385921' lon='103.99932540989' />
  <node id='1239' action='delete' visible='true' version='1' lat='30.71617034079' lon='103.99935379012' />
  <node id='1240' action='delete' visible='true' version='1' lat='30.71614754657' lon='103.99932082399' />
  <node id='1241' action='delete' visible='true' version='1' lat='30.71617305343' lon='103.99935037601' />
  <node id='1242' action='delete' visible='true' version='1' lat='30.716154323' lon='103.99931300122' />
  <node id='1243' action='modify' visible='true' version='1' lat='30.71617806816' lon='103.99935848622' />
  <node id='1244' action='modify' visible='true' version='1' lat='30.71615652597' lon='103.99932407323' />
  <node id='1245' action='modify' visible='true' version='1' lat='30.71618390639' lon='103.99934759028' />
  <node id='1246' action='modify' visible='true' version='1' lat='30.716160823' lon='103.9993157595' />
  <node id='1247' action='modify' visible='true' version='1' lat='30.7161884594' lon='103.99934096029' />
  <node id='1248' action='modify' visible='true' version='1' lat='30.71616409998' lon='103.99930933138' />
  <node id='1249' action='modify' visible='true' version='1' lat='30.71619135006' lon='103.99933599746' />
  <node id='1250' action='modify' visible='true' version='1' lat='30.71616684305' lon='103.99930447318' />
  <node id='1251' action='modify' visible='true' version='1' lat='30.71619451874' lon='103.99933023817' />
  <node id='1252' action='modify' visible='true' version='1' lat='30.71616860165' lon='103.99930103187' />
  <node id='1253' action='modify' visible='true' version='1' lat='30.71619746307' lon='103.99932571185' />
  <node id='1254' action='modify' visible='true' version='1' lat='30.71617032287' lon='103.99929694155' />
  <node id='1255' action='modify' visible='true' version='1' lat='30.71620076537' lon='103.99931989343' />
  <node id='1256' action='modify' visible='true' version='1' lat='30.71617270204' lon='103.99929222035' />
  <node id='1257' action='modify' visible='true' version='1' lat='30.71620309796' lon='103.9993161499' />
  <node id='1258' action='modify' visible='true' version='1' lat='30.71617481223' lon='103.99928802605' />
  <node id='1259' action='modify' visible='true' version='1' lat='30.71620696425' lon='103.99930892671' />
  <node id='1260' action='modify' visible='true' version='1' lat='30.71617691543' lon='103.99928327651' />
  <node id='1261' action='delete' visible='true' version='1' lat='30.71620969341' lon='103.99930196169' />
  <node id='1262' action='modify' visible='true' version='1' lat='30.71617864619' lon='103.99927960098' />
  <node id='1263' action='modify' visible='true' version='1' lat='30.71621158617' lon='103.99929774596' />
  <node id='1264' action='modify' visible='true' version='1' lat='30.7161798662' lon='103.99927642596' />
  <node id='1265' visible='true' version='1' lat='30.71621364556' lon='103.99929048278' />
  <node id='1266' action='delete' visible='true' version='1' lat='30.71618107251' lon='103.99927283303' />
  <node id='1267' visible='true' version='1' lat='30.71621612749' lon='103.99928276697' />
  <node id='1268' visible='true' version='1' lat='30.71618176552' lon='103.99927028986' />
  <node id='1269' visible='true' version='1' lat='30.71621763448' lon='103.99927491014' />
  <node id='1270' action='delete' visible='true' version='1' lat='30.71618222076' lon='103.9992656159' />
  <node id='1271' visible='true' version='1' lat='30.71621817924' lon='103.9992691841' />
  <node id='1272' visible='true' version='1' lat='30.71618259199' lon='103.99926334022' />
  <node id='1273' visible='true' version='1' lat='30.71621860801' lon='103.99926065978' />
  <node id='1274' action='modify' visible='true' version='1' lat='30.71618270312' lon='103.99925781355' />
  <node id='1275' action='delete' visible='true' version='1' lat='30.71621832924' lon='103.99925572173' />
  <node id='1276' action='modify' visible='true' version='1' lat='30.7161823789' lon='103.99925275123' />
  <node id='1277' visible='true' version='1' lat='30.71621810934' lon='103.99924978405' />
  <node id='1278' action='modify' visible='true' version='1' lat='30.71618205186' lon='103.99924814582' />
  <node id='1279' visible='true' version='1' lat='30.71621769226' lon='103.99924288654' />
  <node id='1280' action='delete' visible='true' version='1' lat='30.71618150633' lon='103.99924440241' />
  <node id='1281' visible='true' version='1' lat='30.71621689367' lon='103.99923619759' />
  <node id='1282' visible='true' version='1' lat='30.71618121747' lon='103.99924183062' />
  <node id='1283' visible='true' version='1' lat='30.71621538253' lon='103.99922836937' />
  <node id='1284' visible='true' version='1' lat='30.71618005444' lon='103.99923778278' />
  <node id='1285' visible='true' version='1' lat='30.71621354556' lon='103.99922221722' />
  <node id='1286' action='delete' visible='true' version='1' lat='30.71617854675' lon='103.99923341566' />
  <node id='1287' visible='true' version='1' lat='30.71621165325' lon='103.99921678434' />
  <node id='1288' visible='true' version='1' lat='30.7161776816' lon='103.99923076137' />
  <node id='1289' visible='true' version='1' lat='30.71620891839' lon='103.99920983863' />
  <node id='1290' visible='true' version='1' lat='30.71617592287' lon='103.99922717594' />
  <node id='1291' visible='true' version='1' lat='30.71620607713' lon='103.99920422406' />
  <node id='1292' visible='true' version='1' lat='30.71617360522' lon='103.99922309063' />
  <node id='1293' action='modify' visible='true' version='1' lat='30.71620325353' lon='103.99919953675' />
  <node id='1294' visible='true' version='1' lat='30.71617207678' lon='103.99922032546' />
  <node id='1295' action='modify' visible='true' version='1' lat='30.71619951134' lon='103.99919374837' />
  <node id='1299' visible='true' version='1' lat='30.71616903708' lon='103.99921613038' />
  <node id='1300' action='modify' visible='true' version='1' lat='30.71619689229' lon='103.99918975176' />
  <node id='1301' visible='true' version='1' lat='30.71616666709' lon='103.99921274613' />
  <node id='1302' visible='true' version='1' lat='30.7161935329' lon='103.99918485387' />
  <node id='1303' action='delete' visible='true' version='1' lat='30.716164623' lon='103.99920999878' />
  <node id='1304' visible='true' version='1' lat='30.716189377' lon='103.99917960121' />
  <node id='1305' action='delete' visible='true' version='1' lat='30.71616022245' lon='103.99920508831' />
  <node id='1306' action='delete' visible='true' version='1' lat='30.71618717755' lon='103.99917731168' />
  <node id='1307' visible='true' version='1' lat='30.71615757937' lon='103.99920163886' />
  <node id='1308' action='delete' visible='true' version='1' lat='30.71618382062' lon='103.99917296114' />
  <node id='1309' action='delete' visible='true' version='1' lat='30.71615102245' lon='103.99919358831' />
  <node id='1310' visible='true' version='1' lat='30.71617797755' lon='103.99916581169' />
  <node id='1311' action='delete' visible='true' version='1' lat='30.71614837937' lon='103.99919013886' />
  <node id='1312' action='delete' visible='true' version='1' lat='30.71617462062' lon='103.99916146114' />
  <node id='1313' action='delete' visible='true' version='1' lat='30.71614511998' lon='103.99918614092' />
  <node id='1314' action='delete' visible='true' version='1' lat='30.71617168002' lon='103.99915785908' />
  <node id='1315' action='delete' visible='true' version='1' lat='30.71614182245' lon='103.99918198831' />
  <node id='1316' action='delete' visible='true' version='1' lat='30.71616877755' lon='103.99915421169' />
  <node id='1317' action='delete' visible='true' version='1' lat='30.71613917937' lon='103.99917853885' />
  <node id='1318' action='delete' visible='true' version='1' lat='30.71616542062' lon='103.99914986114' />
  <node id='1319' action='delete' visible='true' version='1' lat='30.7161362775' lon='103.99917497789' />
  <node id='1320' action='delete' visible='true' version='1' lat='30.7161621225' lon='103.9991458221' />
  <node id='1321' action='delete' visible='true' version='1' lat='30.71613287937' lon='103.99917093885' />
  <node id='1322' action='delete' visible='true' version='1' lat='30.71615912062' lon='103.99914226114' />
  <node id='1323' action='delete' visible='true' version='1' lat='30.71613034446' lon='103.99916780132' />
  <node id='1324' action='delete' visible='true' version='1' lat='30.71615545554' lon='103.99913779868' />
  <node id='1325' action='delete' visible='true' version='1' lat='30.71612761302' lon='103.99916471194' />
  <node id='1326' action='delete' visible='true' version='1' lat='30.71615158697' lon='103.99913348806' />
  <node id='1327' action='delete' visible='true' version='1' lat='30.71612449354' lon='103.99916149248' />
  <node id='1328' action='delete' visible='true' version='1' lat='30.71614770646' lon='103.99912950752' />
  <node id='1329' action='delete' visible='true' version='1' lat='30.71612015431' lon='103.99915723286' />
  <node id='1330' action='delete' visible='true' version='1' lat='30.71614484568' lon='103.99912676714' />
  <node id='1331' action='delete' visible='true' version='1' lat='30.71611624657' lon='103.999152976' />
  <node id='1332' action='delete' visible='true' version='1' lat='30.71614175343' lon='103.999123424' />
  <node id='1333' action='delete' visible='true' version='1' lat='30.71611324446' lon='103.99914950131' />
  <node id='1334' action='delete' visible='true' version='1' lat='30.71613835554' lon='103.99911949868' />
  <node id='1335' action='delete' visible='true' version='1' lat='30.71610974657' lon='103.999145576' />
  <node id='1336' action='delete' visible='true' version='1' lat='30.71613525343' lon='103.999116024' />
  <node id='1337' action='delete' visible='true' version='1' lat='30.71610355492' lon='103.99913841303' />
  <node id='1338' action='delete' visible='true' version='1' lat='30.71612864508' lon='103.99910838696' />
  <node id='1339' action='delete' visible='true' version='1' lat='30.7160964775' lon='103.99913047788' />
  <node id='1340' action='delete' visible='true' version='1' lat='30.7161223225' lon='103.99910132211' />
  <node id='1341' action='delete' visible='true' version='1' lat='30.71609382846' lon='103.99912730473' />
  <node id='1342' action='delete' visible='true' version='1' lat='30.71611857154' lon='103.99909689527' />
  <node id='1343' action='delete' visible='true' version='1' lat='30.71608364445' lon='103.99911620131' />
  <node id='1344' action='delete' visible='true' version='1' lat='30.71610875554' lon='103.99908619869' />
  <node id='1345' action='delete' visible='true' version='1' lat='30.71608017279' lon='103.99911230625' />
  <node id='1346' action='delete' visible='true' version='1' lat='30.71610562721' lon='103.99908269375' />
  <node id='1347' action='delete' visible='true' version='1' lat='30.71607704445' lon='103.9991087013' />
  <node id='1348' action='delete' visible='true' version='1' lat='30.71610215554' lon='103.99907869869' />
  <node id='1349' action='delete' visible='true' version='1' lat='30.71607411982' lon='103.9991054103' />
  <node id='1350' action='delete' visible='true' version='1' lat='30.71609848018' lon='103.99907458969' />
  <node id='1351' action='delete' visible='true' version='1' lat='30.71606694445' lon='103.9990978013' />
  <node id='1352' action='delete' visible='true' version='1' lat='30.71609205554' lon='103.99906779869' />
  <node id='1353' action='delete' visible='true' version='1' lat='30.71606347279' lon='103.99909390624' />
  <node id='1354' action='delete' visible='true' version='1' lat='30.71608892721' lon='103.99906429375' />
  <node id='1355' visible='true' version='1' lat='30.71606038465' lon='103.99909034623' />
  <node id='1356' visible='true' version='1' lat='30.71608541535' lon='103.99906025377' />
  <node id='1357' action='delete' visible='true' version='1' lat='30.71605666421' lon='103.99908619635' />
  <node id='1358' action='delete' visible='true' version='1' lat='30.71608213579' lon='103.99905660364' />
  <node id='1362' action='delete' visible='true' version='1' lat='30.71604667749' lon='103.99907467787' />
  <node id='1363' action='delete' visible='true' version='1' lat='30.7160725225' lon='103.99904552213' />
  <node id='1364' action='delete' visible='true' version='1' lat='30.71604364656' lon='103.99907107598' />
  <node id='1365' action='delete' visible='true' version='1' lat='30.71606915343' lon='103.99904152401' />
  <node id='1366' action='delete' visible='true' version='1' lat='30.71604027749' lon='103.99906717787' />
  <node id='1367' action='delete' visible='true' version='1' lat='30.71606612251' lon='103.99903802213' />
  <node id='1368' action='delete' visible='true' version='1' lat='30.71603404656' lon='103.99905977598' />
  <node id='1369' action='delete' visible='true' version='1' lat='30.71605955343' lon='103.99903022402' />
  <node id='1370' action='delete' visible='true' version='1' lat='30.71602430773' lon='103.99904851368' />
  <node id='1371' action='delete' visible='true' version='1' lat='30.71605009227' lon='103.99901928631' />
  <node id='1372' action='delete' visible='true' version='1' lat='30.71602134445' lon='103.99904500129' />
  <node id='1373' action='delete' visible='true' version='1' lat='30.71604645555' lon='103.9990149987' />
  <node id='1374' action='delete' visible='true' version='1' lat='30.71601784656' lon='103.99904107598' />
  <node id='1375' action='delete' visible='true' version='1' lat='30.71604335344' lon='103.99901152402' />
  <node id='1376' action='delete' visible='true' version='1' lat='30.71601503908' lon='103.99903781628' />
  <node id='1377' action='delete' visible='true' version='1' lat='30.71603976092' lon='103.99900738371' />
  <node id='1378' action='delete' visible='true' version='1' lat='30.71601183036' lon='103.99903432144' />
  <node id='1379' action='delete' visible='true' version='1' lat='30.71603616964' lon='103.99900347856' />
  <node id='1380' action='delete' visible='true' version='1' lat='30.71600794445' lon='103.99903020129' />
  <node id='1381' action='delete' visible='true' version='1' lat='30.71603305555' lon='103.99900019871' />
  <node id='1382' action='delete' visible='true' version='1' lat='30.71600445985' lon='103.99902629133' />
  <node id='1383' action='delete' visible='true' version='1' lat='30.71602994015' lon='103.99899670867' />
  <node id='1384' action='delete' visible='true' version='1' lat='30.71599814445' lon='103.99901900129' />
  <node id='1385' action='delete' visible='true' version='1' lat='30.71602325555' lon='103.99898899871' />
  <node id='1386' action='delete' visible='true' version='1' lat='30.71599464656' lon='103.99901507597' />
  <node id='1387' action='delete' visible='true' version='1' lat='30.71602015344' lon='103.99898552402' />
  <node id='1388' action='delete' visible='true' version='1' lat='30.71599164445' lon='103.99901160128' />
  <node id='1389' action='delete' visible='true' version='1' lat='30.71601675555' lon='103.99898159871' />
  <node id='1390' action='delete' visible='true' version='1' lat='30.71598814656' lon='103.99900767597' />
  <node id='1391' action='delete' visible='true' version='1' lat='30.71601365344' lon='103.99897812403' />
  <node id='1392' action='delete' visible='true' version='1' lat='30.71598477749' lon='103.99900377786' />
  <node id='1393' action='delete' visible='true' version='1' lat='30.71601062251' lon='103.99897462214' />
  <node id='1394' action='delete' visible='true' version='1' lat='30.71598250755' lon='103.99900100628' />
  <node id='1395' action='delete' visible='true' version='1' lat='30.71600649245' lon='103.99896979372' />
  <node id='1396' action='delete' visible='true' version='1' lat='30.71597872299' lon='103.99899709874' />
  <node id='1397' action='delete' visible='true' version='1' lat='30.71600347701' lon='103.99896670126' />
  <node id='1398' action='delete' visible='true' version='1' lat='30.71597505985' lon='103.99899309132' />
  <node id='1399' action='delete' visible='true' version='1' lat='30.71600054015' lon='103.99896350868' />
  <node id='1400' action='delete' visible='true' version='1' lat='30.71596242299' lon='103.99897849874' />
  <node id='1401' action='delete' visible='true' version='1' lat='30.71598717701' lon='103.99894810126' />
  <node id='1402' action='delete' visible='true' version='1' lat='30.71595894445' lon='103.99897470128' />
  <node id='1403' action='delete' visible='true' version='1' lat='30.71598405555' lon='103.99894469872' />
  <node id='1404' action='delete' visible='true' version='1' lat='30.71595545325' lon='103.99897078369' />
  <node id='1405' action='delete' visible='true' version='1' lat='30.71598094675' lon='103.9989412163' />
  <node id='1406' action='delete' visible='true' version='1' lat='30.71594240772' lon='103.99895571366' />
  <node id='1407' action='delete' visible='true' version='1' lat='30.71596819228' lon='103.99892648633' />
  <node id='1408' action='delete' visible='true' version='1' lat='30.71593887936' lon='103.99895153881' />
  <node id='1409' action='delete' visible='true' version='1' lat='30.71596512064' lon='103.99892286119' />
  <node id='1410' action='delete' visible='true' version='1' lat='30.71593615546' lon='103.99894818624' />
  <node id='1411' action='delete' visible='true' version='1' lat='30.71596164454' lon='103.99891861375' />
  <node id='1412' action='delete' visible='true' version='1' lat='30.71592614902' lon='103.99893662371' />
  <node id='1413' action='delete' visible='true' version='1' lat='30.71595225098' lon='103.99890777628' />
  <node id='1414' action='delete' visible='true' version='1' lat='30.71592336509' lon='103.99893322438' />
  <node id='1415' action='delete' visible='true' version='1' lat='30.71594843491' lon='103.99890317562' />
  <node id='1416' action='delete' visible='true' version='1' lat='30.71592033035' lon='103.99892982142' />
  <node id='1417' action='delete' visible='true' version='1' lat='30.71594466965' lon='103.99889897858' />
  <node id='1418' visible='true' version='1' lat='30.71591645491' lon='103.99892571299' />
  <node id='1419' visible='true' version='1' lat='30.71594154509' lon='103.99889568701' />
  <node id='1420' action='delete' visible='true' version='1' lat='30.71590954656' lon='103.99891797595' />
  <node id='1421' action='delete' visible='true' version='1' lat='30.71593505344' lon='103.99888842405' />
  <node id='1425' action='delete' visible='true' version='1' lat='30.71590032298' lon='103.99890729872' />
  <node id='1426' action='delete' visible='true' version='1' lat='30.71592507702' lon='103.99887690127' />
  <node id='1427' action='delete' visible='true' version='1' lat='30.71589664656' lon='103.99890327595' />
  <node id='1428' action='delete' visible='true' version='1' lat='30.71592215344' lon='103.99887372405' />
  <node id='1429' action='delete' visible='true' version='1' lat='30.71589365145' lon='103.99889980911' />
  <node id='1430' action='delete' visible='true' version='1' lat='30.71591874855' lon='103.99886979088' />
  <node id='1431' action='delete' visible='true' version='1' lat='30.71588382298' lon='103.99888879872' />
  <node id='1432' action='delete' visible='true' version='1' lat='30.71590857702' lon='103.99885840128' />
  <node id='1433' action='delete' visible='true' version='1' lat='30.71588071981' lon='103.99888541026' />
  <node id='1434' action='delete' visible='true' version='1' lat='30.71590508019' lon='103.99885458974' />
  <node id='1435' action='delete' visible='true' version='1' lat='30.71587677277' lon='103.9988812062' />
  <node id='1436' action='delete' visible='true' version='1' lat='30.71590222723' lon='103.9988515938' />
  <node id='1437' action='delete' visible='true' version='1' lat='30.71587383907' lon='103.99887781625' />
  <node id='1438' action='delete' visible='true' version='1' lat='30.71589856092' lon='103.99884738375' />
  <node id='1439' action='delete' visible='true' version='1' lat='30.71587007277' lon='103.9988737062' />
  <node id='1440' action='delete' visible='true' version='1' lat='30.71589552723' lon='103.9988440938' />
  <node id='1441' action='delete' visible='true' version='1' lat='30.71586694444' lon='103.99887010126' />
  <node id='1442' action='delete' visible='true' version='1' lat='30.71589205556' lon='103.99884009874' />
  <node id='1443' action='delete' visible='true' version='1' lat='30.71586330772' lon='103.99886601364' />
  <node id='1444' action='delete' visible='true' version='1' lat='30.71588909228' lon='103.99883678635' />
  <node id='1445' action='delete' visible='true' version='1' lat='30.71586036508' lon='103.99886252436' />
  <node id='1446' action='delete' visible='true' version='1' lat='30.71588543492' lon='103.99883247563' />
  <node id='1447' action='delete' visible='true' version='1' lat='30.7158499976' lon='103.99885093472' />
  <node id='1448' action='delete' visible='true' version='1' lat='30.7158754024' lon='103.99882126527' />
  <node id='1449' action='delete' visible='true' version='1' lat='30.71584674444' lon='103.99884720125' />
  <node id='1450' action='delete' visible='true' version='1' lat='30.71587185556' lon='103.99881719875' />
  <node id='1451' action='delete' visible='true' version='1' lat='30.71584287936' lon='103.99884283879' />
  <node id='1452' action='delete' visible='true' version='1' lat='30.71586912064' lon='103.99881416121' />
  <node id='1453' action='delete' visible='true' version='1' lat='30.71584014655' lon='103.99883947594' />
  <node id='1454' action='delete' visible='true' version='1' lat='30.71586565345' lon='103.99880992406' />
  <node id='1455' action='delete' visible='true' version='1' lat='30.71583641996' lon='103.99883514085' />
  <node id='1456' action='delete' visible='true' version='1' lat='30.71586298004' lon='103.99880685915' />
  <node id='1457' action='delete' visible='true' version='1' lat='30.71583351512' lon='103.9988314825' />
  <node id='1458' action='delete' visible='true' version='1' lat='30.71585968488' lon='103.9988027175' />
  <node id='1459' action='delete' visible='true' version='1' lat='30.71583047748' lon='103.99882777782' />
  <node id='1460' action='delete' visible='true' version='1' lat='30.71585632252' lon='103.99879862218' />
  <node id='1461' action='delete' visible='true' version='1' lat='30.71582744655' lon='103.99882417593' />
  <node id='1462' action='delete' visible='true' version='1' lat='30.71585295345' lon='103.99879462406' />
  <node id='1463' action='delete' visible='true' version='1' lat='30.71582371996' lon='103.99881984084' />
  <node id='1464' action='delete' visible='true' version='1' lat='30.71585028004' lon='103.99879155915' />
  <node id='1465' action='delete' visible='true' version='1' lat='30.71582134444' lon='103.99881680124' />
  <node id='1466' action='delete' visible='true' version='1' lat='30.71584645556' lon='103.99878679875' />
  <node id='1467' action='delete' visible='true' version='1' lat='30.71581784655' lon='103.99881287593' />
  <node id='1468' action='delete' visible='true' version='1' lat='30.71584335345' lon='103.99878332407' />
  <node id='1469' action='delete' visible='true' version='1' lat='30.71581450771' lon='103.99880901363' />
  <node id='1470' action='delete' visible='true' version='1' lat='30.71584029229' lon='103.99877978636' />
  <node id='1471' action='delete' visible='true' version='1' lat='30.71581066707' lon='103.99880444605' />
  <node id='1472' action='delete' visible='true' version='1' lat='30.71583753293' lon='103.99877655395' />
  <node id='1473' action='delete' visible='true' version='1' lat='30.71580920251' lon='103.99880230406' />
  <node id='1474' action='delete' visible='true' version='1' lat='30.71583279749' lon='103.99877069594' />
  <node id='1475' action='delete' visible='true' version='1' lat='30.71580882589' lon='103.99880127755' />
  <node id='1476' action='delete' visible='true' version='1' lat='30.71582597411' lon='103.99876452244' />
  <node id='1477' action='delete' visible='true' version='1' lat='30.71580610426' lon='103.99879950267' />
  <node id='1478' action='delete' visible='true' version='1' lat='30.71582069574' lon='103.99876129733' />
  <node id='1479' action='delete' visible='true' version='1' lat='30.7158032057' lon='103.99879794018' />
  <node id='1480' action='delete' visible='true' version='1' lat='30.7158149943' lon='103.99875845982' />
  <node id='1481' action='modify' visible='true' version='1' lat='30.71580018173' lon='103.99879323003' />
  <node id='1482' action='modify' visible='true' version='1' lat='30.71581564781' lon='103.99875118807' />
  <node id='1483' action='delete' visible='true' version='1' lat='30.71579162922' lon='103.99879281669' />
  <node id='1484' action='delete' visible='true' version='1' lat='30.71580897077' lon='103.9987561833' />
  <node id='1488' action='delete' visible='true' version='1' lat='30.71578727614' lon='103.99879005313' />
  <node id='1489' action='delete' visible='true' version='1' lat='30.71580512386' lon='103.99875374687' />
  <node id='1490' action='delete' visible='true' version='1' lat='30.7157828369' lon='103.99878712403' />
  <node id='1491' action='delete' visible='true' version='1' lat='30.7158013631' lon='103.99875127596' />
  <node id='1492' action='delete' visible='true' version='1' lat='30.71577927614' lon='103.99878465312' />
  <node id='1493' action='delete' visible='true' version='1' lat='30.71579712386' lon='103.99874834687' />
  <node id='1494' action='delete' visible='true' version='1' lat='30.71577476143' lon='103.99878167149' />
  <node id='1495' action='delete' visible='true' version='1' lat='30.71579343857' lon='103.9987459285' />
  <node id='1496' action='delete' visible='true' version='1' lat='30.71576849908' lon='103.9987769978' />
  <node id='1497' action='delete' visible='true' version='1' lat='30.71579170092' lon='103.9987450022' />
  <node id='1498' action='delete' visible='true' version='1' lat='30.71576539644' lon='103.9987739728' />
  <node id='1499' action='delete' visible='true' version='1' lat='30.71578780356' lon='103.9987412272' />
  <node id='1500' action='delete' visible='true' version='1' lat='30.7157608198' lon='103.99876971023' />
  <node id='1501' action='delete' visible='true' version='1' lat='30.7157851802' lon='103.99873888977' />
  <node id='1502' action='delete' visible='true' version='1' lat='30.71575722297' lon='103.99876589869' />
  <node id='1503' action='delete' visible='true' version='1' lat='30.71578197703' lon='103.99873550131' />
  <node id='1504' action='delete' visible='true' version='1' lat='30.71575354655' lon='103.99876187591' />
  <node id='1505' action='delete' visible='true' version='1' lat='30.71577905345' lon='103.99873232408' />
  <node id='1506' action='delete' visible='true' version='1' lat='30.71574792181' lon='103.99875469603' />
  <node id='1507' action='delete' visible='true' version='1' lat='30.71577827819' lon='103.99873210397' />
  <node id='1508' action='delete' visible='true' version='1' lat='30.71574367815' lon='103.99874615397' />
  <node id='1509' action='delete' visible='true' version='1' lat='30.71577752185' lon='103.99873164602' />
  <node id='1510' action='delete' visible='true' version='1' lat='30.71574156596' lon='103.99873928957' />
  <node id='1511' action='delete' visible='true' version='1' lat='30.71577643404' lon='103.99872851043' />
  <node id='1512' action='delete' visible='true' version='1' lat='30.71574133677' lon='103.99873725167' />
  <node id='1513' action='delete' visible='true' version='1' lat='30.71577426323' lon='103.99872014833' />
  <node id='1514' action='delete' visible='true' version='1' lat='30.71573886475' lon='103.99873068923' />
  <node id='1515' action='delete' visible='true' version='1' lat='30.71577293525' lon='103.99871691077' />
  <node id='1516' action='delete' visible='true' version='1' lat='30.7157375082' lon='103.99872614811' />
  <node id='1517' action='delete' visible='true' version='1' lat='30.7157710918' lon='103.99871085188' />
  <node id='1518' action='delete' visible='true' version='1' lat='30.71573619457' lon='103.99872219918' />
  <node id='1519' action='delete' visible='true' version='1' lat='30.71576900543' lon='103.99870480082' />
  <node id='1520' action='delete' visible='true' version='1' lat='30.71573491221' lon='103.99871881496' />
  <node id='1521' action='delete' visible='true' version='1' lat='30.71576648779' lon='103.99869858503' />
  <node id='1522' action='delete' visible='true' version='1' lat='30.71573371563' lon='103.99871607528' />
  <node id='1523' action='delete' visible='true' version='1' lat='30.71576328437' lon='103.99869212471' />
  <node id='1524' action='delete' visible='true' version='1' lat='30.71573082285' lon='103.99871127585' />
  <node id='1525' action='delete' visible='true' version='1' lat='30.71576097715' lon='103.99868832415' />
  <node id='1526' action='delete' visible='true' version='1' lat='30.71572804472' lon='103.99870637071' />
  <node id='1527' action='delete' visible='true' version='1' lat='30.71575875528' lon='103.99868442929' />
  <node id='1528' action='delete' visible='true' version='1' lat='30.71572771996' lon='103.99870504082' />
  <node id='1529' action='delete' visible='true' version='1' lat='30.71575428004' lon='103.99867675917' />
  <node id='1530' action='delete' visible='true' version='1' lat='30.71572629907' lon='103.99870299779' />
  <node id='1531' action='delete' visible='true' version='1' lat='30.71574950093' lon='103.99867100221' />
  <node id='1532' action='delete' visible='true' version='1' lat='30.71572381872' lon='103.99870051828' />
  <node id='1533' action='delete' visible='true' version='1' lat='30.71574498128' lon='103.99866668171' />
  <node id='1534' action='delete' visible='true' version='1' lat='30.71572136143' lon='103.99869837148' />
  <node id='1535' action='delete' visible='true' version='1' lat='30.71574003857' lon='103.99866262852' />
  <node id='1536' action='delete' visible='true' version='1' lat='30.71571529142' lon='103.99869388203' />
  <node id='1537' action='delete' visible='true' version='1' lat='30.71573810857' lon='103.99866151797' />
  <node id='1538' action='delete' visible='true' version='1' lat='30.71570733033' lon='103.99868632137' />
  <node id='1539' action='delete' visible='true' version='1' lat='30.71573166966' lon='103.99865547863' />
  <node id='1540' action='delete' visible='true' version='1' lat='30.71570012297' lon='103.99867869867' />
  <node id='1541' action='delete' visible='true' version='1' lat='30.71572487703' lon='103.99864830132' />
  <node id='1542' action='delete' visible='true' version='1' lat='30.7156970198' lon='103.99867531022' />
  <node id='1543' action='delete' visible='true' version='1' lat='30.7157213802' lon='103.99864448978' />
  <node id='1544' action='modify' visible='true' version='1' lat='30.71569255517' lon='103.99866281228' />
  <node id='1545' action='modify' visible='true' version='1' lat='30.71571743317' lon='103.99863051777' />
  <node id='1546' action='delete' visible='true' version='1' lat='30.7156862077' lon='103.9986635136' />
  <node id='1547' action='delete' visible='true' version='1' lat='30.71571199229' lon='103.99863428639' />
  <node id='1551' action='delete' visible='true' version='1' lat='30.71568307276' lon='103.99865980615' />
  <node id='1552' action='delete' visible='true' version='1' lat='30.71570852724' lon='103.99863019384' />
  <node id='1553' action='delete' visible='true' version='1' lat='30.7156796077' lon='103.9986558136' />
  <node id='1554' action='delete' visible='true' version='1' lat='30.7157053923' lon='103.99862658639' />
  <node id='1555' action='delete' visible='true' version='1' lat='30.71567607934' lon='103.99865163875' />
  <node id='1556' action='delete' visible='true' version='1' lat='30.71570232065' lon='103.99862296125' />
  <node id='1557' action='delete' visible='true' version='1' lat='30.71566984617' lon='103.9986425724' />
  <node id='1558' action='delete' visible='true' version='1' lat='30.71570235383' lon='103.9986244276' />
  <node id='1559' visible='true' version='1' lat='30.7156660702' lon='103.9986295626' />
  <node id='1560' action='delete' visible='true' version='1' lat='30.7157021298' lon='103.9986278374' />
  <node id='1561' action='delete' visible='true' version='1' lat='30.71566836889' lon='103.99863373397' />
  <node id='1562' action='delete' visible='true' version='1' lat='30.71570260176' lon='103.99861347186' />
  <node id='1563' action='delete' visible='true' version='1' lat='30.71566831995' lon='103.99863274081' />
  <node id='1564' action='delete' visible='true' version='1' lat='30.71569488005' lon='103.99860445919' />
  <node id='1565' visible='true' version='1' lat='30.71566247747' lon='103.99862537778' />
  <node id='1566' visible='true' version='1' lat='30.71568832253' lon='103.99859622221' />
  <node id='1567' visible='true' version='1' lat='30.71565948534' lon='103.99862182062' />
  <node id='1568' visible='true' version='1' lat='30.71568491466' lon='103.99859217938' />
  <node id='1569' visible='true' version='1' lat='30.71565410294' lon='103.99861549289' />
  <node id='1570' visible='true' version='1' lat='30.71567689706' lon='103.99858310711' />
  <node id='1571' visible='true' version='1' lat='30.71565020249' lon='103.99861180402' />
  <node id='1572' visible='true' version='1' lat='30.7156737975' lon='103.99858019598' />
  <node id='1573' visible='true' version='1' lat='30.71564710294' lon='103.99860869288' />
  <node id='1574' visible='true' version='1' lat='30.71566989706' lon='103.99857630711' />
  <node id='1575' visible='true' version='1' lat='30.71564462486' lon='103.99860628845' />
  <node id='1576' visible='true' version='1' lat='30.71566537514' lon='103.99857211155' />
  <node id='1577' visible='true' version='1' lat='30.71563792071' lon='103.99860079997' />
  <node id='1578' visible='true' version='1' lat='30.71565707929' lon='103.99856540003' />
  <node id='1579' visible='true' version='1' lat='30.71563466393' lon='103.99859841054' />
  <node id='1580' visible='true' version='1' lat='30.71565233606' lon='103.99856198946' />
  <node id='1581' visible='true' version='1' lat='30.71563151144' lon='103.99859632766' />
  <node id='1582' visible='true' version='1' lat='30.71564748855' lon='103.99855887234' />
  <node id='1583' visible='true' version='1' lat='30.71562814373' lon='103.99859437317' />
  <node id='1584' visible='true' version='1' lat='30.71564245627' lon='103.99855602682' />
  <node id='1585' visible='true' version='1' lat='30.71562526703' lon='103.99859286453' />
  <node id='1586' visible='true' version='1' lat='30.71563693297' lon='103.99855333547' />
  <node id='1587' visible='true' version='1' lat='30.71562274855' lon='103.99859175255' />
  <node id='1588' visible='true' version='1' lat='30.71563085145' lon='103.99855104745' />
  <node id='1589' visible='true' version='1' lat='30.71562094807' lon='103.99859102706' />
  <node id='1590' visible='true' version='1' lat='30.71562365192' lon='103.99854937294' />
  <node id='1591' visible='true' version='1' lat='30.71561869366' lon='103.99859065407' />
  <node id='1592' visible='true' version='1' lat='30.71561670634' lon='103.99854894594' />
  <node id='1593' visible='true' version='1' lat='30.71561568137' lon='103.99859075389' />
  <node id='1594' visible='true' version='1' lat='30.71561031863' lon='103.99854944611' />
  <node id='1595' visible='true' version='1' lat='30.71561140773' lon='103.99859149359' />
  <node id='1596' visible='true' version='1' lat='30.71560539226' lon='103.99855030641' />
  <node id='1597' visible='true' version='1' lat='30.715608794' lon='103.99859187' />
  <node id='1598' visible='true' version='1' lat='30.71559880599' lon='103.99855173001' />
  <node id='1599' visible='true' version='1' lat='30.71560489921' lon='103.99859315488' />
  <node id='1600' visible='true' version='1' lat='30.71559370079' lon='103.99855344512' />
  <node id='1601' visible='true' version='1' lat='30.71560152863' lon='103.99859437949' />
  <node id='1602' visible='true' version='1' lat='30.71558807136' lon='103.99855562051' />
  <node id='1603' visible='true' version='1' lat='30.71559942387' lon='103.99859515308' />
  <node id='1604' visible='true' version='1' lat='30.71558157612' lon='103.99855884692' />
  <node id='1605' visible='true' version='1' lat='30.71559633339' lon='103.99859713653' />
  <node id='1606' visible='true' version='1' lat='30.71557646661' lon='103.99856226347' />
  <node id='1607' visible='true' version='1' lat='30.71559340156' lon='103.99859933074' />
  <node id='1608' visible='true' version='1' lat='30.71557179843' lon='103.99856586926' />
  <node id='1609' visible='true' version='1' lat='30.71559089248' lon='103.99860140618' />
  <node id='1610' visible='true' version='1' lat='30.71556690752' lon='103.99857019382' />
  <node id='1614' visible='true' version='1' lat='30.71558878005' lon='103.99860344079' />
  <node id='1615' visible='true' version='1' lat='30.71556221995' lon='103.99857515922' />
  <node id='1616' action='modify' visible='true' version='1' lat='30.71558467997' lon='103.99860697836' />
  <node id='1617' action='modify' visible='true' version='1' lat='30.71555766997' lon='103.99857891873' />
  <node id='1618' action='modify' visible='true' version='1' lat='30.71558038054' lon='103.99861076553' />
  <node id='1619' action='modify' visible='true' version='1' lat='30.71555389584' lon='103.99858229337' />
  <node id='1620' action='modify' visible='true' version='1' lat='30.71557574957' lon='103.9986151547' />
  <node id='1621' action='modify' visible='true' version='1' lat='30.71554955615' lon='103.99858627184' />
  <node id='1622' action='modify' visible='true' version='1' lat='30.71556769273' lon='103.99862292347' />
  <node id='1623' action='modify' visible='true' version='1' lat='30.71554602463' lon='103.99859002348' />
  <node id='1624' action='modify' visible='true' version='1' lat='30.71556023182' lon='103.99863037414' />
  <node id='1625' action='modify' visible='true' version='1' lat='30.7155390532' lon='103.99859680516' />
  <node id='1626' action='modify' visible='true' version='1' lat='30.71555191562' lon='103.99863840161' />
  <node id='1627' action='modify' visible='true' version='1' lat='30.71553247231' lon='103.99860347477' />
  <node id='1628' action='modify' visible='true' version='1' lat='30.71554529468' lon='103.99864589124' />
  <node id='1629' action='modify' visible='true' version='1' lat='30.71552661385' lon='103.99860940584' />
  <node id='1630' action='modify' visible='true' version='1' lat='30.71553650318' lon='103.9986549499' />
  <node id='1631' action='modify' visible='true' version='1' lat='30.71552080664' lon='103.99861498799' />
  <node id='1632' action='modify' visible='true' version='1' lat='30.71553165243' lon='103.99865959984' />
  <node id='1633' action='modify' visible='true' version='1' lat='30.71551571026' lon='103.99862051735' />
  <node id='2280' action='delete' visible='true' version='1' lat='30.71614359211' lon='103.99791714131' />
  <node id='2281' action='delete' visible='true' version='1' lat='30.71617860789' lon='103.99792725869' />
  <node id='2285' action='delete' visible='true' version='1' lat='30.71614443426' lon='103.99791343856' />
  <node id='2286' action='delete' visible='true' version='1' lat='30.71617996574' lon='103.99792076144' />
  <node id='2287' action='delete' visible='true' version='1' lat='30.71614674619' lon='103.99790282752' />
  <node id='2288' action='delete' visible='true' version='1' lat='30.71617925381' lon='103.99792097248' />
  <node id='2289' action='delete' visible='true' version='1' lat='30.71614890113' lon='103.9978976647' />
  <node id='2290' action='delete' visible='true' version='1' lat='30.71618109887' lon='103.9979165353' />
  <node id='2291' action='delete' visible='true' version='1' lat='30.71615084619' lon='103.99789322752' />
  <node id='2292' action='delete' visible='true' version='1' lat='30.71618335381' lon='103.99791137248' />
  <node id='2293' action='delete' visible='true' version='1' lat='30.71615468926' lon='103.99788492935' />
  <node id='2294' action='delete' visible='true' version='1' lat='30.71618351073' lon='103.99791007065' />
  <node id='2295' action='delete' visible='true' version='1' lat='30.7161595391' lon='103.99787798369' />
  <node id='2296' action='delete' visible='true' version='1' lat='30.7161842609' lon='103.99790841632' />
  <node id='2297' action='delete' visible='true' version='1' lat='30.71615985282' lon='103.99787870346' />
  <node id='2298' action='delete' visible='true' version='1' lat='30.71619074718' lon='103.99790029654' />
  <node id='2299' action='delete' visible='true' version='1' lat='30.71616208161' lon='103.99787443863' />
  <node id='2300' action='delete' visible='true' version='1' lat='30.71619331839' lon='103.99789536137' />
  <node id='2301' action='delete' visible='true' version='1' lat='30.71616455282' lon='103.99786950346' />
  <node id='2302' action='delete' visible='true' version='1' lat='30.71619544718' lon='103.99789109655' />
  <node id='2303' action='delete' visible='true' version='1' lat='30.71616704474' lon='103.99786472921' />
  <node id='2304' action='delete' visible='true' version='1' lat='30.71619775526' lon='103.9978866708' />
  <node id='2305' action='delete' visible='true' version='1' lat='30.71616969913' lon='103.99785976596' />
  <node id='2306' action='delete' visible='true' version='1' lat='30.71619990087' lon='103.99788263404' />
  <node id='2307' action='delete' visible='true' version='1' lat='30.71617324325' lon='103.9978536485' />
  <node id='2308' action='delete' visible='true' version='1' lat='30.71620155675' lon='103.9978795515' />
  <node id='2309' action='delete' visible='true' version='1' lat='30.71617707938' lon='103.99784816114' />
  <node id='2310' action='delete' visible='true' version='1' lat='30.71620332062' lon='103.99787683886' />
  <node id='2311' action='delete' visible='true' version='1' lat='30.71618111983' lon='103.99784328967' />
  <node id='2312' action='delete' visible='true' version='1' lat='30.71620548016' lon='103.99787411033' />
  <node id='2313' action='delete' visible='true' version='1' lat='30.71618509911' lon='103.99783910211' />
  <node id='2314' action='delete' visible='true' version='1' lat='30.71620830089' lon='103.99787109789' />
  <node id='2315' visible='true' version='1' lat='30.71618707938' lon='103.99783736114' />
  <node id='2316' visible='true' version='1' lat='30.71621332062' lon='103.99786603887' />
  <node id='2317' visible='true' version='1' lat='30.71618982246' lon='103.99783401168' />
  <node id='2318' visible='true' version='1' lat='30.71621677754' lon='103.99786178832' />
  <node id='2319' visible='true' version='1' lat='30.71619340774' lon='103.99782938628' />
  <node id='2320' visible='true' version='1' lat='30.71621919226' lon='103.99785861372' />
  <node id='2321' visible='true' version='1' lat='30.7161968728' lon='103.99782529373' />
  <node id='2322' visible='true' version='1' lat='30.7162223272' lon='103.99785490627' />
  <node id='2323' visible='true' version='1' lat='30.71620036511' lon='103.99782127556' />
  <node id='2324' visible='true' version='1' lat='30.71622543489' lon='103.99785132444' />
  <node id='2325' visible='true' version='1' lat='30.71620413037' lon='103.99781707852' />
  <node id='2326' visible='true' version='1' lat='30.71622846963' lon='103.99784792148' />
  <node id='2327' visible='true' version='1' lat='30.7162074391' lon='103.99781358368' />
  <node id='2328' visible='true' version='1' lat='30.7162321609' lon='103.99784401633' />
  <node id='2329' visible='true' version='1' lat='30.71621406511' lon='103.99780637556' />
  <node id='2330' visible='true' version='1' lat='30.71623913489' lon='103.99783642445' />
  <node id='2331' visible='true' version='1' lat='30.71621783037' lon='103.99780217852' />
  <node id='2332' visible='true' version='1' lat='30.71624216962' lon='103.99783302149' />
  <node id='2333' visible='true' version='1' lat='30.7162211391' lon='103.99779868367' />
  <node id='2334' visible='true' version='1' lat='30.7162458609' lon='103.99782911633' />
  <node id='2335' visible='true' version='1' lat='30.7162241728' lon='103.99779539373' />
  <node id='2336' visible='true' version='1' lat='30.7162496272' lon='103.99782500628' />
  <node id='2337' visible='true' version='1' lat='30.71622711515' lon='103.99779201742' />
  <node id='2338' visible='true' version='1' lat='30.71625328485' lon='103.99782078259' />
  <node id='2339' visible='true' version='1' lat='30.7162338728' lon='103.99778379372' />
  <node id='2340' visible='true' version='1' lat='30.7162593272' lon='103.99781340628' />
  <node id='2341' visible='true' version='1' lat='30.71623700774' lon='103.99778018627' />
  <node id='2342' visible='true' version='1' lat='30.71626279225' lon='103.99780941373' />
  <node id='2343' visible='true' version='1' lat='30.7162437728' lon='103.99777219372' />
  <node id='2344' visible='true' version='1' lat='30.7162692272' lon='103.99780180628' />
  <node id='2348' visible='true' version='1' lat='30.71624726511' lon='103.99776817555' />
  <node id='2349' visible='true' version='1' lat='30.71627233488' lon='103.99779822445' />
  <node id='2350' visible='true' version='1' lat='30.71625030775' lon='103.99776478627' />
  <node id='2351' visible='true' version='1' lat='30.71627609225' lon='103.99779401373' />
  <node id='2352' visible='true' version='1' lat='30.71625325922' lon='103.99776130987' />
  <node id='2353' visible='true' version='1' lat='30.71627974078' lon='103.99778969014' />
  <node id='2354' visible='true' version='1' lat='30.71625679283' lon='103.99775690391' />
  <node id='2355' visible='true' version='1' lat='30.71628260716' lon='103.99778609609' />
  <node id='2356' visible='true' version='1' lat='30.71626365494' lon='103.99774878693' />
  <node id='2357' visible='true' version='1' lat='30.71628874506' lon='103.99777881307' />
  <node id='2358' visible='true' version='1' lat='30.71626981515' lon='103.99774191741' />
  <node id='2359' visible='true' version='1' lat='30.71629598485' lon='103.9977706826' />
  <node id='2360' visible='true' version='1' lat='30.7162733728' lon='103.99773759371' />
  <node id='2361' visible='true' version='1' lat='30.71629882719' lon='103.99776720629' />
  <node id='2362' visible='true' version='1' lat='30.71628033911' lon='103.99772958366' />
  <node id='2363' visible='true' version='1' lat='30.71630506089' lon='103.99776001634' />
  <node id='2364' visible='true' version='1' lat='30.71628337281' lon='103.99772629371' />
  <node id='2365' visible='true' version='1' lat='30.71630882719' lon='103.99775590629' />
  <node id='2366' visible='true' version='1' lat='30.71628686512' lon='103.99772227554' />
  <node id='2367' visible='true' version='1' lat='30.71631193488' lon='103.99775232446' />
  <node id='2368' visible='true' version='1' lat='30.71629004659' lon='103.99771872396' />
  <node id='2369' visible='true' version='1' lat='30.71631555341' lon='103.99774827604' />
  <node id='2370' visible='true' version='1' lat='30.71629362301' lon='103.99771460119' />
  <node id='2371' visible='true' version='1' lat='30.71631837698' lon='103.99774499881' />
  <node id='2372' visible='true' version='1' lat='30.71629676512' lon='103.99771117554' />
  <node id='2373' visible='true' version='1' lat='30.71632183488' lon='103.99774122446' />
  <node id='2374' visible='true' version='1' lat='30.71629943987' lon='103.99770823409' />
  <node id='2375' visible='true' version='1' lat='30.71632596013' lon='103.99773656592' />
  <node id='2376' visible='true' version='1' lat='30.71630591515' lon='103.9977001174' />
  <node id='2377' visible='true' version='1' lat='30.71633208485' lon='103.9977288826' />
  <node id='2378' visible='true' version='1' lat='30.71630930775' lon='103.99769598626' />
  <node id='2379' visible='true' version='1' lat='30.71633509225' lon='103.99772521375' />
  <node id='2380' visible='true' version='1' lat='30.71631294448' lon='103.99769169864' />
  <node id='2381' visible='true' version='1' lat='30.71633805552' lon='103.99772170136' />
  <node id='2382' visible='true' version='1' lat='30.71631571515' lon='103.9976886174' />
  <node id='2383' visible='true' version='1' lat='30.71634188485' lon='103.99771738261' />
  <node id='2384' visible='true' version='1' lat='30.71631910775' lon='103.99768448625' />
  <node id='2385' visible='true' version='1' lat='30.71634489225' lon='103.99771371375' />
  <node id='2386' visible='true' version='1' lat='30.71632257281' lon='103.9976803937' />
  <node id='2387' visible='true' version='1' lat='30.71634802719' lon='103.9977100063' />
  <node id='2388' visible='true' version='1' lat='30.71632900775' lon='103.99767298625' />
  <node id='2389' visible='true' version='1' lat='30.71635479225' lon='103.99770221375' />
  <node id='2390' visible='true' version='1' lat='30.71633247281' lon='103.9976688937' />
  <node id='2391' visible='true' version='1' lat='30.71635792719' lon='103.9976985063' />
  <node id='2392' visible='true' version='1' lat='30.71634603911' lon='103.99765328364' />
  <node id='2393' visible='true' version='1' lat='30.71637076089' lon='103.99768371636' />
  <node id='2394' visible='true' version='1' lat='30.71634907281' lon='103.9976499937' />
  <node id='2395' visible='true' version='1' lat='30.71637452719' lon='103.99767960631' />
  <node id='2396' visible='true' version='1' lat='30.71635254448' lon='103.99764599864' />
  <node id='2397' visible='true' version='1' lat='30.71637765552' lon='103.99767600137' />
  <node id='2398' visible='true' version='1' lat='30.71635567281' lon='103.9976424937' />
  <node id='2399' visible='true' version='1' lat='30.71638112719' lon='103.99767210631' />
  <node id='2400' visible='true' version='1' lat='30.71635915494' lon='103.99763848691' />
  <node id='2401' visible='true' version='1' lat='30.71638424506' lon='103.99766851309' />
  <node id='2402' visible='true' version='1' lat='30.71636567281' lon='103.99763119369' />
  <node id='2403' visible='true' version='1' lat='30.71639112719' lon='103.99766080631' />
  <node id='2404' visible='true' version='1' lat='30.71636879786' lon='103.99762759795' />
  <node id='2405' visible='true' version='1' lat='30.71639460214' lon='103.99765680206' />
  <node id='2406' visible='true' version='1' lat='30.71637877281' lon='103.99761579369' />
  <node id='2407' visible='true' version='1' lat='30.71640422719' lon='103.99764540631' />
  <node id='2411' visible='true' version='1' lat='30.71638189284' lon='103.99761220388' />
  <node id='2412' visible='true' version='1' lat='30.71640770716' lon='103.99764139612' />
  <node id='2413' visible='true' version='1' lat='30.71638821516' lon='103.99760471738' />
  <node id='2414' visible='true' version='1' lat='30.71641438484' lon='103.99763348262' />
  <node id='2415' visible='true' version='1' lat='30.71639174659' lon='103.99760042394' />
  <node id='2416' visible='true' version='1' lat='30.7164172534' lon='103.99762997606' />
  <node id='2417' visible='true' version='1' lat='30.71639516512' lon='103.99759647552' />
  <node id='2418' visible='true' version='1' lat='30.71642023487' lon='103.99762652449' />
  <node id='2419' visible='true' version='1' lat='30.71639834659' lon='103.99759292394' />
  <node id='2420' visible='true' version='1' lat='30.7164238534' lon='103.99762247606' />
  <node id='2421' visible='true' version='1' lat='30.7164011794' lon='103.99758966109' />
  <node id='2422' visible='true' version='1' lat='30.7164274206' lon='103.99761833891' />
  <node id='2423' visible='true' version='1' lat='30.71640464659' lon='103.99758542394' />
  <node id='2424' visible='true' version='1' lat='30.7164301534' lon='103.99761497607' />
  <node id='2425' visible='true' version='1' lat='30.71641071516' lon='103.99757841738' />
  <node id='2426' visible='true' version='1' lat='30.71643688484' lon='103.99760718263' />
  <node id='2427' visible='true' version='1' lat='30.71641426424' lon='103.99757410357' />
  <node id='2428' visible='true' version='1' lat='30.71643973576' lon='103.99760369644' />
  <node id='2429' visible='true' version='1' lat='30.71642371516' lon='103.99756321737' />
  <node id='2430' visible='true' version='1' lat='30.71644988484' lon='103.99759198263' />
  <node id='2431' visible='true' version='1' lat='30.71642972248' lon='103.99755591163' />
  <node id='2432' visible='true' version='1' lat='30.71645667752' lon='103.99758368837' />
  <node id='2433' visible='true' version='1' lat='30.7164334466' lon='103.99755112393' />
  <node id='2434' visible='true' version='1' lat='30.7164589534' lon='103.99758067607' />
  <node id='2435' visible='true' version='1' lat='30.71643647753' lon='103.99754762204' />
  <node id='2436' visible='true' version='1' lat='30.71646232247' lon='103.99757677796' />
  <node id='2437' visible='true' version='1' lat='30.7164394794' lon='103.99754406108' />
  <node id='2438' visible='true' version='1' lat='30.7164657206' lon='103.99757273892' />
  <node id='2439' visible='true' version='1' lat='30.71644277753' lon='103.99754002204' />
  <node id='2440' visible='true' version='1' lat='30.71646862247' lon='103.99756917796' />
  <node id='2441' visible='true' version='1' lat='30.71644617282' lon='103.99753599367' />
  <node id='2442' visible='true' version='1' lat='30.71647162718' lon='103.99756560633' />
  <node id='2443' visible='true' version='1' lat='30.71644927753' lon='103.99753242204' />
  <node id='2444' visible='true' version='1' lat='30.71647512247' lon='103.99756157796' />
  <node id='2445' visible='true' version='1' lat='30.71645215923' lon='103.99752900982' />
  <node id='2446' visible='true' version='1' lat='30.71647864076' lon='103.99755739018' />
  <node id='2447' visible='true' version='1' lat='30.71645549154' lon='103.99752484621' />
  <node id='2448' visible='true' version='1' lat='30.71648170846' lon='103.99755355379' />
  <node id='2449' visible='true' version='1' lat='30.7164652466' lon='103.99751292392' />
  <node id='2450' visible='true' version='1' lat='30.7164907534' lon='103.99754247608' />
  <node id='2451' visible='true' version='1' lat='30.71646827753' lon='103.99750942204' />
  <node id='2452' visible='true' version='1' lat='30.71649412247' lon='103.99753857797' />
  <node id='2453' visible='true' version='1' lat='30.7164716466' lon='103.99750542392' />
  <node id='2454' visible='true' version='1' lat='30.7164971534' lon='103.99753497608' />
  <node id='2455' visible='true' version='1' lat='30.71647467753' lon='103.99750192204' />
  <node id='2456' visible='true' version='1' lat='30.71650052247' lon='103.99753107797' />
  <node id='2457' visible='true' version='1' lat='30.71647824449' lon='103.99749769861' />
  <node id='2458' visible='true' version='1' lat='30.71650335551' lon='103.9975277014' />
  <node id='2459' visible='true' version='1' lat='30.7164813466' lon='103.99749422392' />
  <node id='2460' visible='true' version='1' lat='30.7165068534' lon='103.99752377608' />
  <node id='2461' visible='true' version='1' lat='30.71649079285' lon='103.99748330386' />
  <node id='2462' visible='true' version='1' lat='30.71651660715' lon='103.99751249614' />
  <node id='2463' visible='true' version='1' lat='30.71649747282' lon='103.99747539366' />
  <node id='2464' visible='true' version='1' lat='30.71652292718' lon='103.99750500634' />
  <node id='2465' visible='true' version='1' lat='30.71650060776' lon='103.99747178621' />
  <node id='2466' visible='true' version='1' lat='30.71652639224' lon='103.99750101379' />
  <node id='2467' visible='true' version='1' lat='30.71650407282' lon='103.99746769366' />
  <node id='2468' visible='true' version='1' lat='30.71652952718' lon='103.99749730634' />
  <node id='2469' visible='true' version='1' lat='30.71650791986' lon='103.9974632896' />
  <node id='2470' visible='true' version='1' lat='30.71653228014' lon='103.9974941104' />
  <node id='2474' visible='true' version='1' lat='30.71651077282' lon='103.99746029366' />
  <node id='2475' visible='true' version='1' lat='30.71653622718' lon='103.99748990634' />
  <node id='2476' visible='true' version='1' lat='30.71651442303' lon='103.99745610114' />
  <node id='2477' visible='true' version='1' lat='30.71653917697' lon='103.99748649886' />
  <node id='2478' visible='true' version='1' lat='30.71651756513' lon='103.99745267549' />
  <node id='2479' visible='true' version='1' lat='30.71654263486' lon='103.99748272451' />
  <node id='2480' visible='true' version='1' lat='30.71652077282' lon='103.99744909366' />
  <node id='2481' visible='true' version='1' lat='30.71654622718' lon='103.99747870635' />
  <node id='2482' visible='true' version='1' lat='30.71652424449' lon='103.9974450986' />
  <node id='2483' visible='true' version='1' lat='30.71654935551' lon='103.99747510141' />
  <node id='2484' visible='true' version='1' lat='30.71652737282' lon='103.99744159366' />
  <node id='2485' visible='true' version='1' lat='30.71655282718' lon='103.99747120635' />
  <node id='2486' visible='true' version='1' lat='30.71653084449' lon='103.9974375986' />
  <node id='2487' visible='true' version='1' lat='30.71655595551' lon='103.99746760141' />
  <node id='2488' visible='true' version='1' lat='30.7165339466' lon='103.99743412391' />
  <node id='2489' visible='true' version='1' lat='30.71655945339' lon='103.99746367609' />
  <node id='2490' visible='true' version='1' lat='30.71653997941' lon='103.99742716106' />
  <node id='2491' visible='true' version='1' lat='30.71656622059' lon='103.99745583894' />
  <node id='2492' visible='true' version='1' lat='30.7165434599' lon='103.99742290855' />
  <node id='2493' visible='true' version='1' lat='30.7165689401' lon='103.99745249145' />
  <node id='2494' visible='true' version='1' lat='30.71655016008' lon='103.99741518113' />
  <node id='2495' visible='true' version='1' lat='30.71657523992' lon='103.99744521887' />
  <node id='2496' visible='true' version='1' lat='30.71656382303' lon='103.99739990113' />
  <node id='2497' visible='true' version='1' lat='30.71658857696' lon='103.99743029888' />
  <node id='2498' visible='true' version='1' lat='30.71656696514' lon='103.99739647548' />
  <node id='2499' visible='true' version='1' lat='30.71659203486' lon='103.99742652453' />
  <node id='2500' visible='true' version='1' lat='30.71657393913' lon='103.99738868359' />
  <node id='2501' visible='true' version='1' lat='30.71659866087' lon='103.99741911641' />
  <node id='2502' visible='true' version='1' lat='30.71657751986' lon='103.99738478958' />
  <node id='2503' visible='true' version='1' lat='30.71660188013' lon='103.99741561042' />
  <node id='2504' visible='true' version='1' lat='30.71658450759' lon='103.99737739359' />
  <node id='2505' visible='true' version='1' lat='30.7166084924' lon='103.99740860642' />
  <node id='2506' visible='true' version='1' lat='30.71658810257' lon='103.99737369576' />
  <node id='2507' visible='true' version='1' lat='30.71661169743' lon='103.99740530424' />
  <node id='2508' visible='true' version='1' lat='30.71659909149' lon='103.99736271777' />
  <node id='2509' visible='true' version='1' lat='30.71662190851' lon='103.99739508224' />
  <node id='2510' visible='true' version='1' lat='30.71660434628' lon='103.99735792794' />
  <node id='2511' visible='true' version='1' lat='30.71662385371' lon='103.99739307207' />
  <node id='2512' visible='true' version='1' lat='30.71660764651' lon='103.99735549381' />
  <node id='2513' visible='true' version='1' lat='30.71662835349' lon='103.99738970619' />
  <node id='2514' visible='true' version='1' lat='30.71661111879' lon='103.99735268151' />
  <node id='2515' visible='true' version='1' lat='30.71663228121' lon='103.99738651849' />
  <node id='2516' visible='true' version='1' lat='30.71661630921' lon='103.99734845803' />
  <node id='2517' visible='true' version='1' lat='30.71663449079' lon='103.99738454198' />
  <node id='2518' visible='true' version='1' lat='30.71662296409' lon='103.99734428758' />
  <node id='2519' visible='true' version='1' lat='30.71663583591' lon='103.99738331242' />
  <node id='2520' visible='true' version='1' lat='30.71663290151' lon='103.99733996502' />
  <node id='2521' visible='true' version='1' lat='30.71664309848' lon='103.99738003498' />
  <node id='2522' visible='true' version='1' lat='30.71663834859' lon='103.99733814724' />
  <node id='2523' visible='true' version='1' lat='30.7166464514' lon='103.99737885277' />
  <node id='2524' visible='true' version='1' lat='30.71664261965' lon='103.99733701011' />
  <node id='2525' visible='true' version='1' lat='30.71665118034' lon='103.99737758989' />
  <node id='2526' visible='true' version='1' lat='30.716646201' lon='103.99733603484' />
  <node id='2527' visible='true' version='1' lat='30.716656799' lon='103.99737596516' />
  <node id='2528' visible='true' version='1' lat='30.71665364773' lon='103.99733369224' />
  <node id='2529' visible='true' version='1' lat='30.71665835227' lon='103.99737510776' />
  <node id='2530' visible='true' version='1' lat='30.71665891277' lon='103.99733290552' />
  <node id='2531' visible='true' version='1' lat='30.71666228723' lon='103.99737449448' />
  <node id='2532' visible='true' version='1' lat='30.71666418482' lon='103.9973323471' />
  <node id='2533' visible='true' version='1' lat='30.71666621518' lon='103.9973740529' />
  <node id='2537' visible='true' version='1' lat='30.71666807562' lon='103.99733210961' />
  <node id='2538' visible='true' version='1' lat='30.71667152438' lon='103.9973736904' />
  <node id='2539' visible='true' version='1' lat='30.71667396113' lon='103.99733151771' />
  <node id='2540' visible='true' version='1' lat='30.71667463887' lon='103.99737328229' />
  <node id='2541' visible='true' version='1' lat='30.71667822262' lon='103.99733142874' />
  <node id='2542' visible='true' version='1' lat='30.71667957738' lon='103.99737317126' />
  <node id='2543' visible='true' version='1' lat='30.71668518723' lon='103.99733130552' />
  <node id='2544' visible='true' version='1' lat='30.71668181277' lon='103.99737289448' />
  <node id='2545' visible='true' version='1' lat='30.71668945191' lon='103.99733177272' />
  <node id='2546' visible='true' version='1' lat='30.71668674809' lon='103.99737342728' />
  <node id='2547' visible='true' version='1' lat='30.71669337011' lon='103.99733212843' />
  <node id='2548' visible='true' version='1' lat='30.71669202989' lon='103.99737387157' />
  <node id='2549' visible='true' version='1' lat='30.71670435227' lon='103.99733269223' />
  <node id='2550' visible='true' version='1' lat='30.71669964773' lon='103.99737410777' />
  <node id='2551' visible='true' version='1' lat='30.71670933957' lon='103.99733345611' />
  <node id='2552' visible='true' version='1' lat='30.71670386043' lon='103.99737474388' />
  <node id='2553' visible='true' version='1' lat='30.71671482883' lon='103.99733446479' />
  <node id='2554' visible='true' version='1' lat='30.71670737117' lon='103.99737533521' />
  <node id='2555' visible='true' version='1' lat='30.71671925112' lon='103.997335546' />
  <node id='2556' visible='true' version='1' lat='30.71671194888' lon='103.997376454' />
  <node id='2557' visible='true' version='1' lat='30.71672360247' lon='103.99733658865' />
  <node id='2558' visible='true' version='1' lat='30.71671679753' lon='103.99737761135' />
  <node id='2559' visible='true' version='1' lat='30.7167293842' lon='103.99733792996' />
  <node id='2560' visible='true' version='1' lat='30.7167200158' lon='103.99737827004' />
  <node id='2561' visible='true' version='1' lat='30.71673533731' lon='103.9973398591' />
  <node id='2562' visible='true' version='1' lat='30.71672306269' lon='103.9973791409' />
  <node id='2563' visible='true' version='1' lat='30.71673933291' lon='103.99734153523' />
  <node id='2564' visible='true' version='1' lat='30.71672766709' lon='103.99738106477' />
  <node id='2565' visible='true' version='1' lat='30.71674410769' lon='103.99734343154' />
  <node id='2566' visible='true' version='1' lat='30.71673149231' lon='103.99738256846' />
  <node id='2567' visible='true' version='1' lat='30.71674978982' lon='103.99734595127' />
  <node id='2568' visible='true' version='1' lat='30.71673461018' lon='103.99738384873' />
  <node id='2569' visible='true' version='1' lat='30.71675539078' lon='103.99734905799' />
  <node id='2570' visible='true' version='1' lat='30.71673720922' lon='103.997385142' />
  <node id='2571' visible='true' version='1' lat='30.71675828847' lon='103.99735107209' />
  <node id='2572' visible='true' version='1' lat='30.71674231152' lon='103.99738852791' />
  <node id='2573' visible='true' version='1' lat='30.71676376302' lon='103.99735427574' />
  <node id='2574' visible='true' version='1' lat='30.71674523697' lon='103.99739012425' />
  <node id='2575' visible='true' version='1' lat='30.71676732379' lon='103.99735674665' />
  <node id='2576' visible='true' version='1' lat='30.71674947621' lon='103.99739305335' />
  <node id='2577' visible='true' version='1' lat='30.71677133598' lon='103.9973593892' />
  <node id='2578' visible='true' version='1' lat='30.71675366402' lon='103.99739581079' />
  <node id='2579' visible='true' version='1' lat='30.71677685348' lon='103.99736309377' />
  <node id='2580' visible='true' version='1' lat='30.71675614652' lon='103.99739730622' />
  <node id='2581' visible='true' version='1' lat='30.71677946302' lon='103.99736527574' />
  <node id='2582' visible='true' version='1' lat='30.71676093697' lon='103.99740112426' />
  <node id='2583' visible='true' version='1' lat='30.71678431561' lon='103.99736868309' />
  <node id='2584' visible='true' version='1' lat='30.71676388438' lon='103.9974031169' />
  <node id='2585' visible='true' version='1' lat='30.71678979742' lon='103.99737319572' />
  <node id='2586' visible='true' version='1' lat='30.71676620258' lon='103.99740480428' />
  <node id='2587' visible='true' version='1' lat='30.71679415549' lon='103.99737759854' />
  <node id='2588' visible='true' version='1' lat='30.71676904451' lon='103.99740760146' />
  <node id='2589' visible='true' version='1' lat='30.71679629697' lon='103.99738010685' />
  <node id='2590' visible='true' version='1' lat='30.71677350303' lon='103.99741249315' />
  <node id='2591' visible='true' version='1' lat='30.71679939115' lon='103.9973830353' />
  <node id='2592' visible='true' version='1' lat='30.71677740884' lon='103.9974161647' />
  <node id='2593' visible='true' version='1' lat='30.71680620494' lon='103.99738910139' />
  <node id='2594' visible='true' version='1' lat='30.71678499506' lon='103.9974228986' />
  <node id='2595' visible='true' version='1' lat='30.71681789115' lon='103.99739893529' />
  <node id='2596' visible='true' version='1' lat='30.71679590885' lon='103.9974320647' />
  <node id='2600' visible='true' version='1' lat='30.71682589742' lon='103.99740609571' />
  <node id='2601' visible='true' version='1' lat='30.71680230258' lon='103.99743770428' />
  <node id='2602' visible='true' version='1' lat='30.71682920084' lon='103.99740940196' />
  <node id='2603' visible='true' version='1' lat='30.71680599916' lon='103.99744139803' />
  <node id='2604' visible='true' version='1' lat='30.71683580348' lon='103.99741582695' />
  <node id='2605' visible='true' version='1' lat='30.71681339652' lon='103.99744857304' />
  <node id='2606' visible='true' version='1' lat='30.71683919115' lon='103.99741893529' />
  <node id='2607' visible='true' version='1' lat='30.71681720885' lon='103.99745206471' />
  <node id='2608' visible='true' version='1' lat='30.71684319697' lon='103.99742250684' />
  <node id='2609' visible='true' version='1' lat='30.71682040303' lon='103.99745489316' />
  <node id='2610' visible='true' version='1' lat='30.71685352037' lon='103.99743224245' />
  <node id='2611' visible='true' version='1' lat='30.71683107963' lon='103.99746495754' />
  <node id='2612' visible='true' version='1' lat='30.71685740281' lon='103.99743581235' />
  <node id='2613' visible='true' version='1' lat='30.71683459719' lon='103.99746818765' />
  <node id='2614' visible='true' version='1' lat='30.7168647064' lon='103.99744270735' />
  <node id='2615' visible='true' version='1' lat='30.7168414936' lon='103.99747469264' />
  <node id='2616' visible='true' version='1' lat='30.71686790347' lon='103.99744582695' />
  <node id='2617' visible='true' version='1' lat='30.71684549652' lon='103.99747857305' />
  <node id='2618' visible='true' version='1' lat='30.71687169893' lon='103.99744930869' />
  <node id='2619' visible='true' version='1' lat='30.71684890107' lon='103.99748169131' />
  <node id='2620' visible='true' version='1' lat='30.71689300084' lon='103.99746940195' />
  <node id='2621' visible='true' version='1' lat='30.71686979916' lon='103.99750139805' />
  <node id='2622' visible='true' version='1' lat='30.71689629696' lon='103.99747260683' />
  <node id='2623' visible='true' version='1' lat='30.71687350304' lon='103.99750499317' />
  <node id='2624' visible='true' version='1' lat='30.71690719741' lon='103.99748289569' />
  <node id='2625' visible='true' version='1' lat='30.71688360259' lon='103.9975145043' />
  <node id='2626' visible='true' version='1' lat='30.71691050084' lon='103.99748620194' />
  <node id='2627' visible='true' version='1' lat='30.71688729916' lon='103.99751819805' />
  <node id='2628' visible='true' version='1' lat='30.71691380848' lon='103.9974894177' />
  <node id='2629' visible='true' version='1' lat='30.71689099151' lon='103.9975217823' />
  <node id='2630' visible='true' version='1' lat='30.71691760639' lon='103.99749300734' />
  <node id='2631' visible='true' version='1' lat='30.7168943936' lon='103.99752499265' />
  <node id='2632' visible='true' version='1' lat='30.71692139741' lon='103.99749669569' />
  <node id='2633' visible='true' version='1' lat='30.71689780259' lon='103.99752830431' />
  <node id='2634' visible='true' version='1' lat='30.71692470639' lon='103.99750000734' />
  <node id='2635' visible='true' version='1' lat='30.7169014936' lon='103.99753199266' />
  <node id='2636' visible='true' version='1' lat='30.71692849741' lon='103.99750369569' />
  <node id='2637' visible='true' version='1' lat='30.71690490259' lon='103.99753530431' />
  <node id='2638' visible='true' version='1' lat='30.71693530083' lon='103.99751050194' />
  <node id='2639' visible='true' version='1' lat='30.71691209916' lon='103.99754249806' />
  <node id='2640' visible='true' version='1' lat='30.71693919238' lon='103.9975142935' />
  <node id='2641' visible='true' version='1' lat='30.71691520762' lon='103.99754550649' />
  <node id='2642' visible='true' version='1' lat='30.71695298011' lon='103.9975284895' />
  <node id='2643' visible='true' version='1' lat='30.71692861989' lon='103.9975593105' />
  <node id='2644' visible='true' version='1' lat='30.71695656085' lon='103.99753228351' />
  <node id='2645' visible='true' version='1' lat='30.71693183915' lon='103.99756271649' />
  <node id='2646' visible='true' version='1' lat='30.71696013484' lon='103.99753617539' />
  <node id='2647' visible='true' version='1' lat='30.71693506516' lon='103.99756622461' />
  <node id='2648' visible='true' version='1' lat='30.7169640848' lon='103.99754061725' />
  <node id='2649' visible='true' version='1' lat='30.7169379152' lon='103.99756938274' />
  <node id='2650' visible='true' version='1' lat='30.71697349221' lon='103.99755208611' />
  <node id='2651' visible='true' version='1' lat='30.71694770779' lon='103.99758131389' />
  <node id='2652' visible='true' version='1' lat='30.71697643483' lon='103.99755557539' />
  <node id='2653' visible='true' version='1' lat='30.71695136516' lon='103.99758562461' />
  <node id='2654' visible='true' version='1' lat='30.71698004007' lon='103.99755960846' />
  <node id='2655' visible='true' version='1' lat='30.71695455992' lon='103.99758919154' />
  <node id='2656' visible='true' version='1' lat='30.71699322244' lon='103.99757482192' />
  <node id='2657' visible='true' version='1' lat='30.71696737756' lon='103.99760397808' />
  <node id='2658' visible='true' version='1' lat='30.71699623572' lon='103.99757840344' />
  <node id='2659' visible='true' version='1' lat='30.71697076427' lon='103.99760799656' />
  <node id='2663' visible='true' version='1' lat='30.71700566878' lon='103.99758929213' />
  <node id='2664' visible='true' version='1' lat='30.71698093122' lon='103.99761970786' />
  <node id='2665' visible='true' version='1' lat='30.71701253483' lon='103.99759677538' />
  <node id='2666' visible='true' version='1' lat='30.71698746517' lon='103.99762682462' />
  <node id='2667' visible='true' version='1' lat='30.71701612714' lon='103.99760079355' />
  <node id='2668' visible='true' version='1' lat='30.71699067285' lon='103.99763040645' />
  <node id='2669' visible='true' version='1' lat='30.7170188801' lon='103.99760398948' />
  <node id='2670' visible='true' version='1' lat='30.71699451989' lon='103.99763481052' />
  <node id='2671' visible='true' version='1' lat='30.71702622714' lon='103.99761179354' />
  <node id='2672' visible='true' version='1' lat='30.71700077286' lon='103.99764140645' />
  <node id='2673' visible='true' version='1' lat='30.7170331848' lon='103.99761981724' />
  <node id='2674' visible='true' version='1' lat='30.7170070152' lon='103.99764858276' />
  <node id='2675' visible='true' version='1' lat='30.7170361922' lon='103.99762348609' />
  <node id='2676' visible='true' version='1' lat='30.7170104078' lon='103.9976527139' />
  <node id='2677' visible='true' version='1' lat='30.7170396848' lon='103.99762761724' />
  <node id='2678' visible='true' version='1' lat='30.7170135152' lon='103.99765638276' />
  <node id='2679' visible='true' version='1' lat='30.71704270711' lon='103.99763130373' />
  <node id='2680' visible='true' version='1' lat='30.71701689289' lon='103.99766049626' />
  <node id='2681' visible='true' version='1' lat='30.71704902714' lon='103.99763879354' />
  <node id='2682' visible='true' version='1' lat='30.71702357286' lon='103.99766840646' />
  <node id='2683' visible='true' version='1' lat='30.71705544501' lon='103.99764618675' />
  <node id='2684' visible='true' version='1' lat='30.71703035499' lon='103.99767621324' />
  <node id='2685' visible='true' version='1' lat='30.71706232714' lon='103.99765389353' />
  <node id='2686' visible='true' version='1' lat='30.71703687286' lon='103.99768350646' />
  <node id='2687' visible='true' version='1' lat='30.71706544846' lon='103.99765749062' />
  <node id='2688' visible='true' version='1' lat='30.71704035153' lon='103.99768750938' />
  <node id='2689' visible='true' version='1' lat='30.71707526084' lon='103.99766848348' />
  <node id='2690' visible='true' version='1' lat='30.71705053916' lon='103.99769891652' />
  <node id='2691' visible='true' version='1' lat='30.71707905336' lon='103.99767262379' />
  <node id='2692' visible='true' version='1' lat='30.71705354664' lon='103.99770217621' />
  <node id='2693' visible='true' version='1' lat='30.71708187693' lon='103.99767590101' />
  <node id='2694' visible='true' version='1' lat='30.71705712307' lon='103.99770629899' />
  <node id='2695' visible='true' version='1' lat='30.71708865547' lon='103.99768329847' />
  <node id='2696' visible='true' version='1' lat='30.71706354453' lon='103.99771330153' />
  <node id='2697' visible='true' version='1' lat='30.71709562243' lon='103.99769112189' />
  <node id='2698' visible='true' version='1' lat='30.71706977757' lon='103.9977202781' />
  <node id='2699' visible='true' version='1' lat='30.71709826084' lon='103.99769428347' />
  <node id='2700' visible='true' version='1' lat='30.71707353916' lon='103.99772471652' />
  <node id='2701' visible='true' version='1' lat='30.7171021922' lon='103.99769858608' />
  <node id='2702' visible='true' version='1' lat='30.7170764078' lon='103.99772781392' />
  <node id='2703' visible='true' version='1' lat='30.71710845547' lon='103.99770599846' />
  <node id='2704' visible='true' version='1' lat='30.71708334453' lon='103.99773600153' />
  <node id='2705' visible='true' version='1' lat='30.71711192714' lon='103.99770989352' />
  <node id='2706' visible='true' version='1' lat='30.71708647286' lon='103.99773950647' />
  <node id='2707' visible='true' version='1' lat='30.71711505547' lon='103.99771349846' />
  <node id='2708' visible='true' version='1' lat='30.71708994453' lon='103.99774350153' />
  <node id='2709' visible='true' version='1' lat='30.71711872243' lon='103.99771762189' />
  <node id='2710' visible='true' version='1' lat='30.71709287757' lon='103.99774677811' />
  <node id='2711' visible='true' version='1' lat='30.71712212056' lon='103.99772166093' />
  <node id='2712' visible='true' version='1' lat='30.71709587944' lon='103.99775033907' />
  <node id='2713' visible='true' version='1' lat='30.71712485336' lon='103.99772502377' />
  <node id='2714' visible='true' version='1' lat='30.71709934664' lon='103.99775457622' />
  <node id='2715' visible='true' version='1' lat='30.71713142243' lon='103.99773262189' />
  <node id='2716' visible='true' version='1' lat='30.71710557757' lon='103.99776177811' />
  <node id='2717' visible='true' version='1' lat='30.71713817995' lon='103.99774065886' />
  <node id='2718' visible='true' version='1' lat='30.71711162005' lon='103.99776894113' />
  <node id='2719' visible='true' version='1' lat='30.71714089219' lon='103.99774408607' />
  <node id='2720' visible='true' version='1' lat='30.7171151078' lon='103.99777331393' />
  <node id='2721' visible='true' version='1' lat='30.71714438479' lon='103.99774821721' />
  <node id='2722' visible='true' version='1' lat='30.71711821521' lon='103.99777698279' />
  <node id='2726' visible='true' version='1' lat='30.71714774072' lon='103.99775230967' />
  <node id='2727' visible='true' version='1' lat='30.71712125928' lon='103.99778069033' />
  <node id='2728' visible='true' version='1' lat='30.71715078479' lon='103.99775611721' />
  <node id='2729' visible='true' version='1' lat='30.71712461521' lon='103.99778488279' />
  <node id='2730' visible='true' version='1' lat='30.71715379219' lon='103.99775978607' />
  <node id='2731' visible='true' version='1' lat='30.7171280078' lon='103.99778901393' />
  <node id='2732' visible='true' version='1' lat='30.71715744072' lon='103.99776410967' />
  <node id='2733' visible='true' version='1' lat='30.71713095928' lon='103.99779249033' />
  <node id='2734' visible='true' version='1' lat='30.71716048479' lon='103.99776791721' />
  <node id='2735' visible='true' version='1' lat='30.71713431521' lon='103.99779668279' />
  <node id='2736' visible='true' version='1' lat='30.71716384072' lon='103.99777200966' />
  <node id='2737' visible='true' version='1' lat='30.71713735928' lon='103.99780039033' />
  <node id='2738' visible='true' version='1' lat='30.71716688479' lon='103.99777581721' />
  <node id='2739' visible='true' version='1' lat='30.71714071521' lon='103.99780458279' />
  <node id='2740' visible='true' version='1' lat='30.71717043284' lon='103.99778015365' />
  <node id='2741' visible='true' version='1' lat='30.71714356716' lon='103.99780804635' />
  <node id='2742' visible='true' version='1' lat='30.71717318479' lon='103.9977837172' />
  <node id='2743' visible='true' version='1' lat='30.71714701521' lon='103.99781248279' />
  <node id='2744' visible='true' version='1' lat='30.71717654072' lon='103.99778780966' />
  <node id='2745' visible='true' version='1' lat='30.71715005928' lon='103.99781619033' />
  <node id='2746' visible='true' version='1' lat='30.71717922713' lon='103.99779119351' />
  <node id='2747' visible='true' version='1' lat='30.71715377286' lon='103.99782080649' />
  <node id='2748' visible='true' version='1' lat='30.71718307995' lon='103.99779565885' />
  <node id='2749' visible='true' version='1' lat='30.71715652005' lon='103.99782394114' />
  <node id='2750' visible='true' version='1' lat='30.7171864795' lon='103.99779994524' />
  <node id='2751' visible='true' version='1' lat='30.7171593205' lon='103.99782745475' />
  <node id='2752' visible='true' version='1' lat='30.71718977037' lon='103.99780430185' />
  <node id='2753' visible='true' version='1' lat='30.71716222963' lon='103.99783129815' />
  <node id='2754' visible='true' version='1' lat='30.71719322457' lon='103.99780904831' />
  <node id='2755' visible='true' version='1' lat='30.71716477542' lon='103.99783475168' />
  <node id='2756' visible='true' version='1' lat='30.71719599656' lon='103.99781316073' />
  <node id='2757' visible='true' version='1' lat='30.71716780343' lon='103.99783923927' />
  <node id='2758' visible='true' version='1' lat='30.71719932943' lon='103.9978180136' />
  <node id='2759' visible='true' version='1' lat='30.71717027057' lon='103.9978427864' />
  <node id='2760' visible='true' version='1' lat='30.71720346626' lon='103.99782485074' />
  <node id='2761' visible='true' version='1' lat='30.71717173374' lon='103.99784474926' />
  <node id='2762' visible='true' version='1' lat='30.71720533104' lon='103.99782886574' />
  <node id='2763' visible='true' version='1' lat='30.71717426896' lon='103.99785013426' />
  <node id='2764' visible='true' version='1' lat='30.71720897988' lon='103.99783661612' />
  <node id='2765' visible='true' version='1' lat='30.71717522012' lon='103.99785138388' />
  <node id='2766' visible='true' version='1' lat='30.71721074677' lon='103.99784204898' />
  <node id='2767' visible='true' version='1' lat='30.71717665322' lon='103.99785575101' />
  <node id='2768' visible='true' version='1' lat='30.71721250764' lon='103.99784798979' />
  <node id='2769' visible='true' version='1' lat='30.71717789236' lon='103.9978598102' />
  <node id='2770' visible='true' version='1' lat='30.71721426573' lon='103.99785533848' />
  <node id='2771' visible='true' version='1' lat='30.71717873427' lon='103.99786266152' />
  <node id='2772' visible='true' version='1' lat='30.71721484603' lon='103.99785932149' />
  <node id='2773' visible='true' version='1' lat='30.71717975397' lon='103.99786907851' />
  <node id='2774' visible='true' version='1' lat='30.71721640659' lon='103.99786813457' />
  <node id='2775' visible='true' version='1' lat='30.71718039341' lon='103.99787086543' />
  <node id='2776' visible='true' version='1' lat='30.71721672863' lon='103.99787569452' />
  <node id='2777' visible='true' version='1' lat='30.71718067137' lon='103.99787390548' />
  <node id='2778' visible='true' version='1' lat='30.71721619779' lon='103.99788826409' />
  <node id='2779' visible='true' version='1' lat='30.71718040221' lon='103.99788293591' />
  <node id='2780' visible='true' version='1' lat='30.71721547595' lon='103.9978945945' />
  <node id='2781' visible='true' version='1' lat='30.71717992405' lon='103.9978874055' />
  <node id='2782' visible='true' version='1' lat='30.71721460643' lon='103.997900328' />
  <node id='2783' visible='true' version='1' lat='30.71717919357' lon='103.997892272' />
  <node id='2784' visible='true' version='1' lat='30.71721359769' lon='103.9979062225' />
  <node id='2785' visible='true' version='1' lat='30.71717840231' lon='103.9978969775' />
  <node id='2789' visible='true' version='1' lat='30.71721264444' lon='103.99791107729' />
  <node id='2790' visible='true' version='1' lat='30.71717735556' lon='103.99790232271' />
  <node id='2791' visible='true' version='1' lat='30.71721170643' lon='103.997916128' />
  <node id='2792' visible='true' version='1' lat='30.71717629357' lon='103.99790807201' />
  <node id='2793' visible='true' version='1' lat='30.71720970647' lon='103.99792557232' />
  <node id='2794' visible='true' version='1' lat='30.71717649353' lon='103.99790922768' />
  <node id='2795' visible='true' version='1' lat='30.71720761608' lon='103.99793122157' />
  <node id='2796' visible='true' version='1' lat='30.71717498392' lon='103.99791337843' />
  <node id='2797' visible='true' version='1' lat='30.71720590647' lon='103.99793537232' />
  <node id='2798' visible='true' version='1' lat='30.71717269353' lon='103.99791902768' />
  <node id='2799' visible='true' version='1' lat='30.71720429176' lon='103.99793974833' />
  <node id='2800' visible='true' version='1' lat='30.71717070824' lon='103.99792445168' />
  <node id='2801' visible='true' version='1' lat='30.717199297' lon='103.99795336224' />
  <node id='2802' visible='true' version='1' lat='30.717168903' lon='103.99793083776' />
  <node id='2803' visible='true' version='1' lat='30.71719703104' lon='103.99795743426' />
  <node id='2804' visible='true' version='1' lat='30.71716596896' lon='103.99793616575' />
  <node id='2805' visible='true' version='1' lat='30.71719455521' lon='103.99796227099' />
  <node id='2806' visible='true' version='1' lat='30.71716384479' lon='103.99794032901' />
  <node id='2807' visible='true' version='1' lat='30.71719197811' lon='103.99796709631' />
  <node id='2808' visible='true' version='1' lat='30.71716162188' lon='103.99794450369' />
  <node id='2809' visible='true' version='1' lat='30.71718919472' lon='103.99797209083' />
  <node id='2810' visible='true' version='1' lat='30.71715940528' lon='103.99794850917' />
  <node id='2811' visible='true' version='1' lat='30.7171861773' lon='103.9979771679' />
  <node id='2812' visible='true' version='1' lat='30.7171572227' lon='103.9979522321' />
  <node id='2813' visible='true' version='1' lat='30.71718389472' lon='103.99798069083' />
  <node id='2814' visible='true' version='1' lat='30.71715410528' lon='103.99795710918' />
  <node id='2815' visible='true' version='1' lat='30.71717776285' lon='103.9979909306' />
  <node id='2816' visible='true' version='1' lat='30.71714983714' lon='103.9979644694' />
  <node id='2817' visible='true' version='1' lat='30.71717437748' lon='103.99799568853' />
  <node id='2818' visible='true' version='1' lat='30.71714742252' lon='103.99796791147' />
  <node id='2819' visible='true' version='1' lat='30.71717186285' lon='103.9979989306' />
  <node id='2820' visible='true' version='1' lat='30.71714393714' lon='103.99797246941' />
  <node id='2821' visible='true' version='1' lat='30.71716909657' lon='103.99800283927' />
  <node id='2822' visible='true' version='1' lat='30.71714090343' lon='103.99797676074' />
  <node id='2823' visible='true' version='1' lat='30.71716592315' lon='103.99800742568' />
  <node id='2824' visible='true' version='1' lat='30.71713827684' lon='103.99798057433' />
  <node id='2825' visible='true' version='1' lat='30.71716316286' lon='103.9980112306' />
  <node id='2826' visible='true' version='1' lat='30.71713523714' lon='103.99798476941' />
  <node id='2827' visible='true' version='1' lat='30.71716007037' lon='103.99801559815' />
  <node id='2828' visible='true' version='1' lat='30.71713252963' lon='103.99798860186' />
  <node id='2829' visible='true' version='1' lat='30.71715720771' lon='103.99801950818' />
  <node id='2830' visible='true' version='1' lat='30.71712939229' lon='103.99799289183' />
  <node id='2831' visible='true' version='1' lat='30.7171538795' lon='103.99802415475' />
  <node id='2832' visible='true' version='1' lat='30.71712672049' lon='103.99799664525' />
  <node id='2833' visible='true' version='1' lat='30.71715028479' lon='103.99802888279' />
  <node id='2834' visible='true' version='1' lat='30.71712411521' lon='103.99800011721' />
  <node id='2835' visible='true' version='1' lat='30.7171468922' lon='103.99803301393' />
  <node id='2836' visible='true' version='1' lat='30.7171211078' lon='103.99800378607' />
  <node id='2837' visible='true' version='1' lat='30.71713993483' lon='103.99804122465' />
  <node id='2838' visible='true' version='1' lat='30.71711486517' lon='103.99801117535' />
  <node id='2839' visible='true' version='1' lat='30.71713672714' lon='103.99804480648' />
  <node id='2840' visible='true' version='1' lat='30.71711127286' lon='103.99801519352' />
  <node id='2841' visible='true' version='1' lat='30.71713323483' lon='103.99804882465' />
  <node id='2842' visible='true' version='1' lat='30.71710816517' lon='103.99801877535' />
  <node id='2843' visible='true' version='1' lat='30.71713002714' lon='103.99805240648' />
  <node id='2844' visible='true' version='1' lat='30.71710457286' lon='103.99802279352' />
  <node id='2845' visible='true' version='1' lat='30.7171235922' lon='103.99805981393' />
  <node id='2846' visible='true' version='1' lat='30.7170978078' lon='103.99803058608' />
  <node id='2847' visible='true' version='1' lat='30.71711682714' lon='103.99806780648' />
  <node id='2848' visible='true' version='1' lat='30.71709137286' lon='103.99803819353' />
  <node id='2852' visible='true' version='1' lat='30.71711335547' lon='103.99807180154' />
  <node id='2853' visible='true' version='1' lat='30.71708824453' lon='103.99804179847' />
  <node id='2854' visible='true' version='1' lat='30.71711022714' lon='103.99807530648' />
  <node id='2855' visible='true' version='1' lat='30.71708477286' lon='103.99804569353' />
  <node id='2856' visible='true' version='1' lat='30.71710657693' lon='103.998079499' />
  <node id='2857' visible='true' version='1' lat='30.71708182307' lon='103.99804910101' />
  <node id='2858' visible='true' version='1' lat='30.71710343483' lon='103.99808292464' />
  <node id='2859' visible='true' version='1' lat='30.71707836517' lon='103.99805287536' />
  <node id='2860' visible='true' version='1' lat='30.71710022714' lon='103.99808650647' />
  <node id='2861' visible='true' version='1' lat='30.71707477286' lon='103.99805689353' />
  <node id='2862' visible='true' version='1' lat='30.71709674501' lon='103.99809051326' />
  <node id='2863' visible='true' version='1' lat='30.71707165499' lon='103.99806048675' />
  <node id='2864' visible='true' version='1' lat='30.71709025336' lon='103.99809777622' />
  <node id='2865' visible='true' version='1' lat='30.71706474664' lon='103.99806822379' />
  <node id='2866' visible='true' version='1' lat='30.71708043483' lon='103.99810912464' />
  <node id='2867' visible='true' version='1' lat='30.71705536517' lon='103.99807907536' />
  <node id='2868' visible='true' version='1' lat='30.71707720232' lon='103.998112735' />
  <node id='2869' visible='true' version='1' lat='30.71705179768' lon='103.998083065' />
  <node id='2870' visible='true' version='1' lat='30.71707363483' lon='103.99811682464' />
  <node id='2871' visible='true' version='1' lat='30.71704856517' lon='103.99808677537' />
  <node id='2872' visible='true' version='1' lat='30.717063563' lon='103.99812732433' />
  <node id='2873' action='delete' visible='true' version='1' lat='30.71704503699' lon='103.99809147567' />
  <node id='2874' action='delete' visible='true' version='1' lat='30.7170579898' lon='103.9981310488' />
  <node id='2875' action='delete' visible='true' version='1' lat='30.7170428102' lon='103.9980931512' />
  <node id='2876' action='delete' visible='true' version='1' lat='30.71705605368' lon='103.99813187217' />
  <node id='2877' action='delete' visible='true' version='1' lat='30.71703654631' lon='103.99809672783' />
  <node id='2878' action='delete' visible='true' version='1' lat='30.7170525683' lon='103.99813445444' />
  <node id='2879' action='delete' visible='true' version='1' lat='30.7170322317' lon='103.99809994557' />
  <node id='2880' action='delete' visible='true' version='1' lat='30.71704853328' lon='103.99813763687' />
  <node id='2881' action='delete' visible='true' version='1' lat='30.71702866671' lon='103.99810276313' />
  <node id='2882' action='delete' visible='true' version='1' lat='30.71704562989' lon='103.99813980644' />
  <node id='2883' action='delete' visible='true' version='1' lat='30.71702397011' lon='103.99810639357' />
  <node id='2884' action='delete' visible='true' version='1' lat='30.71704201445' lon='103.998142944' />
  <node id='2885' action='delete' visible='true' version='1' lat='30.71701998555' lon='103.998109856' />
  <node id='2886' action='delete' visible='true' version='1' lat='30.71703499696' lon='103.99814919321' />
  <node id='2887' action='delete' visible='true' version='1' lat='30.71701220304' lon='103.9981168068' />
  <node id='2888' action='delete' visible='true' version='1' lat='30.71703130346' lon='103.99815267309' />
  <node id='2889' action='delete' visible='true' version='1' lat='30.71700889653' lon='103.99811992691' />
  <node id='2890' action='delete' visible='true' version='1' lat='30.71702849238' lon='103.99815520652' />
  <node id='2891' action='delete' visible='true' version='1' lat='30.71700450762' lon='103.99812399349' />
  <node id='2892' action='delete' visible='true' version='1' lat='30.71702470083' lon='103.99815909809' />
  <node id='2893' action='delete' visible='true' version='1' lat='30.71700149917' lon='103.99812710192' />
  <node id='2894' action='delete' visible='true' version='1' lat='30.71702176957' lon='103.99816192167' />
  <node id='2895' action='delete' visible='true' version='1' lat='30.71699743043' lon='103.99813107834' />
  <node id='2896' action='delete' visible='true' version='1' lat='30.71701789741' lon='103.99816600434' />
  <node id='2897' action='delete' visible='true' version='1' lat='30.71699430259' lon='103.99813439567' />
  <node id='2898' action='delete' visible='true' version='1' lat='30.71701496084' lon='103.99816891651' />
  <node id='2899' action='delete' visible='true' version='1' lat='30.71699023915' lon='103.99813848349' />
  <node id='2900' action='delete' visible='true' version='1' lat='30.71701175548' lon='103.99817240152' />
  <node id='2901' action='delete' visible='true' version='1' lat='30.71698664452' lon='103.99814239849' />
  <node id='2902' action='delete' visible='true' version='1' lat='30.71700917996' lon='103.99817524111' />
  <node id='2903' action='delete' visible='true' version='1' lat='30.71698262004' lon='103.9981469589' />
  <node id='2904' action='delete' visible='true' version='1' lat='30.7170058848' lon='103.99817938276' />
  <node id='2905' action='delete' visible='true' version='1' lat='30.7169797152' lon='103.99815061725' />
  <node id='2906' action='delete' visible='true' version='1' lat='30.71700287996' lon='103.99818304111' />
  <node id='2907' action='delete' visible='true' version='1' lat='30.71697632004' lon='103.9981547589' />
  <node id='2908' action='modify' visible='true' version='1' lat='30.71700576366' lon='103.9981940836' />
  <node id='2909' action='modify' visible='true' version='1' lat='30.71697963054' lon='103.99816559799' />
  <node id='2910' action='delete' visible='true' version='1' lat='30.71699602715' lon='103.99819140645' />
  <node id='2911' action='delete' visible='true' version='1' lat='30.71697057285' lon='103.99816179355' />
  <node id='2915' action='delete' visible='true' version='1' lat='30.71698924502' lon='103.99819921323' />
  <node id='2916' action='delete' visible='true' version='1' lat='30.71696415498' lon='103.99816918677' />
  <node id='2917' action='delete' visible='true' version='1' lat='30.71698236085' lon='103.9982069165' />
  <node id='2918' action='delete' visible='true' version='1' lat='30.71695763915' lon='103.9981764835' />
  <node id='2919' action='delete' visible='true' version='1' lat='30.71697932715' lon='103.99821020645' />
  <node id='2920' action='delete' visible='true' version='1' lat='30.71695387285' lon='103.99818059356' />
  <node id='2921' action='delete' visible='true' version='1' lat='30.71697566085' lon='103.9982144165' />
  <node id='2922' action='delete' visible='true' version='1' lat='30.71695093915' lon='103.9981839835' />
  <node id='2923' action='delete' visible='true' version='1' lat='30.71697282244' lon='103.99821747808' />
  <node id='2924' action='delete' visible='true' version='1' lat='30.71694697756' lon='103.99818832193' />
  <node id='2925' action='delete' visible='true' version='1' lat='30.71696924502' lon='103.99822171323' />
  <node id='2926' action='delete' visible='true' version='1' lat='30.71694415498' lon='103.99819168678' />
  <node id='2927' action='delete' visible='true' version='1' lat='30.71696236085' lon='103.9982294165' />
  <node id='2928' action='delete' visible='true' version='1' lat='30.71693763915' lon='103.99819898351' />
  <node id='2929' action='delete' visible='true' version='1' lat='30.71695252715' lon='103.99824010644' />
  <node id='2930' action='delete' visible='true' version='1' lat='30.71692707285' lon='103.99821049356' />
  <node id='2931' action='delete' visible='true' version='1' lat='30.71694868011' lon='103.9982445105' />
  <node id='2932' action='delete' visible='true' version='1' lat='30.71692431989' lon='103.9982136895' />
  <node id='2933' action='delete' visible='true' version='1' lat='30.71694546085' lon='103.99824791649' />
  <node id='2934' action='delete' visible='true' version='1' lat='30.71692073915' lon='103.99821748351' />
  <node id='2935' action='delete' visible='true' version='1' lat='30.71693902715' lon='103.99825490644' />
  <node id='2936' action='delete' visible='true' version='1' lat='30.71691357285' lon='103.99822529357' />
  <node id='2937' action='delete' visible='true' version='1' lat='30.71693589221' lon='103.99825851389' />
  <node id='2938' action='delete' visible='true' version='1' lat='30.71691010779' lon='103.99822928612' />
  <node id='2939' action='delete' visible='true' version='1' lat='30.71693278481' lon='103.99826218274' />
  <node id='2940' action='delete' visible='true' version='1' lat='30.71690661519' lon='103.99823341726' />
  <node id='2941' action='delete' visible='true' version='1' lat='30.71692993285' lon='103.9982656463' />
  <node id='2942' action='delete' visible='true' version='1' lat='30.71690306714' lon='103.99823775371' />
  <node id='2943' action='delete' visible='true' version='1' lat='30.71692664074' lon='103.99826989028' />
  <node id='2944' action='delete' visible='true' version='1' lat='30.71690015926' lon='103.99824150972' />
  <node id='2945' action='delete' visible='true' version='1' lat='30.71692363285' lon='103.9982736463' />
  <node id='2946' action='delete' visible='true' version='1' lat='30.71689676714' lon='103.99824575371' />
  <node id='2947' action='delete' visible='true' version='1' lat='30.71692018481' lon='103.99827808274' />
  <node id='2948' action='delete' visible='true' version='1' lat='30.71689401519' lon='103.99824931727' />
  <node id='2949' action='delete' visible='true' version='1' lat='30.71691394074' lon='103.99828569028' />
  <node id='2950' action='delete' visible='true' version='1' lat='30.71688745926' lon='103.99825730972' />
  <node id='2951' action='delete' visible='true' version='1' lat='30.71690738481' lon='103.99829388274' />
  <node id='2952' action='delete' visible='true' version='1' lat='30.71688121519' lon='103.99826511727' />
  <node id='2953' action='delete' visible='true' version='1' lat='30.71690399221' lon='103.99829801388' />
  <node id='2954' action='delete' visible='true' version='1' lat='30.71687820779' lon='103.99826878613' />
  <node id='2955' action='delete' visible='true' version='1' lat='30.71690088481' lon='103.99830168273' />
  <node id='2956' action='delete' visible='true' version='1' lat='30.71687471519' lon='103.99827291727' />
  <node id='2957' action='delete' visible='true' version='1' lat='30.71689732715' lon='103.99830600643' />
  <node id='2958' action='delete' visible='true' version='1' lat='30.71687187284' lon='103.99827639358' />
  <node id='2959' action='delete' visible='true' version='1' lat='30.71689422245' lon='103.99830957806' />
  <node id='2960' action='delete' visible='true' version='1' lat='30.71686837755' lon='103.99828042194' />
  <node id='2961' action='delete' visible='true' version='1' lat='30.71689082716' lon='103.99831360643' />
  <node id='2962' action='delete' visible='true' version='1' lat='30.71686537284' lon='103.99828399358' />
  <node id='2963' action='delete' visible='true' version='1' lat='30.71688735549' lon='103.99831760149' />
  <node id='2964' action='delete' visible='true' version='1' lat='30.71686224451' lon='103.99828759852' />
  <node id='2965' action='delete' visible='true' version='1' lat='30.71688462057' lon='103.99832063902' />
  <node id='2966' action='delete' visible='true' version='1' lat='30.71685837942' lon='103.99829196098' />
  <node id='2967' action='delete' visible='true' version='1' lat='30.71688112716' lon='103.99832490642' />
  <node id='2968' action='delete' visible='true' version='1' lat='30.71685567284' lon='103.99829529358' />
  <node id='2969' action='delete' visible='true' version='1' lat='30.71687763484' lon='103.99832892459' />
  <node id='2970' action='delete' visible='true' version='1' lat='30.71685256515' lon='103.99829887541' />
  <node id='2971' action='modify' visible='true' version='1' lat='30.71688482993' lon='103.99833985224' />
  <node id='2972' action='modify' visible='true' version='1' lat='30.71685384666' lon='103.9983076177' />
  <node id='2973' action='delete' visible='true' version='1' lat='30.71687087695' lon='103.99833659894' />
  <node id='2974' action='delete' visible='true' version='1' lat='30.71684612305' lon='103.99830620106' />
  <node id='2978' action='delete' visible='true' version='1' lat='30.71686795338' lon='103.99833977617' />
  <node id='2979' action='delete' visible='true' version='1' lat='30.71684244662' lon='103.99831022384' />
  <node id='2980' action='delete' visible='true' version='1' lat='30.71686192058' lon='103.99834673901' />
  <node id='2981' action='delete' visible='true' version='1' lat='30.71683567942' lon='103.99831806099' />
  <node id='2982' action='modify' visible='true' version='1' lat='30.71686176522' lon='103.99836628751' />
  <node id='2983' action='delete' visible='true' version='1' lat='30.71682674662' lon='103.99832902384' />
  <node id='2984' action='delete' visible='true' version='1' lat='30.71685109599' lon='103.99836610136' />
  <node id='2985' action='delete' visible='true' version='1' lat='30.71682337755' lon='103.99833292195' />
  <node id='2986' action='delete' visible='true' version='1' lat='30.71684582716' lon='103.99836610642' />
  <node id='2987' action='modify' visible='true' version='1' lat='30.7168223905' lon='103.99834554605' />
  <node id='2988' action='delete' visible='true' version='1' lat='30.71684272245' lon='103.99836967805' />
  <node id='2989' action='delete' visible='true' version='1' lat='30.71681687755' lon='103.99834052196' />
  <node id='2990' action='delete' visible='true' version='1' lat='30.71683932716' lon='103.99837370642' />
  <node id='2991' action='delete' visible='true' version='1' lat='30.71681387284' lon='103.99834409359' />
  <node id='2992' action='delete' visible='true' version='1' lat='30.71683622245' lon='103.99837727805' />
  <node id='2993' action='delete' visible='true' version='1' lat='30.71681037755' lon='103.99834812196' />
  <node id='2994' action='delete' visible='true' version='1' lat='30.71683538236' lon='103.99838452705' />
  <node id='2995' action='delete' visible='true' version='1' lat='30.71680697942' lon='103.998352161' />
  <node id='2996' action='delete' visible='true' version='1' lat='30.71683062708' lon='103.99838399153' />
  <node id='2997' action='modify' visible='true' version='1' lat='30.71680279644' lon='103.99837102534' />
  <node id='2998' action='delete' visible='true' version='1' lat='30.71682910084' lon='103.99838573417' />
  <node id='2999' action='delete' visible='true' version='1' lat='30.71679889916' lon='103.99836286583' />
  <node id='3000' action='delete' visible='true' version='1' lat='30.71682604306' lon='103.99839110578' />
  <node id='3001' action='delete' visible='true' version='1' lat='30.71679675694' lon='103.99836669423' />
  <node id='3002' action='delete' visible='true' version='1' lat='30.71682639205' lon='103.99839771184' />
  <node id='3003' action='delete' visible='true' version='1' lat='30.71679412268' lon='103.99837093218' />
  <node id='3004' action='delete' visible='true' version='1' lat='30.71682061208' lon='103.99839969408' />
  <node id='3005' action='delete' visible='true' version='1' lat='30.71679118792' lon='103.99837550592' />
  <node id='3006' action='delete' visible='true' version='1' lat='30.71681980649' lon='103.99840017226' />
  <node id='3007' action='delete' visible='true' version='1' lat='30.71678659351' lon='103.99838382774' />
  <node id='3008' action='delete' visible='true' version='1' lat='30.71681828834' lon='103.99840987596' />
  <node id='3009' action='modify' visible='true' version='1' lat='30.71678307047' lon='103.99839884383' />
  <node id='3010' action='delete' visible='true' version='1' lat='30.71681574554' lon='103.99840928287' />
  <node id='3011' action='delete' visible='true' version='1' lat='30.71678225446' lon='103.99839371713' />
  <node id='3012' action='delete' visible='true' version='1' lat='30.71681308774' lon='103.99841651516' />
  <node id='3013' action='delete' visible='true' version='1' lat='30.71678151226' lon='103.99839628484' />
  <node id='3014' action='delete' visible='true' version='1' lat='30.71681096628' lon='103.99842094919' />
  <node id='3015' action='delete' visible='true' version='1' lat='30.71677923372' lon='103.99840105082' />
  <node id='3016' action='delete' visible='true' version='1' lat='30.71680868073' lon='103.99842582981' />
  <node id='3017' action='delete' visible='true' version='1' lat='30.71677711927' lon='103.99840557019' />
  <node id='3018' action='modify' visible='true' version='1' lat='30.71681523688' lon='103.99843012286' />
  <node id='3019' action='delete' visible='true' version='1' lat='30.71677489849' lon='103.9984102066' />
  <node id='3020' action='delete' visible='true' version='1' lat='30.71680391837' lon='103.99843566148' />
  <node id='3021' action='delete' visible='true' version='1' lat='30.71677268163' lon='103.99841473852' />
  <node id='3022' action='delete' visible='true' version='1' lat='30.71679914715' lon='103.99844519666' />
  <node id='3023' action='modify' visible='true' version='1' lat='30.716764794' lon='103.99842896776' />
  <node id='3024' action='delete' visible='true' version='1' lat='30.7167977054' lon='103.99844769935' />
  <node id='3025' action='delete' visible='true' version='1' lat='30.7167648946' lon='103.99843030065' />
  <node id='3026' action='delete' visible='true' version='1' lat='30.71679510151' lon='103.9984540934' />
  <node id='3027' action='delete' visible='true' version='1' lat='30.71676369849' lon='103.9984335066' />
  <node id='3028' action='delete' visible='true' version='1' lat='30.71679271837' lon='103.99845896148' />
  <node id='3029' action='modify' visible='true' version='1' lat='30.71675341097' lon='103.99844742625' />
  <node id='3030' action='delete' visible='true' version='1' lat='30.71679058073' lon='103.99846322981' />
  <node id='3031' action='delete' visible='true' version='1' lat='30.71675901927' lon='103.99844297019' />
  <node id='3032' action='delete' visible='true' version='1' lat='30.71678851222' lon='103.99846753087' />
  <node id='3033' action='delete' visible='true' version='1' lat='30.71675648778' lon='103.99844826913' />
  <node id='3034' action='modify' visible='true' version='1' lat='30.71678726356' lon='103.99847357651' />
  <node id='3035' action='modify' visible='true' version='1' lat='30.71674555401' lon='103.99846610509' />
  <node id='3036' action='delete' visible='true' version='1' lat='30.71678494554' lon='103.99847538287' />
  <node id='3037' action='delete' visible='true' version='1' lat='30.71675145446' lon='103.99845981714' />
  <node id='3041' action='delete' visible='true' version='1' lat='30.71678342182' lon='103.99847975412' />
  <node id='3042' action='delete' visible='true' version='1' lat='30.71674957818' lon='103.99846524588' />
  <node id='3043' action='delete' visible='true' version='1' lat='30.71678164554' lon='103.99848528287' />
  <node id='3044' action='delete' visible='true' version='1' lat='30.71674815446' lon='103.99846971714' />
  <node id='3045' action='delete' visible='true' version='1' lat='30.716780398' lon='103.99848872446' />
  <node id='3046' action='delete' visible='true' version='1' lat='30.716746002' lon='103.99847607554' />
  <node id='3047' action='delete' visible='true' version='1' lat='30.71677902811' lon='103.99849371369' />
  <node id='3048' action='delete' visible='true' version='1' lat='30.71674457189' lon='103.99848128631' />
  <node id='3049' action='delete' visible='true' version='1' lat='30.71677756623' lon='103.99849913903' />
  <node id='3050' action='delete' visible='true' version='1' lat='30.71674323377' lon='103.99848626097' />
  <node id='3051' action='delete' visible='true' version='1' lat='30.716776198' lon='103.99850402446' />
  <node id='3052' action='delete' visible='true' version='1' lat='30.71674237848' lon='103.99848534058' />
  <node id='3053' action='delete' visible='true' version='1' lat='30.71677476623' lon='103.99850923903' />
  <node id='3054' action='delete' visible='true' version='1' lat='30.71674043377' lon='103.99849636097' />
  <node id='3055' action='modify' visible='true' version='1' lat='30.71677641649' lon='103.99850086487' />
  <node id='3056' action='modify' visible='true' version='1' lat='30.71673771294' lon='103.99849461857' />
  <node id='3057' action='modify' visible='true' version='1' lat='30.71676924573' lon='103.99852658976' />
  <node id='3058' action='delete' visible='true' version='1' lat='30.71673767189' lon='103.99850678631' />
  <node id='3059' action='delete' visible='true' version='1' lat='30.71677058251' lon='103.9985249307' />
  <node id='3060' action='delete' visible='true' version='1' lat='30.71673641749' lon='103.9985114693' />
  <node id='3061' action='delete' visible='true' version='1' lat='30.7167691164' lon='103.99852991436' />
  <node id='3062' action='delete' visible='true' version='1' lat='30.7167348836' lon='103.99851668564' />
  <node id='3063' action='delete' visible='true' version='1' lat='30.71676758251' lon='103.9985352307' />
  <node id='3064' action='delete' visible='true' version='1' lat='30.71673341749' lon='103.9985217693' />
  <node id='3065' action='delete' visible='true' version='1' lat='30.716766198' lon='103.99853992446' />
  <node id='3066' action='delete' visible='true' version='1' lat='30.716731802' lon='103.99852727555' />
  <node id='3067' action='delete' visible='true' version='1' lat='30.7167645616' lon='103.99854582859' />
  <node id='3068' action='delete' visible='true' version='1' lat='30.7167306384' lon='103.99853157141' />
  <node id='3069' action='delete' visible='true' version='1' lat='30.71676330765' lon='103.99854971015' />
  <node id='3070' action='delete' visible='true' version='1' lat='30.71672869235' lon='103.99853788985' />
  <node id='3071' action='delete' visible='true' version='1' lat='30.716761898' lon='103.99855522445' />
  <node id='3072' action='delete' visible='true' version='1' lat='30.716727502' lon='103.99854257555' />
  <node id='3073' action='modify' visible='true' version='1' lat='30.71676003117' lon='103.9985592396' />
  <node id='3074' action='modify' visible='true' version='1' lat='30.7167248394' lon='103.99854540764' />
  <node id='3075' action='delete' visible='true' version='1' lat='30.71675805919' lon='103.99856990406' />
  <node id='3076' action='delete' visible='true' version='1' lat='30.71672334081' lon='103.99855849594' />
  <node id='3077' action='delete' visible='true' version='1' lat='30.71675656623' lon='103.99857593903' />
  <node id='3078' action='delete' visible='true' version='1' lat='30.71672223377' lon='103.99856306097' />
  <node id='3079' action='delete' visible='true' version='1' lat='30.71675530765' lon='103.99858041015' />
  <node id='3080' visible='true' version='1' lat='30.71672069235' lon='103.99856858985' />
  <node id='3081' visible='true' version='1' lat='30.71675262811' lon='103.99859091369' />
  <node id='3082' action='delete' visible='true' version='1' lat='30.71671817189' lon='103.99857848631' />
  <node id='3083' action='delete' visible='true' version='1' lat='30.71675116623' lon='103.99859633903' />
  <node id='3084' visible='true' version='1' lat='30.71671683377' lon='103.99858346097' />
  <node id='3085' action='delete' visible='true' version='1' lat='30.71675001108' lon='103.99860038812' />
  <node id='3086' action='delete' visible='true' version='1' lat='30.71671518892' lon='103.99858941188' />
  <node id='3087' action='delete' visible='true' version='1' lat='30.716748598' lon='103.99860632445' />
  <node id='3088' visible='true' version='1' lat='30.716714202' lon='103.99859367555' />
  <node id='3089' action='delete' visible='true' version='1' lat='30.71674722811' lon='103.99861131369' />
  <node id='3090' action='delete' visible='true' version='1' lat='30.71671277189' lon='103.99859888631' />
  <node id='3091' action='delete' visible='true' version='1' lat='30.71674564679' lon='103.99861715095' />
  <node id='3092' action='delete' visible='true' version='1' lat='30.71671155321' lon='103.99860344905' />
  <node id='3093' action='delete' visible='true' version='1' lat='30.71674418251' lon='103.9986220307' />
  <node id='3094' action='delete' visible='true' version='1' lat='30.71671001749' lon='103.99860856931' />
  <node id='3095' action='delete' visible='true' version='1' lat='30.71674264679' lon='103.99862725095' />
  <node id='3096' action='delete' visible='true' version='1' lat='30.71670855321' lon='103.99861354905' />
  <node id='3097' visible='true' version='1' lat='30.716739798' lon='103.99863672445' />
  <node id='3098' visible='true' version='1' lat='30.716705402' lon='103.99862407555' />
  <node id='3099' action='delete' visible='true' version='1' lat='30.71673850765' lon='103.99864141015' />
  <node id='3100' action='delete' visible='true' version='1' lat='30.71670389235' lon='103.99862958985' />
  <node id='3104' visible='true' version='1' lat='30.71673612748' lon='103.99865066702' />
  <node id='3105' visible='true' version='1' lat='30.71670107252' lon='103.99864073298' />
  <node id='3106' action='delete' visible='true' version='1' lat='30.7167350977' lon='103.99865552246' />
  <node id='3107' action='delete' visible='true' version='1' lat='30.7166999023' lon='103.99864627754' />
  <node id='3108' visible='true' version='1' lat='30.71673395576' lon='103.99866129458' />
  <node id='3109' visible='true' version='1' lat='30.71669904424' lon='103.99865070543' />
  <node id='3110' visible='true' version='1' lat='30.71673143411' lon='103.99867240535' />
  <node id='3111' visible='true' version='1' lat='30.71669676589' lon='103.99866079465' />
  <node id='3112' visible='true' version='1' lat='30.71673032748' lon='103.99867676702' />
  <node id='3113' visible='true' version='1' lat='30.71669527252' lon='103.99866683298' />
  <node id='3114' visible='true' version='1' lat='30.71672911108' lon='103.99868248812' />
  <node id='3115' visible='true' version='1' lat='30.71669428892' lon='103.99867151188' />
  <node id='3116' visible='true' version='1' lat='30.71672800789' lon='103.99868715875' />
  <node id='3117' visible='true' version='1' lat='30.71669299211' lon='103.99867704125' />
  <node id='3118' visible='true' version='1' lat='30.71672670765' lon='103.99869311015' />
  <node id='3119' visible='true' version='1' lat='30.71669209235' lon='103.99868128985' />
  <node id='3120' visible='true' version='1' lat='30.71672543411' lon='103.99869810535' />
  <node id='3121' visible='true' version='1' lat='30.71669076589' lon='103.99868649465' />
  <node id='3122' visible='true' version='1' lat='30.71672354554' lon='103.99870528286' />
  <node id='3123' visible='true' version='1' lat='30.71669005446' lon='103.99868971715' />
  <node id='3124' visible='true' version='1' lat='30.71672202182' lon='103.99870965411' />
  <node id='3125' visible='true' version='1' lat='30.71668817818' lon='103.99869514589' />
  <node id='3126' visible='true' version='1' lat='30.71671987537' lon='103.99871617482' />
  <node id='3127' visible='true' version='1' lat='30.71668712463' lon='103.99869862519' />
  <node id='3128' visible='true' version='1' lat='30.71671744103' lon='103.99872218779' />
  <node id='3129' visible='true' version='1' lat='30.71668555897' lon='103.99870261221' />
  <node id='3130' visible='true' version='1' lat='30.71671491837' lon='103.99872766147' />
  <node id='3131' visible='true' version='1' lat='30.71668368163' lon='103.99870673853' />
  <node id='3132' visible='true' version='1' lat='30.7167120771' lon='103.99873327604' />
  <node id='3133' visible='true' version='1' lat='30.71668192289' lon='103.99871032396' />
  <node id='3134' visible='true' version='1' lat='30.71670930343' lon='103.9987381438' />
  <node id='3135' visible='true' version='1' lat='30.71667969657' lon='103.9987142562' />
  <node id='3136' visible='true' version='1' lat='30.71670367733' lon='103.9987474678' />
  <node id='3137' visible='true' version='1' lat='30.71667472267' lon='103.99872253221' />
  <node id='3138' visible='true' version='1' lat='30.71670078656' lon='103.99875195919' />
  <node id='3139' visible='true' version='1' lat='30.71667221344' lon='103.99872644081' />
  <node id='3140' visible='true' version='1' lat='30.71669785672' lon='103.99875635161' />
  <node id='3141' visible='true' version='1' lat='30.71666954328' lon='103.99873044839' />
  <node id='3142' visible='true' version='1' lat='30.71669447954' lon='103.99876125465' />
  <node id='3143' visible='true' version='1' lat='30.71666732046' lon='103.99873374535' />
  <node id='3144' visible='true' version='1' lat='30.71669055339' lon='103.99876637613' />
  <node id='3145' visible='true' version='1' lat='30.71666504661' lon='103.99873682388' />
  <node id='3146' visible='true' version='1' lat='30.71668678013' lon='103.99877071044' />
  <node id='3147' visible='true' version='1' lat='30.71666241987' lon='103.99873988956' />
  <node id='3148' visible='true' version='1' lat='30.71668428483' lon='103.99877328269' />
  <node id='3149' visible='true' version='1' lat='30.71665811517' lon='103.99874451732' />
  <node id='3150' visible='true' version='1' lat='30.71668127998' lon='103.99877694104' />
  <node id='3151' visible='true' version='1' lat='30.71665472002' lon='103.99874865897' />
  <node id='3152' visible='true' version='1' lat='30.71667802059' lon='103.99878103897' />
  <node id='3153' visible='true' version='1' lat='30.71665177941' lon='103.99875236103' />
  <node id='3154' visible='true' version='1' lat='30.71667472246' lon='103.99878507801' />
  <node id='3155' visible='true' version='1' lat='30.71664887754' lon='103.99875592199' />
  <node id='3156' visible='true' version='1' lat='30.71667135339' lon='103.99878907612' />
  <node id='3157' visible='true' version='1' lat='30.71664584661' lon='103.99875952388' />
  <node id='3158' visible='true' version='1' lat='30.7166679555' lon='103.99879300144' />
  <node id='3159' visible='true' version='1' lat='30.71664284449' lon='103.99876299857' />
  <node id='3160' action='modify' visible='true' version='1' lat='30.7166629542' lon='103.99879823084' />
  <node id='3161' visible='true' version='1' lat='30.71663973913' lon='103.99876648357' />
  <node id='3162' visible='true' version='1' lat='30.71666123486' lon='103.99880042455' />
  <node id='3163' visible='true' version='1' lat='30.71663616514' lon='103.99877037546' />
  <node id='3167' visible='true' version='1' lat='30.71665802717' lon='103.99880400637' />
  <node id='3168' visible='true' version='1' lat='30.71663257282' lon='103.99877439363' />
  <node id='3169' visible='true' version='1' lat='30.71664192059' lon='103.99882253897' />
  <node id='3170' visible='true' version='1' lat='30.71661567941' lon='103.99879386104' />
  <node id='3171' visible='true' version='1' lat='30.71663875094' lon='103.99882642387' />
  <node id='3172' visible='true' version='1' lat='30.71661264906' lon='103.99879757613' />
  <node id='3173' visible='true' version='1' lat='30.71663495551' lon='103.99883100143' />
  <node id='3174' visible='true' version='1' lat='30.71660984449' lon='103.99880099857' />
  <node id='3175' visible='true' version='1' lat='30.71663185339' lon='103.99883447612' />
  <node id='3176' visible='true' version='1' lat='30.7166063466' lon='103.99880492389' />
  <node id='3177' visible='true' version='1' lat='30.71662827697' lon='103.99883859889' />
  <node id='3178' visible='true' version='1' lat='30.71660352303' lon='103.99880820112' />
  <node id='3179' visible='true' version='1' lat='30.71662222247' lon='103.998845178' />
  <node id='3180' visible='true' version='1' lat='30.71659637753' lon='103.998816022' />
  <node id='3181' visible='true' version='1' lat='30.71661865551' lon='103.99884940143' />
  <node id='3182' visible='true' version='1' lat='30.71659354449' lon='103.99881939858' />
  <node id='3183' visible='true' version='1' lat='30.71661498014' lon='103.99885351043' />
  <node id='3184' visible='true' version='1' lat='30.71659061986' lon='103.99882268958' />
  <node id='3185' visible='true' version='1' lat='30.7166053534' lon='103.99886367611' />
  <node id='3186' visible='true' version='1' lat='30.7165798466' lon='103.99883412389' />
  <node id='3187' visible='true' version='1' lat='30.71660252059' lon='103.99886693896' />
  <node id='3188' visible='true' version='1' lat='30.7165762794' lon='103.99883826105' />
  <node id='3189' visible='true' version='1' lat='30.71659956011' lon='103.99887056598' />
  <node id='3190' visible='true' version='1' lat='30.71657303988' lon='103.99884223402' />
  <node id='3191' visible='true' version='1' lat='30.71659292247' lon='103.99887887799' />
  <node id='3192' visible='true' version='1' lat='30.71656707753' lon='103.99884972201' />
  <node id='3193' visible='true' version='1' lat='30.71658632718' lon='103.99888670636' />
  <node id='3194' visible='true' version='1' lat='30.71656087282' lon='103.99885709364' />
  <node id='3195' visible='true' version='1' lat='30.71658354076' lon='103.99888989021' />
  <node id='3196' visible='true' version='1' lat='30.71655705924' lon='103.9988615098' />
  <node id='3197' visible='true' version='1' lat='30.71657662718' lon='103.99889850636' />
  <node id='3198' visible='true' version='1' lat='30.71655117282' lon='103.99886889365' />
  <node id='3199' visible='true' version='1' lat='30.71656985551' lon='103.99890630142' />
  <node id='3200' visible='true' version='1' lat='30.71654474449' lon='103.99887629859' />
  <node id='3201' visible='true' version='1' lat='30.71656672718' lon='103.99890980635' />
  <node id='3202' visible='true' version='1' lat='30.71654127282' lon='103.99888019365' />
  <node id='3203' visible='true' version='1' lat='30.71656307697' lon='103.99891399887' />
  <node id='3204' visible='true' version='1' lat='30.71653832303' lon='103.99888360113' />
  <node id='3205' visible='true' version='1' lat='30.71655995551' lon='103.99891740141' />
  <node id='3206' visible='true' version='1' lat='30.71653484449' lon='103.99888739859' />
  <node id='3207' visible='true' version='1' lat='30.7165568534' lon='103.9989208761' />
  <node id='3208' visible='true' version='1' lat='30.7165313466' lon='103.99889132391' />
  <node id='3209' visible='true' version='1' lat='30.71655097999' lon='103.99892764101' />
  <node id='3210' visible='true' version='1' lat='30.71652442001' lon='103.998899359' />
  <node id='3211' visible='true' version='1' lat='30.71654768484' lon='103.99893178266' />
  <node id='3212' visible='true' version='1' lat='30.71652151516' lon='103.99890301735' />
  <node id='3213' visible='true' version='1' lat='30.7165441534' lon='103.9989360761' />
  <node id='3214' visible='true' version='1' lat='30.7165186466' lon='103.99890652391' />
  <node id='3215' visible='true' version='1' lat='30.71654112247' lon='103.99893957798' />
  <node id='3216' visible='true' version='1' lat='30.71651527753' lon='103.99891042202' />
  <node id='3217' visible='true' version='1' lat='30.71653772718' lon='103.99894360635' />
  <node id='3218' visible='true' version='1' lat='30.71651227282' lon='103.99891399366' />
  <node id='3219' visible='true' version='1' lat='30.71653462247' lon='103.99894717798' />
  <node id='3220' visible='true' version='1' lat='30.71650877753' lon='103.99891802202' />
  <node id='3221' visible='true' version='1' lat='30.71653155094' lon='103.99895082385' />
  <node id='3222' visible='true' version='1' lat='30.71650544906' lon='103.99892197616' />
  <node id='3223' visible='true' version='1' lat='30.71652811221' lon='103.99895499015' />
  <node id='3224' visible='true' version='1' lat='30.71650228778' lon='103.99892580985' />
  <node id='3225' visible='true' version='1' lat='30.71651805551' lon='103.9989669014' />
  <node id='3226' visible='true' version='1' lat='30.71649294448' lon='103.9989368986' />
  <node id='3230' visible='true' version='1' lat='30.71651531148' lon='103.99896995011' />
  <node id='3231' visible='true' version='1' lat='30.71648908852' lon='103.99894124989' />
  <node id='3232' visible='true' version='1' lat='30.7165024534' lon='103.99898567609' />
  <node id='3233' visible='true' version='1' lat='30.71647694659' lon='103.99895612392' />
  <node id='3234' visible='true' version='1' lat='30.71649942248' lon='103.99898917797' />
  <node id='3235' visible='true' version='1' lat='30.71647357752' lon='103.99896002203' />
  <node id='3236' visible='true' version='1' lat='30.71649638484' lon='103.99899278264' />
  <node id='3237' visible='true' version='1' lat='30.71647021516' lon='103.99896401736' />
  <node id='3238' visible='true' version='1' lat='30.71649265552' lon='103.9989973014' />
  <node id='3239' visible='true' version='1' lat='30.71646754448' lon='103.99896729861' />
  <node id='3240' visible='true' version='1' lat='30.71648969224' lon='103.99900061379' />
  <node id='3241' visible='true' version='1' lat='30.71646390776' lon='103.99897138622' />
  <node id='3242' visible='true' version='1' lat='30.71648292719' lon='103.99900860634' />
  <node id='3243' visible='true' version='1' lat='30.71645747281' lon='103.99897899367' />
  <node id='3244' visible='true' version='1' lat='30.71647943487' lon='103.9990126245' />
  <node id='3245' visible='true' version='1' lat='30.71645436512' lon='103.9989825755' />
  <node id='3246' visible='true' version='1' lat='30.71647282719' lon='103.99902000633' />
  <node id='3247' visible='true' version='1' lat='30.71644737281' lon='103.99899039367' />
  <node id='3248' visible='true' version='1' lat='30.716469343' lon='103.99902401542' />
  <node id='3249' visible='true' version='1' lat='30.716444257' lon='103.99899398459' />
  <node id='3250' visible='true' version='1' lat='30.71645272719' lon='103.99904260633' />
  <node id='3251' visible='true' version='1' lat='30.71642727281' lon='103.99901299368' />
  <node id='3252' visible='true' version='1' lat='30.71644962248' lon='103.99904617796' />
  <node id='3253' visible='true' version='1' lat='30.71642377752' lon='103.99901702204' />
  <node id='3254' visible='true' version='1' lat='30.71644622719' lon='103.99905020633' />
  <node id='3255' visible='true' version='1' lat='30.71642077281' lon='103.99902059368' />
  <node id='3256' visible='true' version='1' lat='30.71644256089' lon='103.99905441638' />
  <node id='3257' visible='true' version='1' lat='30.71641783911' lon='103.99902398362' />
  <node id='3258' visible='true' version='1' lat='30.71643668' lon='103.99906074098' />
  <node id='3259' visible='true' version='1' lat='30.71641012' lon='103.99903245902' />
  <node id='3260' visible='true' version='1' lat='30.71643338484' lon='103.99906488263' />
  <node id='3261' visible='true' version='1' lat='30.71640721515' lon='103.99903611737' />
  <node id='3262' visible='true' version='1' lat='30.71643002248' lon='103.99906897796' />
  <node id='3263' visible='true' version='1' lat='30.71640417752' lon='103.99903982205' />
  <node id='3264' visible='true' version='1' lat='30.71642643488' lon='103.99907322449' />
  <node id='3265' visible='true' version='1' lat='30.71640136512' lon='103.99904317551' />
  <node id='3266' visible='true' version='1' lat='30.71642322719' lon='103.99907680632' />
  <node id='3267' visible='true' version='1' lat='30.71639777281' lon='103.99904719368' />
  <node id='3268' visible='true' version='1' lat='30.71641974506' lon='103.9990808131' />
  <node id='3269' visible='true' version='1' lat='30.71639465494' lon='103.9990507869' />
  <node id='3270' visible='true' version='1' lat='30.71641322719' lon='103.99908810632' />
  <node id='3271' visible='true' version='1' lat='30.71638777281' lon='103.99905849368' />
  <node id='3272' visible='true' version='1' lat='30.71641028485' lon='103.99909148263' />
  <node id='3273' visible='true' version='1' lat='30.71638411515' lon='103.99906271738' />
  <node id='3274' visible='true' version='1' lat='30.71640636089' lon='103.99909621637' />
  <node id='3275' visible='true' version='1' lat='30.71638163911' lon='103.99906578363' />
  <node id='3276' visible='true' version='1' lat='30.71640349225' lon='103.99909931377' />
  <node id='3277' visible='true' version='1' lat='30.71637770775' lon='103.99907008624' />
  <node id='3278' visible='true' version='1' lat='30.71640002719' lon='103.99910340632' />
  <node id='3279' visible='true' version='1' lat='30.71637457281' lon='103.99907379369' />
  <node id='3280' visible='true' version='1' lat='30.71639362248' lon='103.99911077795' />
  <node id='3281' visible='true' version='1' lat='30.71636777752' lon='103.99908162206' />
  <node id='3282' visible='true' version='1' lat='30.71639055095' lon='103.99911442382' />
  <node id='3283' visible='true' version='1' lat='30.71636444905' lon='103.99908557619' />
  <node id='3284' visible='true' version='1' lat='30.71638692719' lon='103.99911880631' />
  <node id='3285' visible='true' version='1' lat='30.71636147281' lon='103.99908919369' />
  <node id='3286' visible='true' version='1' lat='30.71638345552' lon='103.99912280137' />
  <node id='3287' visible='true' version='1' lat='30.71635834447' lon='103.99909279863' />
  <node id='3288' visible='true' version='1' lat='30.71638032719' lon='103.99912630631' />
  <node id='3289' visible='true' version='1' lat='30.71635487281' lon='103.99909669369' />
  <node id='3293' visible='true' version='1' lat='30.71637738485' lon='103.99912968262' />
  <node id='3294' visible='true' version='1' lat='30.71635121515' lon='103.99910091739' />
  <node id='3295' visible='true' version='1' lat='30.71637399225' lon='103.99913381376' />
  <node id='3296' visible='true' version='1' lat='30.71634820775' lon='103.99910458624' />
  <node id='3297' visible='true' version='1' lat='30.71637052719' lon='103.99913790631' />
  <node id='3298' visible='true' version='1' lat='30.7163450728' lon='103.99910829369' />
  <node id='3299' visible='true' version='1' lat='30.71636742248' lon='103.99914147794' />
  <node id='3300' visible='true' version='1' lat='30.71634157751' lon='103.99911232206' />
  <node id='3301' visible='true' version='1' lat='30.71636402719' lon='103.99914550631' />
  <node id='3302' visible='true' version='1' lat='30.7163385728' lon='103.9991158937' />
  <node id='3303' visible='true' version='1' lat='30.71636108485' lon='103.99914888261' />
  <node id='3304' visible='true' version='1' lat='30.71633491515' lon='103.99912011739' />
  <node id='3305' visible='true' version='1' lat='30.71635769225' lon='103.99915301376' />
  <node id='3306' visible='true' version='1' lat='30.71633190775' lon='103.99912378625' />
  <node id='3307' visible='true' version='1' lat='30.71635422719' lon='103.99915710631' />
  <node id='3308' visible='true' version='1' lat='30.7163287728' lon='103.9991274937' />
  <node id='3309' visible='true' version='1' lat='30.71635128485' lon='103.99916048261' />
  <node id='3310' visible='true' version='1' lat='30.71632511515' lon='103.99913171739' />
  <node id='3311' visible='true' version='1' lat='30.7163477272' lon='103.99916480631' />
  <node id='3312' visible='true' version='1' lat='30.7163222728' lon='103.9991351937' />
  <node id='3313' visible='true' version='1' lat='30.71634423488' lon='103.99916882447' />
  <node id='3314' visible='true' version='1' lat='30.71631916511' lon='103.99913877553' />
  <node id='3315' visible='true' version='1' lat='30.7163410272' lon='103.9991724063' />
  <node id='3316' visible='true' version='1' lat='30.7163155728' lon='103.9991427937' />
  <node id='3317' visible='true' version='1' lat='30.71633462249' lon='103.99917977794' />
  <node id='3318' visible='true' version='1' lat='30.71630877751' lon='103.99915062207' />
  <node id='3319' visible='true' version='1' lat='30.7163312272' lon='103.9991838063' />
  <node id='3320' visible='true' version='1' lat='30.7163057728' lon='103.9991541937' />
  <node id='3321' visible='true' version='1' lat='30.71632773489' lon='103.99918782447' />
  <node id='3322' visible='true' version='1' lat='30.71630266511' lon='103.99915777553' />
  <node id='3323' visible='true' version='1' lat='30.7163245272' lon='103.9991914063' />
  <node id='3324' visible='true' version='1' lat='30.7162990728' lon='103.9991617937' />
  <node id='3325' visible='true' version='1' lat='30.71632158485' lon='103.99919478261' />
  <node id='3326' visible='true' version='1' lat='30.71629541515' lon='103.9991660174' />
  <node id='3327' visible='true' version='1' lat='30.71631854078' lon='103.99919849015' />
  <node id='3328' visible='true' version='1' lat='30.71629205922' lon='103.99917010986' />
  <node id='3329' visible='true' version='1' lat='30.71631518485' lon='103.9992026826' />
  <node id='3330' visible='true' version='1' lat='30.71628901515' lon='103.9991739174' />
  <node id='3331' visible='true' version='1' lat='30.71631214078' lon='103.99920639015' />
  <node id='3332' visible='true' version='1' lat='30.71628565922' lon='103.99917800986' />
  <node id='3333' visible='true' version='1' lat='30.71630823489' lon='103.99921122447' />
  <node id='3334' visible='true' version='1' lat='30.71628316511' lon='103.99918117554' />
  <node id='3335' visible='true' version='1' lat='30.7163050272' lon='103.99921480629' />
  <node id='3336' visible='true' version='1' lat='30.7162795728' lon='103.99918519371' />
  <node id='3337' action='delete' visible='true' version='1' lat='30.71629825553' lon='103.99922260135' />
  <node id='3338' action='delete' visible='true' version='1' lat='30.71627314447' lon='103.99919259865' />
  <node id='3339' action='delete' visible='true' version='1' lat='30.71629458016' lon='103.99922671035' />
  <node id='3340' action='delete' visible='true' version='1' lat='30.71627021984' lon='103.99919588965' />
  <node id='3341' action='delete' visible='true' version='1' lat='30.71629175342' lon='103.99922967604' />
  <node id='3342' action='delete' visible='true' version='1' lat='30.71626624658' lon='103.99920012397' />
  <node id='3343' action='delete' visible='true' version='1' lat='30.71628835553' lon='103.99923360135' />
  <node id='3344' action='delete' visible='true' version='1' lat='30.71626324447' lon='103.99920359865' />
  <node id='3345' action='delete' visible='true' version='1' lat='30.71628558485' lon='103.9992366826' />
  <node id='3346' action='delete' visible='true' version='1' lat='30.71625941514' lon='103.99920791741' />
  <node id='3347' action='delete' visible='true' version='1' lat='30.71628292712' lon='103.99923989141' />
  <node id='3348' action='delete' visible='true' version='1' lat='30.71625567288' lon='103.99921250859' />
  <node id='3349' visible='true' version='1' lat='30.71627942062' lon='103.99924453888' />
  <node id='3350' visible='true' version='1' lat='30.71625317938' lon='103.99921586112' />
  <node id='3351' action='delete' visible='true' version='1' lat='30.7162759272' lon='103.99924880629' />
  <node id='3352' action='delete' visible='true' version='1' lat='30.7162504728' lon='103.99921919372' />
  <node id='3356' action='delete' visible='true' version='1' lat='30.71626950717' lon='103.99925619609' />
  <node id='3357' visible='true' version='1' lat='30.71624369283' lon='103.99922700391' />
  <node id='3358' action='delete' visible='true' version='1' lat='30.71626318486' lon='103.99926368259' />
  <node id='3359' action='delete' visible='true' version='1' lat='30.71623701514' lon='103.99923491741' />
  <node id='3360' action='delete' visible='true' version='1' lat='30.71625943489' lon='103.99926822445' />
  <node id='3361' action='delete' visible='true' version='1' lat='30.71623436511' lon='103.99923817555' />
  <node id='3362' action='delete' visible='true' version='1' lat='30.71625639226' lon='103.99927161373' />
  <node id='3363' action='delete' visible='true' version='1' lat='30.71623060774' lon='103.99924238627' />
  <node id='3364' action='delete' visible='true' version='1' lat='30.7162529272' lon='103.99927570628' />
  <node id='3365' visible='true' version='1' lat='30.7162274728' lon='103.99924609372' />
  <node id='3366' action='delete' visible='true' version='1' lat='30.71625052712' lon='103.99927839141' />
  <node id='3367' action='delete' visible='true' version='1' lat='30.71622327288' lon='103.9992510086' />
  <node id='3368' action='delete' visible='true' version='1' lat='30.71624679226' lon='103.99928331373' />
  <node id='3369' action='delete' visible='true' version='1' lat='30.71622100774' lon='103.99925408627' />
  <node id='3370' visible='true' version='1' lat='30.71624368486' lon='103.99928698259' />
  <node id='3371' action='delete' visible='true' version='1' lat='30.71621751514' lon='103.99925821742' />
  <node id='3372' action='delete' visible='true' version='1' lat='30.7162397609' lon='103.99929171633' />
  <node id='3373' action='delete' visible='true' version='1' lat='30.7162150391' lon='103.99926128367' />
  <node id='3374' action='delete' visible='true' version='1' lat='30.71623689226' lon='103.99929481373' />
  <node id='3375' action='delete' visible='true' version='1' lat='30.71621110774' lon='103.99926558627' />
  <node id='3376' action='delete' visible='true' version='1' lat='30.71623344013' lon='103.99929889138' />
  <node id='3377' action='delete' visible='true' version='1' lat='30.71620795987' lon='103.99926930863' />
  <node id='3378' visible='true' version='1' lat='30.71622712249' lon='103.99930617791' />
  <node id='3379' visible='true' version='1' lat='30.7162012775' lon='103.99927702209' />
  <node id='3380' action='delete' visible='true' version='1' lat='30.71622355554' lon='103.99931040134' />
  <node id='3381' action='delete' visible='true' version='1' lat='30.71619844446' lon='103.99928039867' />
  <node id='3382' action='delete' visible='true' version='1' lat='30.71622045342' lon='103.99931387602' />
  <node id='3383' action='delete' visible='true' version='1' lat='30.71619494657' lon='103.99928432398' />
  <node id='3384' action='delete' visible='true' version='1' lat='30.71621739226' lon='103.99931741372' />
  <node id='3385' action='delete' visible='true' version='1' lat='30.71619160774' lon='103.99928818628' />
  <node id='3386' action='delete' visible='true' version='1' lat='30.7162139272' lon='103.99932150627' />
  <node id='3387' action='delete' visible='true' version='1' lat='30.71618847279' lon='103.99929189373' />
  <node id='3388' action='delete' visible='true' version='1' lat='30.71621043489' lon='103.99932552444' />
  <node id='3389' visible='true' version='1' lat='30.7161853651' lon='103.99929547556' />
  <node id='3390' visible='true' version='1' lat='30.71620399226' lon='103.99933271372' />
  <node id='3391' action='delete' visible='true' version='1' lat='30.71617820774' lon='103.99930348628' />
  <node id='3392' action='delete' visible='true' version='1' lat='30.71620052721' lon='103.99933680627' />
  <node id='3393' action='delete' visible='true' version='1' lat='30.71617507279' lon='103.99930719373' />
  <node id='3394' action='delete' visible='true' version='1' lat='30.71619703489' lon='103.99934082444' />
  <node id='3395' visible='true' version='1' lat='30.7161719651' lon='103.99931077556' />
  <node id='3396' visible='true' version='1' lat='30.71619382721' lon='103.99934440627' />
  <node id='3397' action='delete' visible='true' version='1' lat='30.71616837279' lon='103.99931479373' />
  <node id='3398' action='delete' visible='true' version='1' lat='30.71618686091' lon='103.99935241632' />
  <node id='3399' action='delete' visible='true' version='1' lat='30.71616213909' lon='103.99932198368' />
  <node id='3400' action='delete' visible='true' version='1' lat='30.71618418486' lon='103.99935528257' />
  <node id='3401' action='delete' visible='true' version='1' lat='30.71615801514' lon='103.99932651743' />
  <node id='3402' action='delete' visible='true' version='1' lat='30.71617760718' lon='103.99936329607' />
  <node id='3403' action='delete' visible='true' version='1' lat='30.71615179282' lon='103.99933410393' />
  <node id='3404' action='delete' visible='true' version='1' lat='30.71617144079' lon='103.99937059012' />
  <node id='3405' action='delete' visible='true' version='1' lat='30.71614495921' lon='103.99934220989' />
  <node id='3406' action='delete' visible='true' version='1' lat='30.71616772721' lon='103.99937520626' />
  <node id='3407' action='delete' visible='true' version='1' lat='30.71614227279' lon='103.99934559374' />
  <node id='3408' action='delete' visible='true' version='1' lat='30.71616478486' lon='103.99937858257' />
  <node id='3409' action='delete' visible='true' version='1' lat='30.71613861514' lon='103.99934981743' />
  <node id='3410' action='delete' visible='true' version='1' lat='30.71616124014' lon='103.99938289136' />
  <node id='3411' action='delete' visible='true' version='1' lat='30.71613575986' lon='103.99935330864' />
  <node id='3412' action='modify' visible='true' version='1' lat='30.71617097381' lon='103.99937015757' />
  <node id='3413' action='modify' visible='true' version='1' lat='30.71614703847' lon='103.99934013875' />
  <node id='3414' visible='true' version='1' lat='30.71615165343' lon='103.99939417601' />
  <node id='3415' visible='true' version='1' lat='30.71612614657' lon='103.999364624' />
  <node id='3419' visible='true' version='1' lat='30.7161486225' lon='103.99939767789' />
  <node id='3420' visible='true' version='1' lat='30.7161227775' lon='103.99936852211' />
  <node id='3421' visible='true' version='1' lat='30.71614558486' lon='103.99940128257' />
  <node id='3422' visible='true' version='1' lat='30.71611941513' lon='103.99937251744' />
  <node id='3423' visible='true' version='1' lat='30.71614219227' lon='103.99940541371' />
  <node id='3424' visible='true' version='1' lat='30.71611640773' lon='103.9993761863' />
  <node id='3425' visible='true' version='1' lat='30.7161385349' lon='103.99940972443' />
  <node id='3426' visible='true' version='1' lat='30.7161134651' lon='103.99937967558' />
  <node id='3427' visible='true' version='1' lat='30.71613530239' lon='103.99941333479' />
  <node id='3428' visible='true' version='1' lat='30.71610989761' lon='103.99938366522' />
  <node id='3429' visible='true' version='1' lat='30.71613175554' lon='103.99941740132' />
  <node id='3430' visible='true' version='1' lat='30.71610664446' lon='103.99938739869' />
  <node id='3431' visible='true' version='1' lat='30.71612879227' lon='103.9994207137' />
  <node id='3432' visible='true' version='1' lat='30.71610300773' lon='103.9993914863' />
  <node id='3433' visible='true' version='1' lat='30.71612532721' lon='103.99942480625' />
  <node id='3434' visible='true' version='1' lat='30.71609987279' lon='103.99939519375' />
  <node id='3435' visible='true' version='1' lat='30.7161218349' lon='103.99942882442' />
  <node id='3436' visible='true' version='1' lat='30.7160967651' lon='103.99939877558' />
  <node id='3437' visible='true' version='1' lat='30.71611826618' lon='103.99943281057' />
  <node id='3438' visible='true' version='1' lat='30.71609353382' lon='103.99940238943' />
  <node id='3439' visible='true' version='1' lat='30.71610835554' lon='103.99944360131' />
  <node id='3440' visible='true' version='1' lat='30.71608324445' lon='103.99941359869' />
  <node id='3441' visible='true' version='1' lat='30.71610192721' lon='103.99945080625' />
  <node id='3442' visible='true' version='1' lat='30.71607647279' lon='103.99942119375' />
  <node id='3443' visible='true' version='1' lat='30.71609880718' lon='103.99945439605' />
  <node id='3444' visible='true' version='1' lat='30.71607299282' lon='103.99942520395' />
  <node id='3445' visible='true' version='1' lat='30.71609245097' lon='103.99946192375' />
  <node id='3446' visible='true' version='1' lat='30.71606634902' lon='103.99943307625' />
  <node id='3447' visible='true' version='1' lat='30.71608882721' lon='103.99946630625' />
  <node id='3448' visible='true' version='1' lat='30.71606337278' lon='103.99943669376' />
  <node id='3449' visible='true' version='1' lat='30.71608535555' lon='103.99947030131' />
  <node id='3450' visible='true' version='1' lat='30.71606024445' lon='103.9994402987' />
  <node id='3451' visible='true' version='1' lat='30.71608225343' lon='103.99947377599' />
  <node id='3452' visible='true' version='1' lat='30.71605674656' lon='103.99944422401' />
  <node id='3453' visible='true' version='1' lat='30.71607602251' lon='103.99948097788' />
  <node id='3454' visible='true' version='1' lat='30.71605017749' lon='103.99945182213' />
  <node id='3455' visible='true' version='1' lat='30.7160731408' lon='103.99948439009' />
  <node id='3456' visible='true' version='1' lat='30.7160466592' lon='103.99945600991' />
  <node id='3457' visible='true' version='1' lat='30.71607027958' lon='103.99948795451' />
  <node id='3458' visible='true' version='1' lat='30.71604312042' lon='103.99946044549' />
  <node id='3459' visible='true' version='1' lat='30.71606703291' lon='103.99949224611' />
  <node id='3460' visible='true' version='1' lat='30.71604016709' lon='103.9994643539' />
  <node id='3461' visible='true' version='1' lat='30.71606358487' lon='103.99949668255' />
  <node id='3462' visible='true' version='1' lat='30.71603741513' lon='103.99946791746' />
  <node id='3463' visible='true' version='1' lat='30.7160598349' lon='103.99950122441' />
  <node id='3464' visible='true' version='1' lat='30.71603476509' lon='103.9994711756' />
  <node id='3465' visible='true' version='1' lat='30.71605665344' lon='103.99950477599' />
  <node id='3466' visible='true' version='1' lat='30.71603114656' lon='103.99947522402' />
  <node id='3467' visible='true' version='1' lat='30.71605380251' lon='103.99950806102' />
  <node id='3468' visible='true' version='1' lat='30.71602759749' lon='103.99947933899' />
  <node id='3469' visible='true' version='1' lat='30.71604715344' lon='103.99951617598' />
  <node id='3470' visible='true' version='1' lat='30.71602164656' lon='103.99948662402' />
  <node id='3471' visible='true' version='1' lat='30.71604412251' lon='103.99951967787' />
  <node id='3472' visible='true' version='1' lat='30.71601827749' lon='103.99949052213' />
  <node id='3473' visible='true' version='1' lat='30.71604105098' lon='103.99952332374' />
  <node id='3474' visible='true' version='1' lat='30.71601494902' lon='103.99949447627' />
  <node id='3475' visible='true' version='1' lat='30.71603759228' lon='103.99952751368' />
  <node id='3476' visible='true' version='1' lat='30.71601180772' lon='103.99949828632' />
  <node id='3477' visible='true' version='1' lat='30.71603448487' lon='103.99953118254' />
  <node id='3478' visible='true' version='1' lat='30.71600831513' lon='103.99950241746' />
  <node id='3482' visible='true' version='1' lat='30.71603109228' lon='103.99953531368' />
  <node id='3483' visible='true' version='1' lat='30.71600530772' lon='103.99950608632' />
  <node id='3484' visible='true' version='1' lat='30.7160281408' lon='103.99953879008' />
  <node id='3485' visible='true' version='1' lat='30.7160016592' lon='103.99951040992' />
  <node id='3486' visible='true' version='1' lat='30.71602227045' lon='103.9995460979' />
  <node id='3487' visible='true' version='1' lat='30.71599472955' lon='103.99951910211' />
  <node id='3488' visible='true' version='1' lat='30.71601858487' lon='103.99955108254' />
  <node id='3489' visible='true' version='1' lat='30.71599241512' lon='103.99952231747' />
  <node id='3490' visible='true' version='1' lat='30.71600918003' lon='103.99956254089' />
  <node id='3491' visible='true' version='1' lat='30.71598261997' lon='103.99953425912' />
  <node id='3492' visible='true' version='1' lat='30.71600552722' lon='103.99956710623' />
  <node id='3493' visible='true' version='1' lat='30.71598007278' lon='103.99953749378' />
  <node id='3494' visible='true' version='1' lat='30.71600293292' lon='103.99957004609' />
  <node id='3495' visible='true' version='1' lat='30.71597606708' lon='103.99954215391' />
  <node id='3496' visible='true' version='1' lat='30.71599948487' lon='103.99957448253' />
  <node id='3497' visible='true' version='1' lat='30.71597331512' lon='103.99954571747' />
  <node id='3498' visible='true' version='1' lat='30.71599646016' lon='103.99957816585' />
  <node id='3499' visible='true' version='1' lat='30.71596993984' lon='103.99954983416' />
  <node id='3500' visible='true' version='1' lat='30.71599067045' lon='103.99958539789' />
  <node id='3501' visible='true' version='1' lat='30.71596312955' lon='103.99955840211' />
  <node id='3502' visible='true' version='1' lat='30.71598733292' lon='103.99958994609' />
  <node id='3503' visible='true' version='1' lat='30.71596046708' lon='103.99956205391' />
  <node id='3504' visible='true' version='1' lat='30.71598406016' lon='103.99959416584' />
  <node id='3505' visible='true' version='1' lat='30.71595753984' lon='103.99956583416' />
  <node id='3506' visible='true' version='1' lat='30.71597793292' lon='103.99960184609' />
  <node id='3507' visible='true' version='1' lat='30.71595106708' lon='103.99957395392' />
  <node id='3508' visible='true' version='1' lat='30.71597448488' lon='103.99960628253' />
  <node id='3509' visible='true' version='1' lat='30.71594831512' lon='103.99957751748' />
  <node id='3510' visible='true' version='1' lat='30.71597163292' lon='103.99960974609' />
  <node id='3511' visible='true' version='1' lat='30.71594476708' lon='103.99958185392' />
  <node id='3512' visible='true' version='1' lat='30.71596818488' lon='103.99961418253' />
  <node id='3513' visible='true' version='1' lat='30.71594201512' lon='103.99958541748' />
  <node id='3514' visible='true' version='1' lat='30.71596479228' lon='103.99961831367' />
  <node id='3515' visible='true' version='1' lat='30.71593900772' lon='103.99958908634' />
  <node id='3516' visible='true' version='1' lat='30.71596168488' lon='103.99962198253' />
  <node id='3517' visible='true' version='1' lat='30.71593551512' lon='103.99959321748' />
  <node id='3518' visible='true' version='1' lat='30.7159586408' lon='103.99962569007' />
  <node id='3519' visible='true' version='1' lat='30.71593215919' lon='103.99959730994' />
  <node id='3520' visible='true' version='1' lat='30.71595512251' lon='103.99963007785' />
  <node id='3521' visible='true' version='1' lat='30.71592927748' lon='103.99960092215' />
  <node id='3522' visible='true' version='1' lat='30.71595243292' lon='103.99963324608' />
  <node id='3523' visible='true' version='1' lat='30.71592556708' lon='103.99960535392' />
  <node id='3524' action='delete' visible='true' version='1' lat='30.71594604081' lon='103.99964149006' />
  <node id='3525' action='delete' visible='true' version='1' lat='30.71591955919' lon='103.99961310994' />
  <node id='3526' action='delete' visible='true' version='1' lat='30.71593747041' lon='103.99965009461' />
  <node id='3527' action='delete' visible='true' version='1' lat='30.71592172959' lon='103.99961250539' />
  <node id='3528' action='delete' visible='true' version='1' lat='30.71593476309' lon='103.99965152407' />
  <node id='3529' action='delete' visible='true' version='1' lat='30.71591623691' lon='103.99961567593' />
  <node id='3530' action='delete' visible='true' version='1' lat='30.71593240154' lon='103.99965303082' />
  <node id='3531' action='delete' visible='true' version='1' lat='30.71591079846' lon='103.99961956918' />
  <node id='3532' action='delete' visible='true' version='1' lat='30.71592969749' lon='103.99965530409' />
  <node id='3533' action='delete' visible='true' version='1' lat='30.71590610251' lon='103.99962369592' />
  <node id='3534' action='delete' visible='true' version='1' lat='30.71592307702' lon='103.99966189873' />
  <node id='3535' action='delete' visible='true' version='1' lat='30.71589832298' lon='103.99963150128' />
  <node id='3536' action='delete' visible='true' version='1' lat='30.71591958019' lon='103.99966571027' />
  <node id='3537' action='delete' visible='true' version='1' lat='30.71589521981' lon='103.99963488973' />
  <node id='3538' visible='true' version='1' lat='30.71591297702' lon='103.99967269873' />
  <node id='3539' visible='true' version='1' lat='30.71588822298' lon='103.99964230128' />
  <node id='3540' visible='true' version='1' lat='30.71591003581' lon='103.99967589632' />
  <node id='3541' visible='true' version='1' lat='30.71588456419' lon='103.99964630368' />
  <node id='3545' visible='true' version='1' lat='30.71589987702' lon='103.99968759872' />
  <node id='3546' visible='true' version='1' lat='30.71587512298' lon='103.99965720128' />
  <node id='3547' visible='true' version='1' lat='30.71589712252' lon='103.99969057784' />
  <node id='3548' visible='true' version='1' lat='30.71587127748' lon='103.99966142217' />
  <node id='3549' visible='true' version='1' lat='30.71589375345' lon='103.99969457595' />
  <node id='3550' visible='true' version='1' lat='30.71586824655' lon='103.99966502406' />
  <node id='3551' visible='true' version='1' lat='30.71588713492' lon='103.99970222437' />
  <node id='3552' visible='true' version='1' lat='30.71586206508' lon='103.99967217563' />
  <node id='3553' visible='true' version='1' lat='30.71588356093' lon='103.99970621625' />
  <node id='3554' visible='true' version='1' lat='30.71585883907' lon='103.99967578375' />
  <node id='3555' visible='true' version='1' lat='30.71587695556' lon='103.99971340126' />
  <node id='3556' visible='true' version='1' lat='30.71585184444' lon='103.99968339874' />
  <node id='3557' visible='true' version='1' lat='30.71587385345' lon='103.99971687594' />
  <node id='3558' visible='true' version='1' lat='30.71584834655' lon='103.99968732406' />
  <node id='3559' visible='true' version='1' lat='30.71586725556' lon='103.99972450126' />
  <node id='3560' visible='true' version='1' lat='30.71584214444' lon='103.99969449875' />
  <node id='3561' visible='true' version='1' lat='30.71586450252' lon='103.99972756098' />
  <node id='3562' visible='true' version='1' lat='30.71583829748' lon='103.99969883903' />
  <node id='3563' visible='true' version='1' lat='30.71585781881' lon='103.99973571589' />
  <node id='3564' visible='true' version='1' lat='30.71583238119' lon='103.99970608412' />
  <node id='3565' visible='true' version='1' lat='30.71584763492' lon='103.99974742436' />
  <node id='3566' visible='true' version='1' lat='30.71582256508' lon='103.99971737564' />
  <node id='3567' visible='true' version='1' lat='30.71584444809' lon='103.99975098213' />
  <node id='3568' visible='true' version='1' lat='30.71581895191' lon='103.99972141787' />
  <node id='3569' visible='true' version='1' lat='30.71582797702' lon='103.99976999871' />
  <node id='3570' visible='true' version='1' lat='30.71580322297' lon='103.9997396013' />
  <node id='3571' visible='true' version='1' lat='30.71582331455' lon='103.99977494372' />
  <node id='3572' visible='true' version='1' lat='30.71580128545' lon='103.99974185628' />
  <node id='3573' visible='true' version='1' lat='30.71581982045' lon='103.99977805731' />
  <node id='3574' visible='true' version='1' lat='30.71579737955' lon='103.99974534269' />
  <node id='3575' visible='true' version='1' lat='30.71581591455' lon='103.99978164372' />
  <node id='3576' visible='true' version='1' lat='30.71579388545' lon='103.99974855628' />
  <node id='3577' visible='true' version='1' lat='30.71581155355' lon='103.99978550601' />
  <node id='3578' visible='true' version='1' lat='30.71579084644' lon='103.99975129399' />
  <node id='3579' visible='true' version='1' lat='30.7158076684' lon='103.99978865415' />
  <node id='3580' visible='true' version='1' lat='30.7157873316' lon='103.99975414585' />
  <node id='3581' visible='true' version='1' lat='30.71580345378' lon='103.99979197188' />
  <node id='3582' visible='true' version='1' lat='30.71578394622' lon='103.99975682812' />
  <node id='3583' visible='true' version='1' lat='30.71579457078' lon='103.9997985167' />
  <node id='3584' visible='true' version='1' lat='30.71577722922' lon='103.99976188331' />
  <node id='3585' visible='true' version='1' lat='30.71578528989' lon='103.99980434852' />
  <node id='3586' visible='true' version='1' lat='30.71577011011' lon='103.99976645149' />
  <node id='3587' visible='true' version='1' lat='30.71577593597' lon='103.99980931224' />
  <node id='3588' visible='true' version='1' lat='30.71576306403' lon='103.99977028776' />
  <node id='3589' visible='true' version='1' lat='30.71576956998' lon='103.99981196411' />
  <node id='3590' visible='true' version='1' lat='30.71576083001' lon='103.99977143589' />
  <node id='3591' visible='true' version='1' lat='30.71576483873' lon='103.99981332904' />
  <node id='3592' visible='true' version='1' lat='30.71575656127' lon='103.99977267096' />
  <node id='3593' visible='true' version='1' lat='30.71575970251' lon='103.99981471115' />
  <node id='3594' visible='true' version='1' lat='30.71575289749' lon='103.99977368885' />
  <node id='3595' visible='true' version='1' lat='30.71575315192' lon='103.99981602709' />
  <node id='3596' visible='true' version='1' lat='30.71575044807' lon='103.99977437291' />
  <node id='3597' visible='true' version='1' lat='30.71574888724' lon='103.99981639429' />
  <node id='3598' visible='true' version='1' lat='30.71574551275' lon='103.99977480571' />
  <node id='3599' visible='true' version='1' lat='30.71573935192' lon='103.99981742709' />
  <node id='3600' visible='true' version='1' lat='30.71573664807' lon='103.99977577291' />
  <node id='3601' visible='true' version='1' lat='30.7157334' lon='103.99981788578' />
  <node id='3602' visible='true' version='1' lat='30.7157334' lon='103.99977611422' />
  <node id='3603' visible='true' version='1' lat='30.71572529749' lon='103.99981751115' />
  <node id='3604' visible='true' version='1' lat='30.71573210251' lon='103.99977648885' />
  <node id='3608' visible='true' version='1' lat='30.71572217919' lon='103.99981675441' />
  <node id='3609' visible='true' version='1' lat='30.71572622081' lon='103.99977524559' />
  <node id='3610' visible='true' version='1' lat='30.71571419123' lon='103.99981532551' />
  <node id='3611' visible='true' version='1' lat='30.71572500877' lon='103.99977547449' />
  <node id='3612' visible='true' version='1' lat='30.715710206' lon='103.99981387002' />
  <node id='3613' visible='true' version='1' lat='30.715720194' lon='103.99977372997' />
  <node id='3614' visible='true' version='1' lat='30.71570426403' lon='103.99981181222' />
  <node id='3615' visible='true' version='1' lat='30.71571713597' lon='103.99977278777' />
  <node id='3616' visible='true' version='1' lat='30.71570038646' lon='103.99981009192' />
  <node id='3617' visible='true' version='1' lat='30.71571241354' lon='103.99977070807' />
  <node id='3618' visible='true' version='1' lat='30.71569385591' lon='103.99980723772' />
  <node id='3619' visible='true' version='1' lat='30.71571014409' lon='103.99976996228' />
  <node id='3620' visible='true' version='1' lat='30.71568709844' lon='103.99980293077' />
  <node id='3621' visible='true' version='1' lat='30.71570870156' lon='103.99976946923' />
  <node id='3622' visible='true' version='1' lat='30.71568221299' lon='103.99979861184' />
  <node id='3623' visible='true' version='1' lat='30.71570618701' lon='103.99976738816' />
  <node id='3624' visible='true' version='1' lat='30.71567851979' lon='103.99979481022' />
  <node id='3625' visible='true' version='1' lat='30.71570288021' lon='103.99976398978' />
  <node id='3626' visible='true' version='1' lat='30.71567671871' lon='103.99979271828' />
  <node id='3627' visible='true' version='1' lat='30.71569788129' lon='103.99975888172' />
  <node id='3628' visible='true' version='1' lat='30.71567122296' lon='103.99978789867' />
  <node id='3629' visible='true' version='1' lat='30.71569597703' lon='103.99975750132' />
  <node id='3630' visible='true' version='1' lat='30.71566928544' lon='103.99978564369' />
  <node id='3631' visible='true' version='1' lat='30.71569131456' lon='103.99975255631' />
  <node id='3632' visible='true' version='1' lat='30.71566480249' lon='103.99978160403' />
  <node id='3633' visible='true' version='1' lat='30.71568839751' lon='103.99974999597' />
  <node id='3634' visible='true' version='1' lat='30.71566111299' lon='103.99977791183' />
  <node id='3635' visible='true' version='1' lat='30.71568508701' lon='103.99974668816' />
  <node id='3636' visible='true' version='1' lat='30.71565722296' lon='103.99977389867' />
  <node id='3637' visible='true' version='1' lat='30.71568197704' lon='103.99974350133' />
  <node id='3638' visible='true' version='1' lat='30.71565044442' lon='103.99976650121' />
  <node id='3639' visible='true' version='1' lat='30.71567555558' lon='103.99973649879' />
  <node id='3640' visible='true' version='1' lat='30.7156468077' lon='103.9997624136' />
  <node id='3641' visible='true' version='1' lat='30.7156725923' lon='103.9997331864' />
  <node id='3642' visible='true' version='1' lat='30.71564369758' lon='103.99975873468' />
  <node id='3643' visible='true' version='1' lat='30.71566910242' lon='103.99972906532' />
  <node id='3644' visible='true' version='1' lat='30.71564044442' lon='103.99975500121' />
  <node id='3645' visible='true' version='1' lat='30.71566555558' lon='103.99972499879' />
  <node id='3646' visible='true' version='1' lat='30.71563347746' lon='103.99974717778' />
  <node id='3647' visible='true' version='1' lat='30.71565932253' lon='103.99971802222' />
  <node id='3648' visible='true' version='1' lat='30.71563044653' lon='103.99974357589' />
  <node id='3649' visible='true' version='1' lat='30.71565595346' lon='103.99971402411' />
  <node id='3650' visible='true' version='1' lat='30.71562707746' lon='103.99973967778' />
  <node id='3651' visible='true' version='1' lat='30.71565292253' lon='103.99971052222' />
  <node id='3652' visible='true' version='1' lat='30.7156237151' lon='103.99973568245' />
  <node id='3653' visible='true' version='1' lat='30.7156498849' lon='103.99970691755' />
  <node id='3654' visible='true' version='1' lat='30.71562014503' lon='103.99973131754' />
  <node id='3655' visible='true' version='1' lat='30.71564705497' lon='103.99970348246' />
  <node id='3656' visible='true' version='1' lat='30.71561437934' lon='103.99972383874' />
  <node id='3657' visible='true' version='1' lat='30.71564062066' lon='103.99969516126' />
  <node id='3658' visible='true' version='1' lat='30.71561093756' lon='103.99971960785' />
  <node id='3659' visible='true' version='1' lat='30.71563786244' lon='103.99969179214' />
  <node id='3660' visible='true' version='1' lat='30.71560157968' lon='103.99970746605' />
  <node id='3661' visible='true' version='1' lat='30.71562902032' lon='103.99968033394' />
  <node id='3662' visible='true' version='1' lat='30.71559837674' lon='103.99970312534' />
  <node id='3663' visible='true' version='1' lat='30.71562602325' lon='103.99967627466' />
  <node id='3664' visible='true' version='1' lat='30.71559552952' lon='103.99969919781' />
  <node id='3665' visible='true' version='1' lat='30.71562307047' lon='103.99967220219' />
  <node id='3666' visible='true' version='1' lat='30.71559317934' lon='103.99969593873' />
  <node id='3667' visible='true' version='1' lat='30.71561942066' lon='103.99966726126' />
  <node id='3671' visible='true' version='1' lat='30.71559082296' lon='103.99969299865' />
  <node id='3672' visible='true' version='1' lat='30.71561557704' lon='103.99966260134' />
  <node id='3673' visible='true' version='1' lat='30.71558714653' lon='103.99968897588' />
  <node id='3674' visible='true' version='1' lat='30.71561265347' lon='103.99965942412' />
  <node id='3675' visible='true' version='1' lat='30.71558357934' lon='103.99968483873' />
  <node id='3676' visible='true' version='1' lat='30.71560982066' lon='103.99965616127' />
  <node id='3677' visible='true' version='1' lat='30.71558104442' lon='103.99968170119' />
  <node id='3678' visible='true' version='1' lat='30.71560615558' lon='103.9996516988' />
  <node id='3679' visible='true' version='1' lat='30.71557424653' lon='103.99967407588' />
  <node id='3680' visible='true' version='1' lat='30.71559975347' lon='103.99964452412' />
  <node id='3681' visible='true' version='1' lat='30.71557161979' lon='103.99967101019' />
  <node id='3682' visible='true' version='1' lat='30.71559598021' lon='103.99964018981' />
  <node id='3683' visible='true' version='1' lat='30.71556784442' lon='103.99966700119' />
  <node id='3684' visible='true' version='1' lat='30.71559295558' lon='103.99963699881' />
  <node id='3685' visible='true' version='1' lat='30.71556417746' lon='103.99966287776' />
  <node id='3686' visible='true' version='1' lat='30.71559002254' lon='103.99963372223' />
  <node id='3687' visible='true' version='1' lat='30.71556065917' lon='103.99965868998' />
  <node id='3688' visible='true' version='1' lat='30.71558714083' lon='103.99963031002' />
  <node id='3689' visible='true' version='1' lat='30.71555794653' lon='103.99965527587' />
  <node id='3690' visible='true' version='1' lat='30.71558345347' lon='103.99962572412' />
  <node id='3691' visible='true' version='1' lat='30.71555512296' lon='103.99965199864' />
  <node id='3692' visible='true' version='1' lat='30.71557987704' lon='103.99962160135' />
  <node id='3693' visible='true' version='1' lat='30.71555203032' lon='103.99964862133' />
  <node id='3694' visible='true' version='1' lat='30.71557636968' lon='103.99961777866' />
  <node id='3695' visible='true' version='1' lat='30.71554816506' lon='103.99964452429' />
  <node id='3696' visible='true' version='1' lat='30.71557323494' lon='103.9996144757' />
  <node id='3697' visible='true' version='1' lat='30.71554454653' lon='103.99964047587' />
  <node id='3698' visible='true' version='1' lat='30.71557005347' lon='103.99961092413' />
  <node id='3699' visible='true' version='1' lat='30.71554172296' lon='103.99963719864' />
  <node id='3700' visible='true' version='1' lat='30.71556647704' lon='103.99960680135' />
  <node id='3701' visible='true' version='1' lat='30.71553824442' lon='103.99963340118' />
  <node id='3702' visible='true' version='1' lat='30.71556335558' lon='103.99960339881' />
  <node id='3703' visible='true' version='1' lat='30.71553531978' lon='103.99963011018' />
  <node id='3704' visible='true' version='1' lat='30.71555968022' lon='103.99959928981' />
  <node id='3705' visible='true' version='1' lat='30.71553155142' lon='103.99962610903' />
  <node id='3706' visible='true' version='1' lat='30.71555664858' lon='103.99959609096' />
  <node id='3707' visible='true' version='1' lat='30.71552172295' lon='103.99961509864' />
  <node id='3708' visible='true' version='1' lat='30.71554647704' lon='103.99958470136' />
  <node id='3709' visible='true' version='1' lat='30.71551804653' lon='103.99961107586' />
  <node id='3710' visible='true' version='1' lat='30.71554355347' lon='103.99958152413' />
  <node id='3711' visible='true' version='1' lat='30.71551522295' lon='103.99960779864' />
  <node id='3712' visible='true' version='1' lat='30.71553997704' lon='103.99957740136' />
  <node id='3713' visible='true' version='1' lat='30.71551211978' lon='103.99960441018' />
  <node id='3714' visible='true' version='1' lat='30.71553648022' lon='103.99957358982' />
  <node id='3715' visible='true' version='1' lat='30.71550834441' lon='103.99960040118' />
  <node id='3716' visible='true' version='1' lat='30.71553345558' lon='103.99957039882' />
  <node id='3717' visible='true' version='1' lat='30.71550542512' lon='103.99959711583' />
  <node id='3718' visible='true' version='1' lat='30.71552977488' lon='103.99956628417' />
  <node id='3719' visible='true' version='1' lat='30.71549799757' lon='103.99958923464' />
  <node id='3720' visible='true' version='1' lat='30.71552340243' lon='103.99955956535' />
  <node id='3721' visible='true' version='1' lat='30.71549492295' lon='103.99958569863' />
  <node id='3722' visible='true' version='1' lat='30.71551967705' lon='103.99955530137' />
  <node id='3723' visible='true' version='1' lat='30.71548814441' lon='103.99957830117' />
  <node id='3724' visible='true' version='1' lat='30.71551325559' lon='103.99954829883' />
  <node id='3725' visible='true' version='1' lat='30.71548467274' lon='103.99957440611' />
  <node id='3726' visible='true' version='1' lat='30.71551012725' lon='103.99954479389' />
  <node id='3727' visible='true' version='1' lat='30.71548173904' lon='103.99957101616' />
  <node id='3728' visible='true' version='1' lat='30.71550646095' lon='103.99954058384' />
  <node id='3729' visible='true' version='1' lat='30.71547814441' lon='103.99956710117' />
  <node id='3730' visible='true' version='1' lat='30.71550325559' lon='103.99953709883' />
  <node id='3734' visible='true' version='1' lat='30.71547467274' lon='103.99956320611' />
  <node id='3735' visible='true' version='1' lat='30.71550012726' lon='103.99953359389' />
  <node id='3736' visible='true' version='1' lat='30.71546111509' lon='103.99954758241' />
  <node id='3737' visible='true' version='1' lat='30.71548728491' lon='103.99951881758' />
  <node id='3738' visible='true' version='1' lat='30.71545824652' lon='103.99954407585' />
  <node id='3739' visible='true' version='1' lat='30.71548375348' lon='103.99951452415' />
  <node id='3740' visible='true' version='1' lat='30.71545469745' lon='103.99953996088' />
  <node id='3741' visible='true' version='1' lat='30.71548090255' lon='103.99951123911' />
  <node id='3742' visible='true' version='1' lat='30.71544857745' lon='103.99953247774' />
  <node id='3743' visible='true' version='1' lat='30.71547442255' lon='103.99950332226' />
  <node id='3744' visible='true' version='1' lat='30.71544521509' lon='103.99952848241' />
  <node id='3745' visible='true' version='1' lat='30.71547138491' lon='103.99949971759' />
  <node id='3746' visible='true' version='1' lat='30.71544234652' lon='103.99952497585' />
  <node id='3747' visible='true' version='1' lat='30.71546785348' lon='103.99949542415' />
  <node id='3748' visible='true' version='1' lat='30.71543877933' lon='103.9995208387' />
  <node id='3749' visible='true' version='1' lat='30.71546502067' lon='103.9994921613' />
  <node id='3750' visible='true' version='1' lat='30.71543624441' lon='103.99951770116' />
  <node id='3751' visible='true' version='1' lat='30.71546135559' lon='103.99948769884' />
  <node id='3752' visible='true' version='1' lat='30.71543274652' lon='103.99951377584' />
  <node id='3753' visible='true' version='1' lat='30.71545825348' lon='103.99948422415' />
  <node id='3754' visible='true' version='1' lat='30.71542937745' lon='103.99950987773' />
  <node id='3755' visible='true' version='1' lat='30.71545522255' lon='103.99948072227' />
  <node id='3756' visible='true' version='1' lat='30.71542317274' lon='103.9995025061' />
  <node id='3757' visible='true' version='1' lat='30.71544862726' lon='103.9994728939' />
  <node id='3758' visible='true' version='1' lat='30.71542005487' lon='103.99949891288' />
  <node id='3759' visible='true' version='1' lat='30.71544514513' lon='103.99946888712' />
  <node id='3760' visible='true' version='1' lat='30.71541373031' lon='103.9994918213' />
  <node id='3761' visible='true' version='1' lat='30.71543806969' lon='103.9994609787' />
  <node id='3762' visible='true' version='1' lat='30.71541002295' lon='103.99948789861' />
  <node id='3763' visible='true' version='1' lat='30.71543477705' lon='103.99945750139' />
  <node id='3764' visible='true' version='1' lat='30.71540617745' lon='103.99948367773' />
  <node id='3765' visible='true' version='1' lat='30.71543202255' lon='103.99945452227' />
  <node id='3766' visible='true' version='1' lat='30.71540334441' lon='103.99948030115' />
  <node id='3767' visible='true' version='1' lat='30.71542845559' lon='103.99945029885' />
  <node id='3768' visible='true' version='1' lat='30.71540041977' lon='103.99947701015' />
  <node id='3769' visible='true' version='1' lat='30.71542478022' lon='103.99944618985' />
  <node id='3770' visible='true' version='1' lat='30.71539721297' lon='103.99947361177' />
  <node id='3771' visible='true' version='1' lat='30.71542118703' lon='103.99944238823' />
  <node id='3772' visible='true' version='1' lat='30.71539351977' lon='103.99946981015' />
  <node id='3773' visible='true' version='1' lat='30.71541788022' lon='103.99943898985' />
  <node id='3774' visible='true' version='1' lat='30.71539031297' lon='103.99946641177' />
  <node id='3775' visible='true' version='1' lat='30.71541428703' lon='103.99943518823' />
  <node id='3776' visible='true' version='1' lat='30.71538642294' lon='103.9994623986' />
  <node id='3777' visible='true' version='1' lat='30.71541117705' lon='103.99943200139' />
  <node id='3778' visible='true' version='1' lat='30.71538277274' lon='103.99945840609' />
  <node id='3779' visible='true' version='1' lat='30.71540822726' lon='103.99942879391' />
  <node id='3780' visible='true' version='1' lat='30.71537907932' lon='103.99945413868' />
  <node id='3781' visible='true' version='1' lat='30.71540532068' lon='103.99942546131' />
  <node id='3782' visible='true' version='1' lat='30.71537617745' lon='103.99945057772' />
  <node id='3783' visible='true' version='1' lat='30.71540202255' lon='103.99942142228' />
  <node id='3784' visible='true' version='1' lat='30.71537277932' lon='103.99944653868' />
  <node id='3785' visible='true' version='1' lat='30.71539902068' lon='103.99941786132' />
  <node id='3786' visible='true' version='1' lat='30.71536694652' lon='103.99943937583' />
  <node id='3787' visible='true' version='1' lat='30.71539245348' lon='103.99940982417' />
  <node id='3788' visible='true' version='1' lat='30.7153639444' lon='103.99943590114' />
  <node id='3789' visible='true' version='1' lat='30.71538905559' lon='103.99940589885' />
  <node id='3790' visible='true' version='1' lat='30.71536047274' lon='103.99943200608' />
  <node id='3791' visible='true' version='1' lat='30.71538592726' lon='103.99940239392' />
  <node id='3792' visible='true' version='1' lat='30.71535736505' lon='103.99942842425' />
  <node id='3793' visible='true' version='1' lat='30.71538243495' lon='103.99939837575' />
  <node id='3797' visible='true' version='1' lat='30.71534732294' lon='103.9994171986' />
  <node id='3798' visible='true' version='1' lat='30.71537207706' lon='103.9993868014' />
  <node id='3799' visible='true' version='1' lat='30.7153438444' lon='103.99941340114' />
  <node id='3800' visible='true' version='1' lat='30.7153689556' lon='103.99938339886' />
  <node id='3801' visible='true' version='1' lat='30.71534017744' lon='103.99940927771' />
  <node id='3802' visible='true' version='1' lat='30.71536602255' lon='103.99938012229' />
  <node id='3803' visible='true' version='1' lat='30.7153373444' lon='103.99940590114' />
  <node id='3804' visible='true' version='1' lat='30.7153624556' lon='103.99937589886' />
  <node id='3805' visible='true' version='1' lat='30.71533385321' lon='103.99940198355' />
  <node id='3806' visible='true' version='1' lat='30.71535934679' lon='103.99937241644' />
  <node id='3807' visible='true' version='1' lat='30.7153211444' lon='103.99938730113' />
  <node id='3808' visible='true' version='1' lat='30.7153462556' lon='103.99935729886' />
  <node id='3809' visible='true' version='1' lat='30.71531747744' lon='103.99938317771' />
  <node id='3810' visible='true' version='1' lat='30.71534332255' lon='103.99935402229' />
  <node id='3811' visible='true' version='1' lat='30.7153146444' lon='103.99937980113' />
  <node id='3812' visible='true' version='1' lat='30.7153397556' lon='103.99934979887' />
  <node id='3813' visible='true' version='1' lat='30.71530822294' lon='103.99937259859' />
  <node id='3814' visible='true' version='1' lat='30.71533297706' lon='103.99934220141' />
  <node id='3815' visible='true' version='1' lat='30.7153053075' lon='103.99936940612' />
  <node id='3816' visible='true' version='1' lat='30.7153292925' lon='103.99933819388' />
  <node id='3817' visible='true' version='1' lat='30.71530152294' lon='103.99936549858' />
  <node id='3818' visible='true' version='1' lat='30.71532627706' lon='103.99933510141' />
  <node id='3819' visible='true' version='1' lat='30.71529784651' lon='103.99936147581' />
  <node id='3820' visible='true' version='1' lat='30.71532335349' lon='103.99933192418' />
  <node id='3821' visible='true' version='1' lat='30.71529502294' lon='103.99935819858' />
  <node id='3822' visible='true' version='1' lat='30.71531977706' lon='103.99932780141' />
  <node id='3823' visible='true' version='1' lat='30.71529134651' lon='103.99935417581' />
  <node id='3824' visible='true' version='1' lat='30.71531685349' lon='103.99932462419' />
  <node id='3825' visible='true' version='1' lat='30.71528765915' lon='103.99934988992' />
  <node id='3826' visible='true' version='1' lat='30.71531414085' lon='103.99932151008' />
  <node id='3827' visible='true' version='1' lat='30.71528499756' lon='103.99934653459' />
  <node id='3828' visible='true' version='1' lat='30.71531040244' lon='103.9993168654' />
  <node id='3829' visible='true' version='1' lat='30.71528121508' lon='103.99934218237' />
  <node id='3830' visible='true' version='1' lat='30.71530738492' lon='103.99931341762' />
  <node id='3831' visible='true' version='1' lat='30.71527819276' lon='103.99933849587' />
  <node id='3832' visible='true' version='1' lat='30.71530400724' lon='103.99930930413' />
  <node id='3833' visible='true' version='1' lat='30.71527184651' lon='103.99933097581' />
  <node id='3834' visible='true' version='1' lat='30.71529735349' lon='103.99930142419' />
  <node id='3835' visible='true' version='1' lat='30.71526847744' lon='103.99932707769' />
  <node id='3836' visible='true' version='1' lat='30.71529432256' lon='103.9992979223' />
  <node id='3837' visible='true' version='1' lat='30.71526495915' lon='103.99932288991' />
  <node id='3838' visible='true' version='1' lat='30.71529144085' lon='103.99929451008' />
  <node id='3839' visible='true' version='1' lat='30.71526245998' lon='103.99931971857' />
  <node id='3840' visible='true' version='1' lat='30.71528754001' lon='103.99928968142' />
  <node id='3841' visible='true' version='1' lat='30.71524877273' lon='103.99930440605' />
  <node id='3842' visible='true' version='1' lat='30.71527422727' lon='103.99927479394' />
  <node id='3843' visible='true' version='1' lat='30.71524583903' lon='103.99930101611' />
  <node id='3844' visible='true' version='1' lat='30.71527056097' lon='103.99927058389' />
  <node id='3845' visible='true' version='1' lat='30.71524226504' lon='103.99929712422' />
  <node id='3846' visible='true' version='1' lat='30.71526733496' lon='103.99926707578' />
  <node id='3847' visible='true' version='1' lat='30.71523868115' lon='103.99929311575' />
  <node id='3848' visible='true' version='1' lat='30.71526411885' lon='103.99926348425' />
  <node id='3849' visible='true' version='1' lat='30.71522886504' lon='103.99928182422' />
  <node id='3850' visible='true' version='1' lat='30.71525393496' lon='103.99925177578' />
  <node id='3851' visible='true' version='1' lat='30.71522184651' lon='103.99927397579' />
  <node id='3852' visible='true' version='1' lat='30.71524735349' lon='103.9992444242' />
  <node id='3853' visible='true' version='1' lat='30.71521847744' lon='103.99927007768' />
  <node id='3854' visible='true' version='1' lat='30.71524432256' lon='103.99924092231' />
  <node id='3855' visible='true' version='1' lat='30.71521582293' lon='103.99926689856' />
  <node id='3856' visible='true' version='1' lat='30.71524057706' lon='103.99923650143' />
  <node id='3860' visible='true' version='1' lat='30.71521217273' lon='103.99926290605' />
  <node id='3861' visible='true' version='1' lat='30.71523762727' lon='103.99923329395' />
  <node id='3862' visible='true' version='1' lat='30.71520574439' lon='103.9992555011' />
  <node id='3863' visible='true' version='1' lat='30.7152308556' lon='103.99922549889' />
  <node id='3864' visible='true' version='1' lat='30.71520207744' lon='103.99925137768' />
  <node id='3865' visible='true' version='1' lat='30.71522792256' lon='103.99922222232' />
  <node id='3866' visible='true' version='1' lat='30.71519943902' lon='103.99924821609' />
  <node id='3867' visible='true' version='1' lat='30.71522416097' lon='103.9992177839' />
  <node id='3868' visible='true' version='1' lat='30.71519210767' lon='103.99924021349' />
  <node id='3869' visible='true' version='1' lat='30.71521789233' lon='103.9992109865' />
  <node id='3870' visible='true' version='1' lat='30.71518933902' lon='103.99923691609' />
  <node id='3871' visible='true' version='1' lat='30.71521406097' lon='103.9992064839' />
  <node id='3872' visible='true' version='1' lat='30.71518650246' lon='103.99923380391' />
  <node id='3873' visible='true' version='1' lat='30.71521009754' lon='103.99920219608' />
  <node id='3874' visible='true' version='1' lat='30.71518216503' lon='103.99922942421' />
  <node id='3875' visible='true' version='1' lat='30.71520723496' lon='103.99919937579' />
  <node id='3876' visible='true' version='1' lat='30.7151785465' lon='103.99922537578' />
  <node id='3877' visible='true' version='1' lat='30.71520405349' lon='103.99919582421' />
  <node id='3878' visible='true' version='1' lat='30.71517234439' lon='103.9992182011' />
  <node id='3879' visible='true' version='1' lat='30.71519745561' lon='103.9991881989' />
  <node id='3880' visible='true' version='1' lat='30.71516867743' lon='103.99921407767' />
  <node id='3881' visible='true' version='1' lat='30.71519452256' lon='103.99918492233' />
  <node id='3882' visible='true' version='1' lat='30.71516500939' lon='103.99920970037' />
  <node id='3883' visible='true' version='1' lat='30.71519179061' lon='103.99918169963' />
  <node id='3884' visible='true' version='1' lat='30.71516172239' lon='103.99920548809' />
  <node id='3885' visible='true' version='1' lat='30.71518867761' lon='103.99917771191' />
  <node id='3886' visible='true' version='1' lat='30.7151549753' lon='103.99919665125' />
  <node id='3887' visible='true' version='1' lat='30.7151834247' lon='103.99917094874' />
  <node id='3888' visible='true' version='1' lat='30.71514892258' lon='103.99918766747' />
  <node id='3889' visible='true' version='1' lat='30.71517787742' lon='103.99916273252' />
  <node id='3890' visible='true' version='1' lat='30.71514552178' lon='103.99918229591' />
  <node id='3891' visible='true' version='1' lat='30.71517587822' lon='103.99915970409' />
  <node id='3892' visible='true' version='1' lat='30.71514218772' lon='103.99917613058' />
  <node id='3893' visible='true' version='1' lat='30.71517421228' lon='103.99915686941' />
  <node id='3894' visible='true' version='1' lat='30.71513974615' lon='103.99917067231' />
  <node id='3895' visible='true' version='1' lat='30.71517225385' lon='103.99915252769' />
  <node id='3896' visible='true' version='1' lat='30.71513759455' lon='103.99916549908' />
  <node id='3897' visible='true' version='1' lat='30.71517040545' lon='103.99914810092' />
  <node id='3898' visible='true' version='1' lat='30.71513495139' lon='103.99915850155' />
  <node id='3899' visible='true' version='1' lat='30.71516924861' lon='103.99914549845' />
  <node id='3900' visible='true' version='1' lat='30.71513355317' lon='103.99915355074' />
  <node id='3901' visible='true' version='1' lat='30.71516764682' lon='103.99913984926' />
  <node id='3902' visible='true' version='1' lat='30.71513190197' lon='103.99914802425' />
  <node id='3903' visible='true' version='1' lat='30.71516629803' lon='103.99913537574' />
  <node id='3904' visible='true' version='1' lat='30.71513036586' lon='103.99914240517' />
  <node id='3905' visible='true' version='1' lat='30.71516503414' lon='103.99913079483' />
  <node id='3906' visible='true' version='1' lat='30.71512880228' lon='103.99913602231' />
  <node id='3907' visible='true' version='1' lat='30.71516399772' lon='103.99912677769' />
  <node id='3908' visible='true' version='1' lat='30.71512749694' lon='103.9991289163' />
  <node id='3909' visible='true' version='1' lat='30.71516330306' lon='103.99912368369' />
  <node id='3910' visible='true' version='1' lat='30.71512679199' lon='103.99912214019' />
  <node id='3911' visible='true' version='1' lat='30.71516280801' lon='103.99911945981' />
  <node id='3912' visible='true' version='1' lat='30.71512647199' lon='103.99911448867' />
  <node id='3913' visible='true' version='1' lat='30.71516252801' lon='103.99911631133' />
  <node id='3914' visible='true' version='1' lat='30.71512672325' lon='103.99910828253' />
  <node id='3915' visible='true' version='1' lat='30.71516267675' lon='103.99911191747' />
  <node id='3916' visible='true' version='1' lat='30.71512716142' lon='103.99910253298' />
  <node id='3917' visible='true' version='1' lat='30.71516303858' lon='103.99910706702' />
  <node id='3918' visible='true' version='1' lat='30.71512800228' lon='103.99909487769' />
  <node id='3919' visible='true' version='1' lat='30.71516319772' lon='103.99910412231' />
  <node id='3923' visible='true' version='1' lat='30.71512951745' lon='103.99908766951' />
  <node id='3924' visible='true' version='1' lat='30.71516368255' lon='103.99910113049' />
  <node id='3925' visible='true' version='1' lat='30.71513158183' lon='103.99908089151' />
  <node id='3926' visible='true' version='1' lat='30.71516461817' lon='103.9990977085' />
  <node id='3927' visible='true' version='1' lat='30.71513413366' lon='103.99907435111' />
  <node id='3928' visible='true' version='1' lat='30.71516586634' lon='103.99909424889' />
  <node id='3929' visible='true' version='1' lat='30.71513730517' lon='103.99906780959' />
  <node id='3930' visible='true' version='1' lat='30.71516709483' lon='103.99909139042' />
  <node id='3931' visible='true' version='1' lat='30.71513979975' lon='103.99906359' />
  <node id='3932' visible='true' version='1' lat='30.71516980025' lon='103.99908681' />
  <node id='3933' visible='true' version='1' lat='30.71514377281' lon='103.99905700884' />
  <node id='3934' visible='true' version='1' lat='30.71517102719' lon='103.99908439117' />
  <node id='3935' visible='true' version='1' lat='30.7151476465' lon='103.99905192422' />
  <node id='3936' visible='true' version='1' lat='30.71517315349' lon='103.99908147578' />
  <node id='3937' visible='true' version='1' lat='30.71514931335' lon='103.99905024114' />
  <node id='3938' visible='true' version='1' lat='30.71517788665' lon='103.99907575887' />
  <node id='3939' visible='true' version='1' lat='30.7151521753' lon='103.99904594875' />
  <node id='3940' visible='true' version='1' lat='30.7151806247' lon='103.99907165126' />
  <node id='3941' visible='true' version='1' lat='30.71515567281' lon='103.99904080884' />
  <node id='3942' visible='true' version='1' lat='30.71518292718' lon='103.99906819117' />
  <node id='3943' visible='true' version='1' lat='30.71515814319' lon='103.99903754872' />
  <node id='3944' visible='true' version='1' lat='30.71518645681' lon='103.99906345128' />
  <node id='3945' visible='true' version='1' lat='30.71516113702' lon='103.99903316984' />
  <node id='3946' visible='true' version='1' lat='30.71518906298' lon='103.99905963017' />
  <node id='3947' visible='true' version='1' lat='30.71516487931' lon='103.99902796137' />
  <node id='3948' visible='true' version='1' lat='30.71519112069' lon='103.99905663864' />
  <node id='3949' visible='true' version='1' lat='30.71516817743' lon='103.99902392233' />
  <node id='3950' visible='true' version='1' lat='30.71519402256' lon='103.99905307767' />
  <node id='3951' visible='true' version='1' lat='30.71517082239' lon='103.99902081191' />
  <node id='3952' visible='true' version='1' lat='30.71519777761' lon='103.9990485881' />
  <node id='3953' visible='true' version='1' lat='30.71517405915' lon='103.99901661011' />
  <node id='3954' visible='true' version='1' lat='30.71520054085' lon='103.99904498989' />
  <node id='3955' visible='true' version='1' lat='30.71517760767' lon='103.99901218651' />
  <node id='3956' visible='true' version='1' lat='30.71520339233' lon='103.99904141349' />
  <node id='3957' visible='true' version='1' lat='30.71518055915' lon='103.99900871011' />
  <node id='3958' visible='true' version='1' lat='30.71520704085' lon='103.9990370899' />
  <node id='3959' visible='true' version='1' lat='30.71518410767' lon='103.99900428651' />
  <node id='3960' visible='true' version='1' lat='30.71520989233' lon='103.99903351349' />
  <node id='3961' visible='true' version='1' lat='30.71518754651' lon='103.99900022421' />
  <node id='3962' visible='true' version='1' lat='30.71521305349' lon='103.99902977579' />
  <node id='3963' visible='true' version='1' lat='30.71519112293' lon='103.99899610144' />
  <node id='3964' visible='true' version='1' lat='30.71521587707' lon='103.99902649856' />
  <node id='3965' visible='true' version='1' lat='30.71519480749' lon='103.99899209391' />
  <node id='3966' visible='true' version='1' lat='30.71521879251' lon='103.9990233061' />
  <node id='3967' visible='true' version='1' lat='30.71519782293' lon='103.99898900144' />
  <node id='3968' visible='true' version='1' lat='30.71522257706' lon='103.99901939856' />
  <node id='3969' visible='true' version='1' lat='30.71520095486' lon='103.99898558717' />
  <node id='3970' visible='true' version='1' lat='30.71522604514' lon='103.99901561283' />
  <node id='3971' visible='true' version='1' lat='30.71521452293' lon='103.99897040144' />
  <node id='3972' visible='true' version='1' lat='30.71523927706' lon='103.99900079857' />
  <node id='3973' visible='true' version='1' lat='30.71521744651' lon='103.99896722421' />
  <node id='3974' visible='true' version='1' lat='30.71524295349' lon='103.9989967758' />
  <node id='3975' visible='true' version='1' lat='30.7152208444' lon='103.99896329889' />
  <node id='3976' visible='true' version='1' lat='30.7152459556' lon='103.99899330111' />
  <node id='3977' visible='true' version='1' lat='30.71522432294' lon='103.99895940143' />
  <node id='3978' visible='true' version='1' lat='30.71524907706' lon='103.99898979857' />
  <node id='3979' visible='true' version='1' lat='30.71522746504' lon='103.99895597578' />
  <node id='3980' visible='true' version='1' lat='30.71525253496' lon='103.99898602422' />
  <node id='3981' visible='true' version='1' lat='30.71523050767' lon='103.9989525865' />
  <node id='3982' visible='true' version='1' lat='30.71525629233' lon='103.9989818135' />
  <node id='3986' visible='true' version='1' lat='30.71523341992' lon='103.99894915929' />
  <node id='3987' visible='true' version='1' lat='30.71525998008' lon='103.99897744072' />
  <node id='3988' visible='true' version='1' lat='30.71523690767' lon='103.9989447865' />
  <node id='3989' visible='true' version='1' lat='30.71526269233' lon='103.99897401351' />
  <node id='3990' visible='true' version='1' lat='30.71524037273' lon='103.99894069395' />
  <node id='3991' visible='true' version='1' lat='30.71526582727' lon='103.99897030606' />
  <node id='3992' visible='true' version='1' lat='30.71524347744' lon='103.99893712231' />
  <node id='3993' visible='true' version='1' lat='30.71526932256' lon='103.99896627769' />
  <node id='3994' visible='true' version='1' lat='30.71524651508' lon='103.99893351764' />
  <node id='3995' visible='true' version='1' lat='30.71527268492' lon='103.99896228237' />
  <node id='3996' visible='true' version='1' lat='30.71525004651' lon='103.9989292242' />
  <node id='3997' visible='true' version='1' lat='30.71527555349' lon='103.9989587758' />
  <node id='3998' visible='true' version='1' lat='30.71525682294' lon='103.99892140143' />
  <node id='3999' visible='true' version='1' lat='30.71528157706' lon='103.99895179858' />
  <node id='4000' visible='true' version='1' lat='30.71525957744' lon='103.99891842231' />
  <node id='4001' visible='true' version='1' lat='30.71528542256' lon='103.9989475777' />
  <node id='4002' visible='true' version='1' lat='30.71526314967' lon='103.99891419298' />
  <node id='4003' visible='true' version='1' lat='30.71528825033' lon='103.99894420703' />
  <node id='4004' visible='true' version='1' lat='30.71527571993' lon='103.99890015928' />
  <node id='4005' visible='true' version='1' lat='30.71530228007' lon='103.99892844073' />
  <node id='4006' visible='true' version='1' lat='30.71527920768' lon='103.99889578649' />
  <node id='4007' visible='true' version='1' lat='30.71530499232' lon='103.99892501352' />
  <node id='4008' visible='true' version='1' lat='30.71528265981' lon='103.99889170884' />
  <node id='4009' visible='true' version='1' lat='30.71530814019' lon='103.99892129116' />
  <node id='4010' visible='true' version='1' lat='30.71528897744' lon='103.9988844223' />
  <node id='4011' visible='true' version='1' lat='30.71531482255' lon='103.9989135777' />
  <node id='4012' visible='true' version='1' lat='30.7152925444' lon='103.99888019888' />
  <node id='4013' visible='true' version='1' lat='30.7153176556' lon='103.99891020113' />
  <node id='4014' visible='true' version='1' lat='30.71529567273' lon='103.99887669394' />
  <node id='4015' visible='true' version='1' lat='30.71532112726' lon='103.99890630607' />
  <node id='4016' visible='true' version='1' lat='30.71529880768' lon='103.99887308648' />
  <node id='4017' visible='true' version='1' lat='30.71532459232' lon='103.99890231352' />
  <node id='4018' visible='true' version='1' lat='30.71530188844' lon='103.99886945016' />
  <node id='4019' visible='true' version='1' lat='30.71532811155' lon='103.99889814985' />
  <node id='4020' visible='true' version='1' lat='30.71531457745' lon='103.9988539223' />
  <node id='4021' visible='true' version='1' lat='30.71534042255' lon='103.99888307771' />
  <node id='4022' visible='true' version='1' lat='30.71531764898' lon='103.99885027643' />
  <node id='4023' visible='true' version='1' lat='30.71534375102' lon='103.99887912358' />
  <node id='4024' visible='true' version='1' lat='30.71532110768' lon='103.99884608648' />
  <node id='4025' visible='true' version='1' lat='30.71534689232' lon='103.99887531352' />
  <node id='4026' visible='true' version='1' lat='30.71532476505' lon='103.99884177576' />
  <node id='4027' visible='true' version='1' lat='30.71534983495' lon='103.99887182424' />
  <node id='4028' visible='true' version='1' lat='30.71532780768' lon='103.99883838648' />
  <node id='4029' visible='true' version='1' lat='30.71535359232' lon='103.99886761353' />
  <node id='4030' visible='true' version='1' lat='30.71533127274' lon='103.99883429393' />
  <node id='4031' visible='true' version='1' lat='30.71535672726' lon='103.99886390608' />
  <node id='4032' visible='true' version='1' lat='30.71533424898' lon='103.99883087642' />
  <node id='4033' visible='true' version='1' lat='30.71536035102' lon='103.99885972358' />
  <node id='4034' visible='true' version='1' lat='30.71533806505' lon='103.99882627576' />
  <node id='4035' visible='true' version='1' lat='30.71536313495' lon='103.99885632425' />
  <node id='4036' visible='true' version='1' lat='30.71534110768' lon='103.99882288647' />
  <node id='4037' visible='true' version='1' lat='30.71536689232' lon='103.99885211353' />
  <node id='4038' visible='true' version='1' lat='30.71534459756' lon='103.99881876539' />
  <node id='4039' visible='true' version='1' lat='30.71537000244' lon='103.99884843461' />
  <node id='4040' visible='true' version='1' lat='30.71534816505' lon='103.99881467576' />
  <node id='4041' visible='true' version='1' lat='30.71537323495' lon='103.99884472425' />
  <node id='4042' visible='true' version='1' lat='30.71535173904' lon='103.99881068387' />
  <node id='4043' visible='true' version='1' lat='30.71537646096' lon='103.99884111613' />
  <node id='4044' visible='true' version='1' lat='30.71535496505' lon='103.99880717575' />
  <node id='4045' visible='true' version='1' lat='30.71538003495' lon='103.99883722425' />
  <node id='4049' visible='true' version='1' lat='30.71535800768' lon='103.99880378647' />
  <node id='4050' visible='true' version='1' lat='30.71538379232' lon='103.99883301353' />
  <node id='4051' visible='true' version='1' lat='30.71536441509' lon='103.99879621761' />
  <node id='4052' visible='true' version='1' lat='30.71539058491' lon='103.99882498239' />
  <node id='4053' visible='true' version='1' lat='30.71536780768' lon='103.99879208647' />
  <node id='4054' visible='true' version='1' lat='30.71539359232' lon='103.99882131354' />
  <node id='4055' visible='true' version='1' lat='30.71537124652' lon='103.99878802417' />
  <node id='4056' visible='true' version='1' lat='30.71539675348' lon='103.99881757583' />
  <node id='4057' visible='true' version='1' lat='30.71537427745' lon='103.99878452228' />
  <node id='4058' visible='true' version='1' lat='30.71540012255' lon='103.99881367772' />
  <node id='4059' visible='true' version='1' lat='30.71538087274' lon='103.99877669392' />
  <node id='4060' visible='true' version='1' lat='30.71540632726' lon='103.99880630609' />
  <node id='4061' visible='true' version='1' lat='30.71538400768' lon='103.99877308647' />
  <node id='4062' visible='true' version='1' lat='30.71540979232' lon='103.99880231354' />
  <node id='4063' visible='true' version='1' lat='30.71538745981' lon='103.99876900882' />
  <node id='4064' visible='true' version='1' lat='30.71541294019' lon='103.99879859119' />
  <node id='4065' visible='true' version='1' lat='30.71539414441' lon='103.99876129885' />
  <node id='4066' visible='true' version='1' lat='30.71541925559' lon='103.99879130115' />
  <node id='4067' visible='true' version='1' lat='30.71539687933' lon='103.99875826131' />
  <node id='4068' visible='true' version='1' lat='30.71542312067' lon='103.99878693869' />
  <node id='4069' visible='true' version='1' lat='30.7154005583' lon='103.9987537833' />
  <node id='4070' visible='true' version='1' lat='30.7154256417' lon='103.99878381671' />
  <node id='4071' visible='true' version='1' lat='30.71541030769' lon='103.99874288646' />
  <node id='4072' visible='true' version='1' lat='30.71543609231' lon='103.99877211354' />
  <node id='4073' visible='true' version='1' lat='30.71541377274' lon='103.99873879391' />
  <node id='4074' visible='true' version='1' lat='30.71543922726' lon='103.9987684061' />
  <node id='4075' visible='true' version='1' lat='30.71541671509' lon='103.9987354176' />
  <node id='4076' visible='true' version='1' lat='30.71544288491' lon='103.99876418241' />
  <node id='4077' visible='true' version='1' lat='30.71542577283' lon='103.99872440878' />
  <node id='4078' visible='true' version='1' lat='30.71545302717' lon='103.99875179123' />
  <node id='4079' visible='true' version='1' lat='30.71542892241' lon='103.99872021185' />
  <node id='4080' visible='true' version='1' lat='30.71545587759' lon='103.99874798815' />
  <node id='4081' visible='true' version='1' lat='30.71543211994' lon='103.99871605924' />
  <node id='4082' visible='true' version='1' lat='30.71545868006' lon='103.99874434076' />
  <node id='4083' visible='true' version='1' lat='30.71543537933' lon='103.99871196131' />
  <node id='4084' visible='true' version='1' lat='30.71546162067' lon='103.9987406387' />
  <node id='4085' visible='true' version='1' lat='30.71543869278' lon='103.99870790409' />
  <node id='4086' visible='true' version='1' lat='30.71546450722' lon='103.99873709591' />
  <node id='4087' visible='true' version='1' lat='30.71545837275' lon='103.9986845939' />
  <node id='4088' visible='true' version='1' lat='30.71548382725' lon='103.99871420611' />
  <node id='4089' visible='true' version='1' lat='30.71546134899' lon='103.99868117639' />
  <node id='4090' visible='true' version='1' lat='30.71548745101' lon='103.99871002361' />
  <node id='4091' visible='true' version='1' lat='30.71546445917' lon='103.99867741004' />
  <node id='4092' visible='true' version='1' lat='30.71549094083' lon='103.99870578996' />
  <node id='4093' visible='true' version='1' lat='30.71547097933' lon='103.9986692613' />
  <node id='4094' visible='true' version='1' lat='30.71549722067' lon='103.99869793871' />
  <node id='4095' visible='true' version='1' lat='30.71547464441' lon='103.99866479883' />
  <node id='4096' visible='true' version='1' lat='30.71549975558' lon='103.99869480117' />
  <node id='4097' visible='true' version='1' lat='30.71547775982' lon='103.9986613088' />
  <node id='4098' visible='true' version='1' lat='30.71550324018' lon='103.99869089121' />
  <node id='4099' visible='true' version='1' lat='30.71548446506' lon='103.99865357572' />
  <node id='4100' visible='true' version='1' lat='30.71550953494' lon='103.99868362428' />
  <node id='4101' visible='true' version='1' lat='30.71549142296' lon='103.99864580137' />
  <node id='4102' visible='true' version='1' lat='30.71551617704' lon='103.99867619863' />
  <node id='4103' visible='true' version='1' lat='30.71549417746' lon='103.99864282226' />
  <node id='4104' visible='true' version='1' lat='30.71552002254' lon='103.99867197775' />
  <node id='4105' visible='true' version='1' lat='30.71549774442' lon='103.99863859883' />
  <node id='4106' visible='true' version='1' lat='30.71552285558' lon='103.99866860117' />
  <node id='4107' action='delete' visible='true' version='1' lat='30.71550122296' lon='103.99863470137' />
  <node id='4108' action='delete' visible='true' version='1' lat='30.71552597704' lon='103.99866509863' />
  <node id='4112' action='delete' visible='true' version='1' lat='30.71550419757' lon='103.99863146536' />
  <node id='4113' action='delete' visible='true' version='1' lat='30.71552960243' lon='103.99866113465' />
  <node id='4114' action='delete' visible='true' version='1' lat='30.71550792296' lon='103.99862720137' />
  <node id='4115' action='delete' visible='true' version='1' lat='30.71553267704' lon='103.99865759863' />
  <node id='4116' action='delete' visible='true' version='1' lat='30.71551085543' lon='103.99862401385' />
  <node id='4117' action='delete' visible='true' version='1' lat='30.71553634457' lon='103.99865358615' />
  <node id='4118' action='delete' visible='true' version='1' lat='30.71552092296' lon='103.99861240137' />
  <node id='4119' action='delete' visible='true' version='1' lat='30.71554567704' lon='103.99864279864' />
  <node id='4120' action='delete' visible='true' version='1' lat='30.71552384653' lon='103.99860922414' />
  <node id='4121' action='delete' visible='true' version='1' lat='30.71554935347' lon='103.99863877587' />
  <node id='4122' action='delete' visible='true' version='1' lat='30.71552724442' lon='103.99860529882' />
  <node id='4123' action='delete' visible='true' version='1' lat='30.71555235558' lon='103.99863530118' />
  <node id='4124' action='delete' visible='true' version='1' lat='30.71553072296' lon='103.99860140136' />
  <node id='4125' action='delete' visible='true' version='1' lat='30.71555547704' lon='103.99863179864' />
  <node id='4126' action='delete' visible='true' version='1' lat='30.71553386506' lon='103.99859797571' />
  <node id='4127' action='delete' visible='true' version='1' lat='30.71555893494' lon='103.99862802429' />
  <node id='4128' action='delete' visible='true' version='1' lat='30.71553763032' lon='103.99859377867' />
  <node id='4129' action='delete' visible='true' version='1' lat='30.71556196968' lon='103.99862462133' />
  <node id='4130' action='delete' visible='true' version='1' lat='30.71554076506' lon='103.99859047571' />
  <node id='4131' action='delete' visible='true' version='1' lat='30.71556583494' lon='103.99862052429' />
  <node id='4132' action='delete' visible='true' version='1' lat='30.71554453032' lon='103.99858627867' />
  <node id='4133' action='delete' visible='true' version='1' lat='30.71556886967' lon='103.99861712133' />
  <node id='4134' action='delete' visible='true' version='1' lat='30.71554766506' lon='103.99858297571' />
  <node id='4135' action='delete' visible='true' version='1' lat='30.71557273494' lon='103.99861302429' />
  <node id='4136' action='delete' visible='true' version='1' lat='30.71555122296' lon='103.99857900136' />
  <node id='4137' action='delete' visible='true' version='1' lat='30.71557597704' lon='103.99860939864' />
  <node id='4138' action='delete' visible='true' version='1' lat='30.71555471979' lon='103.99857518982' />
  <node id='4139' action='delete' visible='true' version='1' lat='30.71557908021' lon='103.99860601019' />
  <node id='4140' action='delete' visible='true' version='1' lat='30.71555830752' lon='103.99857139382' />
  <node id='4141' action='delete' visible='true' version='1' lat='30.71558229248' lon='103.99860260618' />
  <node id='4142' action='delete' visible='true' version='1' lat='30.71556115143' lon='103.99856849096' />
  <node id='4143' action='delete' visible='true' version='1' lat='30.71558624857' lon='103.99859850904' />
  <node id='4144' action='delete' visible='true' version='1' lat='30.7155708077' lon='103.99855768642' />
  <node id='4145' action='delete' visible='true' version='1' lat='30.7155965923' lon='103.99858691358' />
  <node id='4146' action='delete' visible='true' version='1' lat='30.71557371995' lon='103.99855425921' />
  <node id='4147' action='delete' visible='true' version='1' lat='30.71560028005' lon='103.99858254079' />
  <node id='4148' action='delete' visible='true' version='1' lat='30.71557737275' lon='103.99854969387' />
  <node id='4149' action='delete' visible='true' version='1' lat='30.71560282724' lon='103.99857930613' />
  <node id='4150' action='delete' visible='true' version='1' lat='30.7155803151' lon='103.99854631756' />
  <node id='4151' action='delete' visible='true' version='1' lat='30.7156064849' lon='103.99857508244' />
  <node id='4152' action='delete' visible='true' version='1' lat='30.71558302039' lon='103.9985430456' />
  <node id='4153' action='delete' visible='true' version='1' lat='30.7156101796' lon='103.99857055441' />
  <node id='4154' action='delete' visible='true' version='1' lat='30.7155868077' lon='103.99853808642' />
  <node id='4155' action='delete' visible='true' version='1' lat='30.7156125923' lon='103.99856731358' />
  <node id='4156' action='delete' visible='true' version='1' lat='30.71559024654' lon='103.99853402412' />
  <node id='4157' action='delete' visible='true' version='1' lat='30.71561575346' lon='103.99856357588' />
  <node id='4158' action='delete' visible='true' version='1' lat='30.71559327747' lon='103.99853052223' />
  <node id='4159' action='delete' visible='true' version='1' lat='30.71561912253' lon='103.99855967777' />
  <node id='4160' action='delete' visible='true' version='1' lat='30.71559665983' lon='103.99852650877' />
  <node id='4161' action='delete' visible='true' version='1' lat='30.71562214017' lon='103.99855609124' />
  <node id='4162' action='delete' visible='true' version='1' lat='30.71560336507' lon='103.9985187757' />
  <node id='4163' action='delete' visible='true' version='1' lat='30.71562843493' lon='103.99854882431' />
  <node id='4164' action='delete' visible='true' version='1' lat='30.7156064077' lon='103.99851538641' />
  <node id='4165' action='delete' visible='true' version='1' lat='30.7156321923' lon='103.99854461359' />
  <node id='4166' action='delete' visible='true' version='1' lat='30.71560984654' lon='103.99851132412' />
  <node id='4167' action='delete' visible='true' version='1' lat='30.71563535346' lon='103.99854087589' />
  <node id='4168' visible='true' version='1' lat='30.71561964443' lon='103.9984999988' />
  <node id='4169' visible='true' version='1' lat='30.71564475557' lon='103.9985300012' />
  <node id='4170' visible='true' version='1' lat='30.71562587747' lon='103.99849302223' />
  <node id='4171' visible='true' version='1' lat='30.71565172253' lon='103.99852217778' />
  <node id='4175' visible='true' version='1' lat='30.71563527934' lon='103.99848186126' />
  <node id='4176' visible='true' version='1' lat='30.71566152065' lon='103.99851053874' />
  <node id='4177' visible='true' version='1' lat='30.71564478262' lon='103.9984702161' />
  <node id='4178' visible='true' version='1' lat='30.71567061737' lon='103.9984993839' />
  <node id='4179' action='delete' visible='true' version='1' lat='30.71566427276' lon='103.99844709385' />
  <node id='4180' action='delete' visible='true' version='1' lat='30.71568972724' lon='103.99847670615' />
  <node id='4181' action='delete' visible='true' version='1' lat='30.71566737747' lon='103.99844352222' />
  <node id='4182' action='delete' visible='true' version='1' lat='30.71569322253' lon='103.99847267779' />
  <node id='4183' action='delete' visible='true' version='1' lat='30.71567096507' lon='103.99843927568' />
  <node id='4184' action='delete' visible='true' version='1' lat='30.71569603493' lon='103.99846932432' />
  <node id='4185' action='delete' visible='true' version='1' lat='30.7156740077' lon='103.9984358864' />
  <node id='4186' action='delete' visible='true' version='1' lat='30.71569979229' lon='103.9984651136' />
  <node id='4187' action='delete' visible='true' version='1' lat='30.71567766507' lon='103.99843157568' />
  <node id='4188' action='delete' visible='true' version='1' lat='30.71570273493' lon='103.99846162432' />
  <node id='4189' action='delete' visible='true' version='1' lat='30.71568084654' lon='103.9984280241' />
  <node id='4190' action='delete' visible='true' version='1' lat='30.71570635346' lon='103.9984575759' />
  <node id='4191' action='delete' visible='true' version='1' lat='30.71568744443' lon='103.99842039879' />
  <node id='4192' action='delete' visible='true' version='1' lat='30.71571255557' lon='103.99845040122' />
  <node id='4193' action='delete' visible='true' version='1' lat='30.71569057276' lon='103.99841689385' />
  <node id='4194' action='delete' visible='true' version='1' lat='30.71571602724' lon='103.99844650616' />
  <node id='4195' action='delete' visible='true' version='1' lat='30.71569370771' lon='103.9984132864' />
  <node id='4196' action='delete' visible='true' version='1' lat='30.71571949229' lon='103.99844251361' />
  <node id='4197' action='delete' visible='true' version='1' lat='30.71569681511' lon='103.99840961754' />
  <node id='4198' action='delete' visible='true' version='1' lat='30.71572298489' lon='103.99843838247' />
  <node id='4199' action='delete' visible='true' version='1' lat='30.71570034654' lon='103.9984053241' />
  <node id='4200' action='delete' visible='true' version='1' lat='30.71572585345' lon='103.99843487591' />
  <node id='4201' action='delete' visible='true' version='1' lat='30.71570374443' lon='103.99840139878' />
  <node id='4202' action='delete' visible='true' version='1' lat='30.71572885557' lon='103.99843140122' />
  <node id='4203' action='delete' visible='true' version='1' lat='30.71570667747' lon='103.99839812221' />
  <node id='4204' action='delete' visible='true' version='1' lat='30.71573252253' lon='103.9984272778' />
  <node id='4205' action='delete' visible='true' version='1' lat='30.71571025144' lon='103.99839389093' />
  <node id='4206' action='delete' visible='true' version='1' lat='30.71573534856' lon='103.99842390908' />
  <node id='4207' action='delete' visible='true' version='1' lat='30.71572004655' lon='103.99838292409' />
  <node id='4208' action='delete' visible='true' version='1' lat='30.71574555345' lon='103.99841247591' />
  <node id='4209' action='delete' visible='true' version='1' lat='30.71572344443' lon='103.99837899878' />
  <node id='4210' action='delete' visible='true' version='1' lat='30.71574855557' lon='103.99840900123' />
  <node id='4211' action='delete' visible='true' version='1' lat='30.71572657276' lon='103.99837549384' />
  <node id='4212' action='delete' visible='true' version='1' lat='30.71575202723' lon='103.99840510617' />
  <node id='4213' action='delete' visible='true' version='1' lat='30.7157300549' lon='103.99837148705' />
  <node id='4214' action='delete' visible='true' version='1' lat='30.7157551451' lon='103.99840151295' />
  <node id='4215' action='delete' visible='true' version='1' lat='30.7157371198' lon='103.99836358978' />
  <node id='4216' action='delete' visible='true' version='1' lat='30.7157614802' lon='103.99839441023' />
  <node id='4217' action='delete' visible='true' version='1' lat='30.71574014443' lon='103.99836039877' />
  <node id='4218' action='delete' visible='true' version='1' lat='30.71576525556' lon='103.99839040123' />
  <node id='4219' action='delete' visible='true' version='1' lat='30.7157438198' lon='103.99835628977' />
  <node id='4220' action='delete' visible='true' version='1' lat='30.7157681802' lon='103.99838711023' />
  <node id='4221' action='delete' visible='true' version='1' lat='30.71574664655' lon='103.99835332409' />
  <node id='4222' action='delete' visible='true' version='1' lat='30.71577215345' lon='103.99838287592' />
  <node id='4223' action='delete' visible='true' version='1' lat='30.71574863706' lon='103.99835116971' />
  <node id='4224' action='delete' visible='true' version='1' lat='30.71577656294' lon='103.99837763029' />
  <node id='4225' action='delete' visible='true' version='1' lat='30.71575172954' lon='103.99834680216' />
  <node id='4226' action='delete' visible='true' version='1' lat='30.71577927046' lon='103.99837379784' />
  <node id='4227' action='delete' visible='true' version='1' lat='30.71575525919' lon='103.99834200998' />
  <node id='4228' action='delete' visible='true' version='1' lat='30.71578174081' lon='103.99837039002' />
  <node id='4229' action='delete' visible='true' version='1' lat='30.71575822243' lon='103.99833831178' />
  <node id='4230' action='delete' visible='true' version='1' lat='30.71578517757' lon='103.99836608822' />
  <node id='4231' action='modify' visible='true' version='1' lat='30.71571894213' lon='103.99838267892' />
  <node id='4232' action='modify' visible='true' version='1' lat='30.71574485033' lon='103.998412157' />
  <node id='4233' visible='true' version='1' lat='30.71576416707' lon='103.99833025396' />
  <node id='4234' visible='true' version='1' lat='30.71579103293' lon='103.99835814604' />
  <node id='4238' visible='true' version='1' lat='30.71576741996' lon='103.99832605917' />
  <node id='4239' visible='true' version='1' lat='30.71579398004' lon='103.99835434084' />
  <node id='4240' visible='true' version='1' lat='30.71577377935' lon='103.99831806123' />
  <node id='4241' visible='true' version='1' lat='30.71580002065' lon='103.99834673877' />
  <node id='4242' visible='true' version='1' lat='30.71577671996' lon='103.99831445917' />
  <node id='4243' visible='true' version='1' lat='30.71580328004' lon='103.99834274084' />
  <node id='4244' visible='true' version='1' lat='30.71578307935' lon='103.99830646123' />
  <node id='4245' visible='true' version='1' lat='30.71580932064' lon='103.99833513878' />
  <node id='4246' visible='true' version='1' lat='30.71578911996' lon='103.99829905916' />
  <node id='4247' visible='true' version='1' lat='30.71581568004' lon='103.99832734084' />
  <node id='4248' visible='true' version='1' lat='30.71579275545' lon='103.99829451379' />
  <node id='4249' visible='true' version='1' lat='30.71581824455' lon='103.99832408621' />
  <node id='4250' visible='true' version='1' lat='30.71580282298' lon='103.9982829013' />
  <node id='4251' visible='true' version='1' lat='30.71582757702' lon='103.9983132987' />
  <node id='4252' visible='true' version='1' lat='30.71580596508' lon='103.99827947565' />
  <node id='4253' visible='true' version='1' lat='30.71583103492' lon='103.99830952435' />
  <node id='4254' visible='true' version='1' lat='30.71580952298' lon='103.9982755013' />
  <node id='4255' visible='true' version='1' lat='30.71583427702' lon='103.9983058987' />
  <node id='4256' visible='true' version='1' lat='30.71581301981' lon='103.99827168976' />
  <node id='4257' visible='true' version='1' lat='30.71583738019' lon='103.99830251025' />
  <node id='4258' visible='true' version='1' lat='30.71581584655' lon='103.99826872407' />
  <node id='4259' visible='true' version='1' lat='30.71584135345' lon='103.99829827593' />
  <node id='4260' visible='true' version='1' lat='30.71581924444' lon='103.99826479876' />
  <node id='4261' visible='true' version='1' lat='30.71584435556' lon='103.99829480125' />
  <node id='4262' visible='true' version='1' lat='30.71582272298' lon='103.9982609013' />
  <node id='4263' visible='true' version='1' lat='30.71584747702' lon='103.99829129871' />
  <node id='4264' visible='true' version='1' lat='30.71582914444' lon='103.99825389875' />
  <node id='4265' visible='true' version='1' lat='30.71585425556' lon='103.99828390125' />
  <node id='4266' visible='true' version='1' lat='30.71583263907' lon='103.99824998376' />
  <node id='4267' visible='true' version='1' lat='30.71585736093' lon='103.99828041624' />
  <node id='4268' visible='true' version='1' lat='30.71583584444' lon='103.99824649875' />
  <node id='4269' visible='true' version='1' lat='30.71586095556' lon='103.99827650125' />
  <node id='4270' visible='true' version='1' lat='30.71583897277' lon='103.99824299381' />
  <node id='4271' visible='true' version='1' lat='30.71586442723' lon='103.99827260619' />
  <node id='4272' visible='true' version='1' lat='30.7158420928' lon='103.99823940401' />
  <node id='4273' visible='true' version='1' lat='30.71586790719' lon='103.998268596' />
  <node id='4274' visible='true' version='1' lat='30.71584877277' lon='103.99823149381' />
  <node id='4275' visible='true' version='1' lat='30.71587422722' lon='103.99826110619' />
  <node id='4276' visible='true' version='1' lat='30.71585226508' lon='103.99822747564' />
  <node id='4277' visible='true' version='1' lat='30.71587733491' lon='103.99825752436' />
  <node id='4278' visible='true' version='1' lat='30.71585527748' lon='103.99822412217' />
  <node id='4279' visible='true' version='1' lat='30.71588112251' lon='103.99825327783' />
  <node id='4280' visible='true' version='1' lat='30.71585902298' lon='103.99821970129' />
  <node id='4281' visible='true' version='1' lat='30.71588377702' lon='103.99825009871' />
  <node id='4282' visible='true' version='1' lat='30.71586177748' lon='103.99821672217' />
  <node id='4283' visible='true' version='1' lat='30.71588762251' lon='103.99824587783' />
  <node id='4284' visible='true' version='1' lat='30.71586834656' lon='103.99820892406' />
  <node id='4285' visible='true' version='1' lat='30.71589385344' lon='103.99823847594' />
  <node id='4286' visible='true' version='1' lat='30.71587137749' lon='103.99820542217' />
  <node id='4287' visible='true' version='1' lat='30.71589722251' lon='103.99823457783' />
  <node id='4288' visible='true' version='1' lat='30.71588754656' lon='103.99818622405' />
  <node id='4289' visible='true' version='1' lat='30.71591305344' lon='103.99821577595' />
  <node id='4290' visible='true' version='1' lat='30.71589359749' lon='103.99817923902' />
  <node id='4291' visible='true' version='1' lat='30.71591980251' lon='103.99820796098' />
  <node id='4292' visible='true' version='1' lat='30.71590007749' lon='103.99817132216' />
  <node id='4293' visible='true' version='1' lat='30.71592592251' lon='103.99820047784' />
  <node id='4294' visible='true' version='1' lat='30.71590307936' lon='103.9981677612' />
  <node id='4295' visible='true' version='1' lat='30.71592932064' lon='103.9981964388' />
  <node id='4296' visible='true' version='1' lat='30.71590674445' lon='103.99816329874' />
  <node id='4297' visible='true' version='1' lat='30.71593185555' lon='103.99819330127' />
  <node id='4301' visible='true' version='1' lat='30.7159098976' lon='103.99815976527' />
  <node id='4302' visible='true' version='1' lat='30.7159353024' lon='103.99818943474' />
  <node id='4303' visible='true' version='1' lat='30.71591362299' lon='103.99815550128' />
  <node id='4304' visible='true' version='1' lat='30.71593837701' lon='103.99818589873' />
  <node id='4305' visible='true' version='1' lat='30.71591621513' lon='103.99815271749' />
  <node id='4306' visible='true' version='1' lat='30.71594238487' lon='103.99818148252' />
  <node id='4307' visible='true' version='1' lat='30.71591977278' lon='103.99814839379' />
  <node id='4308' visible='true' version='1' lat='30.71594522722' lon='103.99817800621' />
  <node id='4309' visible='true' version='1' lat='30.71592290772' lon='103.99814478634' />
  <node id='4310' visible='true' version='1' lat='30.71594869228' lon='103.99817401366' />
  <node id='4311' visible='true' version='1' lat='30.71592634656' lon='103.99814072405' />
  <node id='4312' visible='true' version='1' lat='30.71595185344' lon='103.99817027596' />
  <node id='4313' visible='true' version='1' lat='30.71592937749' lon='103.99813722216' />
  <node id='4314' visible='true' version='1' lat='30.71595522251' lon='103.99816637785' />
  <node id='4315' visible='true' version='1' lat='30.71593274656' lon='103.99813322405' />
  <node id='4316' visible='true' version='1' lat='30.71595825344' lon='103.99816277596' />
  <node id='4317' visible='true' version='1' lat='30.71593614445' lon='103.99812929873' />
  <node id='4318' visible='true' version='1' lat='30.71596125555' lon='103.99815930127' />
  <node id='4319' visible='true' version='1' lat='30.71593924656' lon='103.99812582404' />
  <node id='4320' visible='true' version='1' lat='30.71596475344' lon='103.99815537596' />
  <node id='4321' visible='true' version='1' lat='30.71594227749' lon='103.99812232216' />
  <node id='4322' visible='true' version='1' lat='30.71596812251' lon='103.99815147785' />
  <node id='4323' visible='true' version='1' lat='30.71594567278' lon='103.99811829379' />
  <node id='4324' visible='true' version='1' lat='30.71597112722' lon='103.99814790622' />
  <node id='4325' visible='true' version='1' lat='30.71595244445' lon='103.99811049873' />
  <node id='4326' visible='true' version='1' lat='30.71597755555' lon='103.99814050128' />
  <node id='4327' visible='true' version='1' lat='30.71595554656' lon='103.99810702404' />
  <node id='4328' visible='true' version='1' lat='30.71598105344' lon='103.99813657596' />
  <node id='4329' visible='true' version='1' lat='30.71595896509' lon='103.99810307562' />
  <node id='4330' visible='true' version='1' lat='30.71598403491' lon='103.99813312439' />
  <node id='4331' visible='true' version='1' lat='30.71596554656' lon='103.99809572404' />
  <node id='4332' visible='true' version='1' lat='30.71599105344' lon='103.99812527597' />
  <node id='4333' visible='true' version='1' lat='30.71596912299' lon='103.99809160126' />
  <node id='4334' visible='true' version='1' lat='30.71599387701' lon='103.99812199874' />
  <node id='4335' visible='true' version='1' lat='30.71597224445' lon='103.99808819872' />
  <node id='4336' visible='true' version='1' lat='30.71599735555' lon='103.99811820128' />
  <node id='4337' visible='true' version='1' lat='30.71597534656' lon='103.99808472404' />
  <node id='4338' visible='true' version='1' lat='30.71600085343' lon='103.99811427597' />
  <node id='4339' visible='true' version='1' lat='30.71597911982' lon='103.99808038972' />
  <node id='4340' visible='true' version='1' lat='30.71600348018' lon='103.99811121028' />
  <node id='4341' action='delete' visible='true' version='1' lat='30.71598270755' lon='103.99807659373' />
  <node id='4342' action='delete' visible='true' version='1' lat='30.71600669245' lon='103.99810780628' />
  <node id='4343' action='delete' visible='true' version='1' lat='30.71598481998' lon='103.99807455912' />
  <node id='4344' action='delete' visible='true' version='1' lat='30.71601138002' lon='103.99810284088' />
  <node id='4345' action='delete' visible='true' version='1' lat='30.71598847278' lon='103.99806999378' />
  <node id='4346' action='delete' visible='true' version='1' lat='30.71601392721' lon='103.99809960623' />
  <node id='4347' action='delete' visible='true' version='1' lat='30.71599160773' lon='103.99806638633' />
  <node id='4348' action='delete' visible='true' version='1' lat='30.71601739227' lon='103.99809561368' />
  <node id='4349' action='delete' visible='true' version='1' lat='30.71599507278' lon='103.99806229378' />
  <node id='4350' action='delete' visible='true' version='1' lat='30.71602052721' lon='103.99809190623' />
  <node id='4351' action='delete' visible='true' version='1' lat='30.71599820773' lon='103.99805868633' />
  <node id='4352' action='delete' visible='true' version='1' lat='30.71602399227' lon='103.99808791368' />
  <node id='4353' action='delete' visible='true' version='1' lat='30.71600131513' lon='103.99805501747' />
  <node id='4354' action='delete' visible='true' version='1' lat='30.71602748487' lon='103.99808378254' />
  <node id='4355' visible='true' version='1' lat='30.71600487279' lon='103.99805069377' />
  <node id='4356' visible='true' version='1' lat='30.71603032721' lon='103.99808030623' />
  <node id='4357' visible='true' version='1' lat='30.71600797749' lon='103.99804712214' />
  <node id='4358' visible='true' version='1' lat='30.7160338225' lon='103.99807627786' />
  <node id='4359' action='delete' visible='true' version='1' lat='30.71601137279' lon='103.99804309377' />
  <node id='4360' action='delete' visible='true' version='1' lat='30.71603682721' lon='103.99807270623' />
  <node id='4364' action='delete' visible='true' version='1' lat='30.71601484445' lon='103.99803909871' />
  <node id='4365' action='delete' visible='true' version='1' lat='30.71603995554' lon='103.99806910129' />
  <node id='4366' visible='true' version='1' lat='30.71602124657' lon='103.99803192402' />
  <node id='4367' action='delete' visible='true' version='1' lat='30.71604675343' lon='103.99806147598' />
  <node id='4368' action='delete' visible='true' version='1' lat='30.71602784445' lon='103.99802429871' />
  <node id='4369' visible='true' version='1' lat='30.71605295554' lon='103.99805430129' />
  <node id='4370' action='delete' visible='true' version='1' lat='30.71603094657' lon='103.99802082402' />
  <node id='4371' action='delete' visible='true' version='1' lat='30.71605645343' lon='103.99805037598' />
  <node id='4372' visible='true' version='1' lat='30.71603662245' lon='103.99801431172' />
  <node id='4373' action='delete' visible='true' version='1' lat='30.71606357755' lon='103.99804208829' />
  <node id='4374' action='delete' visible='true' version='1' lat='30.71603997937' lon='103.99800996117' />
  <node id='4375' action='delete' visible='true' version='1' lat='30.71606622063' lon='103.99803863883' />
  <node id='4376' action='delete' visible='true' version='1' lat='30.7160432775' lon='103.99800592213' />
  <node id='4377' visible='true' version='1' lat='30.7160691225' lon='103.99803507787' />
  <node id='4378' action='delete' visible='true' version='1' lat='30.71604664164' lon='103.99800192972' />
  <node id='4379' action='delete' visible='true' version='1' lat='30.71607215836' lon='103.99803147029' />
  <node id='4380' action='delete' visible='true' version='1' lat='30.71605350773' lon='103.99799398631' />
  <node id='4381' action='delete' visible='true' version='1' lat='30.71607929227' lon='103.99802321369' />
  <node id='4382' visible='true' version='1' lat='30.71605697279' lon='103.99798989376' />
  <node id='4383' visible='true' version='1' lat='30.71608242721' lon='103.99801950624' />
  <node id='4384' visible='true' version='1' lat='30.716063923' lon='103.99798190124' />
  <node id='4385' visible='true' version='1' lat='30.716088677' lon='103.99801229876' />
  <node id='4386' action='delete' visible='true' version='1' lat='30.71606704446' lon='103.9979784987' />
  <node id='4387' action='delete' visible='true' version='1' lat='30.71609215554' lon='103.9980085013' />
  <node id='4388' action='delete' visible='true' version='1' lat='30.716070523' lon='103.99797460124' />
  <node id='4389' action='delete' visible='true' version='1' lat='30.716095277' lon='103.99800499876' />
  <node id='4390' action='delete' visible='true' version='1' lat='30.71607364446' lon='103.9979711987' />
  <node id='4391' action='delete' visible='true' version='1' lat='30.71609875554' lon='103.99800120131' />
  <node id='4392' action='delete' visible='true' version='1' lat='30.71607677279' lon='103.99796769376' />
  <node id='4393' action='delete' visible='true' version='1' lat='30.71610222721' lon='103.99799730625' />
  <node id='4394' visible='true' version='1' lat='30.71608061983' lon='103.9979632897' />
  <node id='4395' visible='true' version='1' lat='30.71610498017' lon='103.99799411031' />
  <way id='-648' action='modify' visible='true'>
    <nd ref='4358' />
    <nd ref='-25405' />
    <nd ref='-25406' />
    <nd ref='-25407' />
    <nd ref='-25423' />
    <nd ref='-25428' />
    <nd ref='-25429' />
    <nd ref='-25438' />
    <nd ref='-25439' />
    <nd ref='-25440' />
    <nd ref='-25441' />
    <nd ref='-25442' />
    <nd ref='-25443' />
    <nd ref='-25444' />
    <nd ref='-25445' />
    <nd ref='-25446' />
    <nd ref='-25447' />
    <nd ref='-25448' />
    <nd ref='-25449' />
    <nd ref='-25450' />
    <nd ref='-25451' />
    <nd ref='-25452' />
    <nd ref='-25453' />
    <nd ref='-25454' />
    <nd ref='-25455' />
    <nd ref='-25456' />
    <nd ref='-25457' />
    <nd ref='-25458' />
    <nd ref='-25459' />
    <nd ref='-25460' />
    <nd ref='-25461' />
    <nd ref='-25462' />
    <nd ref='-25463' />
    <nd ref='-25464' />
    <nd ref='-25465' />
    <nd ref='-25466' />
    <nd ref='-25467' />
    <nd ref='-25468' />
    <nd ref='-25469' />
    <nd ref='-25470' />
    <nd ref='-25471' />
    <nd ref='-25474' />
    <nd ref='-25475' />
    <nd ref='-25476' />
    <nd ref='-25477' />
    <nd ref='-25478' />
    <nd ref='-25479' />
    <nd ref='-25480' />
    <nd ref='-25481' />
    <nd ref='-25482' />
    <nd ref='-25539' />
    <nd ref='-25483' />
    <nd ref='-25484' />
    <nd ref='-25485' />
    <nd ref='-25486' />
    <nd ref='-25487' />
    <nd ref='-25488' />
    <nd ref='-25489' />
    <nd ref='-25510' />
    <nd ref='-25511' />
    <nd ref='-25512' />
    <nd ref='-25513' />
    <nd ref='-25514' />
    <nd ref='3161' />
  </way>
  <way id='-821' action='modify' visible='true'>
    <nd ref='4357' />
    <nd ref='-25581' />
    <nd ref='-25582' />
    <nd ref='-25583' />
    <nd ref='-25584' />
    <nd ref='-25585' />
    <nd ref='-25586' />
    <nd ref='-25587' />
    <nd ref='-25588' />
    <nd ref='-25589' />
    <nd ref='-25590' />
    <nd ref='-25591' />
    <nd ref='-25592' />
    <nd ref='-25593' />
    <nd ref='-25594' />
    <nd ref='-25595' />
    <nd ref='-25596' />
    <nd ref='-25597' />
    <nd ref='-25598' />
    <nd ref='-25599' />
    <nd ref='-25600' />
    <nd ref='-25601' />
    <nd ref='-25602' />
    <nd ref='-25603' />
    <nd ref='-25604' />
    <nd ref='-25605' />
    <nd ref='-25606' />
    <nd ref='-25607' />
    <nd ref='-25608' />
    <nd ref='-25609' />
    <nd ref='-25612' />
    <nd ref='-25613' />
    <nd ref='-25614' />
    <nd ref='-25615' />
    <nd ref='-25616' />
    <nd ref='-25617' />
    <nd ref='-25618' />
    <nd ref='-25619' />
    <nd ref='-25620' />
    <nd ref='-25621' />
    <nd ref='-25622' />
    <nd ref='-25623' />
    <nd ref='-25624' />
    <nd ref='-25625' />
    <nd ref='-25626' />
    <nd ref='-25627' />
    <nd ref='-25628' />
    <nd ref='-25629' />
    <nd ref='-25630' />
    <nd ref='-25631' />
    <nd ref='-25632' />
    <nd ref='-25633' />
    <nd ref='-25634' />
    <nd ref='-25635' />
    <nd ref='-25636' />
    <nd ref='-25637' />
    <nd ref='-25638' />
    <nd ref='-25639' />
    <nd ref='-25640' />
    <nd ref='-25641' />
    <nd ref='-25642' />
    <nd ref='-25643' />
    <nd ref='-25644' />
    <nd ref='-25645' />
    <nd ref='-25646' />
    <nd ref='-25647' />
    <nd ref='-25648' />
    <nd ref='-25649' />
    <nd ref='-25650' />
    <nd ref='-25651' />
    <nd ref='-25652' />
    <nd ref='-25654' />
    <nd ref='-25655' />
    <nd ref='-25656' />
    <nd ref='-25657' />
    <nd ref='-25658' />
    <nd ref='3160' />
  </way>
  <way id='-825' action='modify' visible='true'>
    <nd ref='3350' />
    <nd ref='-25661' />
    <nd ref='-25662' />
    <nd ref='-25663' />
    <nd ref='-25664' />
    <nd ref='-25665' />
    <nd ref='-25666' />
    <nd ref='-25667' />
    <nd ref='-25668' />
    <nd ref='-25669' />
    <nd ref='-25670' />
    <nd ref='-25672' />
    <nd ref='-25673' />
    <nd ref='-25674' />
    <nd ref='-25675' />
    <nd ref='-25676' />
    <nd ref='-25677' />
    <nd ref='-25678' />
    <nd ref='-25679' />
    <nd ref='-25729' />
    <nd ref='1293' />
  </way>
  <way id='-946' action='modify' visible='true'>
    <nd ref='3349' />
    <nd ref='-25780' />
    <nd ref='-25781' />
    <nd ref='-25782' />
    <nd ref='-25783' />
    <nd ref='-25784' />
    <nd ref='-25785' />
    <nd ref='-25786' />
    <nd ref='-25787' />
    <nd ref='-25788' />
    <nd ref='-25789' />
    <nd ref='-25790' />
    <nd ref='-25791' />
    <nd ref='-25792' />
    <nd ref='-25793' />
    <nd ref='-25794' />
    <nd ref='-25795' />
    <nd ref='-25796' />
    <nd ref='-25797' />
    <nd ref='-25798' />
    <nd ref='-25799' />
    <nd ref='1292' />
  </way>
  <way id='-978' action='modify' visible='true'>
    <nd ref='1293' />
    <nd ref='1545' />
  </way>
  <way id='-980' action='modify' visible='true'>
    <nd ref='1292' />
    <nd ref='1544' />
  </way>
  <way id='-1004' action='modify' visible='true'>
    <nd ref='1545' />
    <nd ref='-25831' />
    <nd ref='-25832' />
    <nd ref='-25833' />
    <nd ref='-25834' />
    <nd ref='-25835' />
    <nd ref='-25836' />
    <nd ref='-25837' />
    <nd ref='-25838' />
    <nd ref='-25839' />
    <nd ref='-25840' />
    <nd ref='-25841' />
    <nd ref='-25842' />
    <nd ref='-25843' />
    <nd ref='-25844' />
    <nd ref='-25845' />
    <nd ref='-25846' />
    <nd ref='-25847' />
    <nd ref='-25848' />
    <nd ref='-25849' />
    <nd ref='-25850' />
    <nd ref='-25851' />
    <nd ref='-25852' />
    <nd ref='-25853' />
    <nd ref='-25854' />
    <nd ref='-25855' />
    <nd ref='-25856' />
    <nd ref='-25857' />
    <nd ref='-25858' />
    <nd ref='-25859' />
    <nd ref='-25860' />
    <nd ref='-25861' />
    <nd ref='-25862' />
    <nd ref='-25863' />
    <nd ref='-25864' />
    <nd ref='-25865' />
    <nd ref='-25926' />
    <nd ref='4232' />
  </way>
  <way id='-1074' action='modify' visible='true'>
    <nd ref='1544' />
    <nd ref='-25932' />
    <nd ref='-25933' />
    <nd ref='-25934' />
    <nd ref='-25935' />
    <nd ref='-25936' />
    <nd ref='-25937' />
    <nd ref='-25938' />
    <nd ref='-25939' />
    <nd ref='-25940' />
    <nd ref='-25941' />
    <nd ref='-25942' />
    <nd ref='-25943' />
    <nd ref='-25944' />
    <nd ref='-25945' />
    <nd ref='-25946' />
    <nd ref='-25947' />
    <nd ref='-25948' />
    <nd ref='-25949' />
    <nd ref='-25950' />
    <nd ref='-25951' />
    <nd ref='-25952' />
    <nd ref='-25953' />
    <nd ref='-25954' />
    <nd ref='-25955' />
    <nd ref='-25956' />
    <nd ref='-25957' />
    <nd ref='-25958' />
    <nd ref='-25959' />
    <nd ref='-25960' />
    <nd ref='-25961' />
    <nd ref='-25962' />
    <nd ref='-25963' />
    <nd ref='-25964' />
    <nd ref='-25965' />
    <nd ref='-25966' />
    <nd ref='-25967' />
    <nd ref='-25968' />
    <nd ref='-25969' />
    <nd ref='-25970' />
    <nd ref='-25971' />
    <nd ref='-25972' />
    <nd ref='-25973' />
    <nd ref='-25974' />
    <nd ref='-25975' />
    <nd ref='4231' />
  </way>
  <way id='1233' action='modify' visible='true' version='1'>
    <nd ref='1292' />
    <nd ref='1290' />
    <nd ref='1288' />
    <nd ref='1284' />
    <nd ref='1282' />
    <nd ref='1278' />
    <nd ref='1276' />
    <nd ref='1274' />
    <nd ref='1272' />
    <nd ref='1268' />
    <nd ref='1264' />
    <nd ref='1262' />
    <nd ref='1260' />
    <nd ref='1258' />
    <nd ref='1256' />
    <nd ref='1254' />
    <nd ref='1252' />
    <nd ref='1250' />
    <nd ref='1248' />
    <nd ref='1246' />
    <nd ref='1244' />
    <nd ref='3413' />
  </way>
  <way id='1234' action='modify' visible='true' version='1'>
    <nd ref='1293' />
    <nd ref='1291' />
    <nd ref='1289' />
    <nd ref='1287' />
    <nd ref='1285' />
    <nd ref='1283' />
    <nd ref='1281' />
    <nd ref='1279' />
    <nd ref='1277' />
    <nd ref='1273' />
    <nd ref='1271' />
    <nd ref='1269' />
    <nd ref='1267' />
    <nd ref='1265' />
    <nd ref='1263' />
    <nd ref='1259' />
    <nd ref='1257' />
    <nd ref='1255' />
    <nd ref='1253' />
    <nd ref='1251' />
    <nd ref='1249' />
    <nd ref='1247' />
    <nd ref='1245' />
    <nd ref='1243' />
    <nd ref='3412' />
  </way>
  <way id='1296' action='modify' visible='true' version='1'>
    <nd ref='1355' />
    <nd ref='1307' />
    <nd ref='1301' />
    <nd ref='1299' />
    <nd ref='1294' />
    <nd ref='1292' />
  </way>
  <way id='1297' action='modify' visible='true' version='1'>
    <nd ref='1356' />
    <nd ref='1310' />
    <nd ref='1304' />
    <nd ref='1302' />
    <nd ref='1300' />
    <nd ref='1295' />
    <nd ref='1293' />
  </way>
  <way id='1359' action='modify' visible='true' version='1'>
    <nd ref='1418' />
    <nd ref='1355' />
  </way>
  <way id='1360' action='modify' visible='true' version='1'>
    <nd ref='1419' />
    <nd ref='1356' />
  </way>
  <way id='1422' action='modify' visible='true' version='1'>
    <nd ref='1481' />
    <nd ref='1418' />
  </way>
  <way id='1423' action='modify' visible='true' version='1'>
    <nd ref='1482' />
    <nd ref='1419' />
  </way>
  <way id='1485' action='modify' visible='true' version='1'>
    <nd ref='1544' />
    <nd ref='1481' />
  </way>
  <way id='1486' action='modify' visible='true' version='1'>
    <nd ref='1545' />
    <nd ref='1482' />
  </way>
  <way id='1548' action='modify' visible='true' version='1'>
    <nd ref='1607' />
    <nd ref='1605' />
    <nd ref='1603' />
    <nd ref='1601' />
    <nd ref='1599' />
    <nd ref='1597' />
    <nd ref='1595' />
    <nd ref='1593' />
    <nd ref='1591' />
    <nd ref='1589' />
    <nd ref='1587' />
    <nd ref='1585' />
    <nd ref='1583' />
    <nd ref='1581' />
    <nd ref='1579' />
    <nd ref='1577' />
    <nd ref='1575' />
    <nd ref='1573' />
    <nd ref='1571' />
    <nd ref='1569' />
    <nd ref='1567' />
    <nd ref='1565' />
    <nd ref='1559' />
    <nd ref='1544' />
  </way>
  <way id='1549' action='modify' visible='true' version='1'>
    <nd ref='1608' />
    <nd ref='1606' />
    <nd ref='1604' />
    <nd ref='1602' />
    <nd ref='1600' />
    <nd ref='1598' />
    <nd ref='1596' />
    <nd ref='1594' />
    <nd ref='1592' />
    <nd ref='1590' />
    <nd ref='1588' />
    <nd ref='1586' />
    <nd ref='1584' />
    <nd ref='1582' />
    <nd ref='1580' />
    <nd ref='1578' />
    <nd ref='1576' />
    <nd ref='1574' />
    <nd ref='1572' />
    <nd ref='1570' />
    <nd ref='1568' />
    <nd ref='1566' />
    <nd ref='1545' />
  </way>
  <way id='1611' action='modify' visible='true' version='1'>
    <nd ref='4106' />
    <nd ref='1632' />
    <nd ref='1630' />
    <nd ref='1628' />
    <nd ref='1626' />
    <nd ref='1624' />
    <nd ref='1622' />
    <nd ref='1620' />
    <nd ref='1618' />
    <nd ref='1616' />
    <nd ref='1614' />
    <nd ref='1609' />
    <nd ref='1607' />
  </way>
  <way id='1612' action='modify' visible='true' version='1'>
    <nd ref='4105' />
    <nd ref='1633' />
    <nd ref='1631' />
    <nd ref='1629' />
    <nd ref='1627' />
    <nd ref='1625' />
    <nd ref='1623' />
    <nd ref='1621' />
    <nd ref='1619' />
    <nd ref='1617' />
    <nd ref='1615' />
    <nd ref='1610' />
    <nd ref='1608' />
  </way>
  <way id='2282' action='modify' visible='true' version='1'>
    <nd ref='2315' />
    <nd ref='2317' />
    <nd ref='2319' />
    <nd ref='2321' />
    <nd ref='2323' />
    <nd ref='2325' />
    <nd ref='2327' />
    <nd ref='2329' />
    <nd ref='2331' />
    <nd ref='2333' />
    <nd ref='2335' />
    <nd ref='2337' />
    <nd ref='2339' />
    <nd ref='2341' />
  </way>
  <way id='2283' action='modify' visible='true' version='1'>
    <nd ref='2316' />
    <nd ref='2318' />
    <nd ref='2320' />
    <nd ref='2322' />
    <nd ref='2324' />
    <nd ref='2326' />
    <nd ref='2328' />
    <nd ref='2330' />
    <nd ref='2332' />
    <nd ref='2334' />
    <nd ref='2336' />
    <nd ref='2338' />
    <nd ref='2340' />
    <nd ref='2342' />
  </way>
  <way id='2345' visible='true' version='1'>
    <nd ref='2341' />
    <nd ref='2343' />
    <nd ref='2348' />
    <nd ref='2350' />
    <nd ref='2352' />
    <nd ref='2354' />
    <nd ref='2356' />
    <nd ref='2358' />
    <nd ref='2360' />
    <nd ref='2362' />
    <nd ref='2364' />
    <nd ref='2366' />
    <nd ref='2368' />
    <nd ref='2370' />
    <nd ref='2372' />
    <nd ref='2374' />
    <nd ref='2376' />
    <nd ref='2378' />
    <nd ref='2380' />
    <nd ref='2382' />
    <nd ref='2384' />
    <nd ref='2386' />
    <nd ref='2388' />
    <nd ref='2390' />
    <nd ref='2392' />
    <nd ref='2394' />
    <nd ref='2396' />
    <nd ref='2398' />
    <nd ref='2400' />
    <nd ref='2402' />
    <nd ref='2404' />
  </way>
  <way id='2346' visible='true' version='1'>
    <nd ref='2342' />
    <nd ref='2344' />
    <nd ref='2349' />
    <nd ref='2351' />
    <nd ref='2353' />
    <nd ref='2355' />
    <nd ref='2357' />
    <nd ref='2359' />
    <nd ref='2361' />
    <nd ref='2363' />
    <nd ref='2365' />
    <nd ref='2367' />
    <nd ref='2369' />
    <nd ref='2371' />
    <nd ref='2373' />
    <nd ref='2375' />
    <nd ref='2377' />
    <nd ref='2379' />
    <nd ref='2381' />
    <nd ref='2383' />
    <nd ref='2385' />
    <nd ref='2387' />
    <nd ref='2389' />
    <nd ref='2391' />
    <nd ref='2393' />
    <nd ref='2395' />
    <nd ref='2397' />
    <nd ref='2399' />
    <nd ref='2401' />
    <nd ref='2403' />
    <nd ref='2405' />
  </way>
  <way id='2408' visible='true' version='1'>
    <nd ref='2404' />
    <nd ref='2406' />
    <nd ref='2411' />
    <nd ref='2413' />
    <nd ref='2415' />
    <nd ref='2417' />
    <nd ref='2419' />
    <nd ref='2421' />
    <nd ref='2423' />
    <nd ref='2425' />
    <nd ref='2427' />
    <nd ref='2429' />
    <nd ref='2431' />
    <nd ref='2433' />
    <nd ref='2435' />
    <nd ref='2437' />
    <nd ref='2439' />
    <nd ref='2441' />
    <nd ref='2443' />
    <nd ref='2445' />
    <nd ref='2447' />
    <nd ref='2449' />
    <nd ref='2451' />
    <nd ref='2453' />
    <nd ref='2455' />
    <nd ref='2457' />
    <nd ref='2459' />
    <nd ref='2461' />
    <nd ref='2463' />
    <nd ref='2465' />
    <nd ref='2467' />
  </way>
  <way id='2409' visible='true' version='1'>
    <nd ref='2405' />
    <nd ref='2407' />
    <nd ref='2412' />
    <nd ref='2414' />
    <nd ref='2416' />
    <nd ref='2418' />
    <nd ref='2420' />
    <nd ref='2422' />
    <nd ref='2424' />
    <nd ref='2426' />
    <nd ref='2428' />
    <nd ref='2430' />
    <nd ref='2432' />
    <nd ref='2434' />
    <nd ref='2436' />
    <nd ref='2438' />
    <nd ref='2440' />
    <nd ref='2442' />
    <nd ref='2444' />
    <nd ref='2446' />
    <nd ref='2448' />
    <nd ref='2450' />
    <nd ref='2452' />
    <nd ref='2454' />
    <nd ref='2456' />
    <nd ref='2458' />
    <nd ref='2460' />
    <nd ref='2462' />
    <nd ref='2464' />
    <nd ref='2466' />
    <nd ref='2468' />
  </way>
  <way id='2471' visible='true' version='1'>
    <nd ref='2467' />
    <nd ref='2469' />
    <nd ref='2474' />
    <nd ref='2476' />
    <nd ref='2478' />
    <nd ref='2480' />
    <nd ref='2482' />
    <nd ref='2484' />
    <nd ref='2486' />
    <nd ref='2488' />
    <nd ref='2490' />
    <nd ref='2492' />
    <nd ref='2494' />
    <nd ref='2496' />
    <nd ref='2498' />
    <nd ref='2500' />
    <nd ref='2502' />
    <nd ref='2504' />
    <nd ref='2506' />
    <nd ref='2508' />
    <nd ref='2510' />
    <nd ref='2512' />
    <nd ref='2514' />
    <nd ref='2516' />
    <nd ref='2518' />
    <nd ref='2520' />
    <nd ref='2522' />
    <nd ref='2524' />
    <nd ref='2526' />
    <nd ref='2528' />
    <nd ref='2530' />
  </way>
  <way id='2472' visible='true' version='1'>
    <nd ref='2468' />
    <nd ref='2470' />
    <nd ref='2475' />
    <nd ref='2477' />
    <nd ref='2479' />
    <nd ref='2481' />
    <nd ref='2483' />
    <nd ref='2485' />
    <nd ref='2487' />
    <nd ref='2489' />
    <nd ref='2491' />
    <nd ref='2493' />
    <nd ref='2495' />
    <nd ref='2497' />
    <nd ref='2499' />
    <nd ref='2501' />
    <nd ref='2503' />
    <nd ref='2505' />
    <nd ref='2507' />
    <nd ref='2509' />
    <nd ref='2511' />
    <nd ref='2513' />
    <nd ref='2515' />
    <nd ref='2517' />
    <nd ref='2519' />
    <nd ref='2521' />
    <nd ref='2523' />
    <nd ref='2525' />
    <nd ref='2527' />
    <nd ref='2529' />
    <nd ref='2531' />
  </way>
  <way id='2534' visible='true' version='1'>
    <nd ref='2530' />
    <nd ref='2532' />
    <nd ref='2537' />
    <nd ref='2539' />
    <nd ref='2541' />
    <nd ref='2543' />
    <nd ref='2545' />
    <nd ref='2547' />
    <nd ref='2549' />
    <nd ref='2551' />
    <nd ref='2553' />
    <nd ref='2555' />
    <nd ref='2557' />
    <nd ref='2559' />
    <nd ref='2561' />
    <nd ref='2563' />
    <nd ref='2565' />
    <nd ref='2567' />
    <nd ref='2569' />
    <nd ref='2571' />
    <nd ref='2573' />
    <nd ref='2575' />
    <nd ref='2577' />
    <nd ref='2579' />
    <nd ref='2581' />
    <nd ref='2583' />
    <nd ref='2585' />
    <nd ref='2587' />
    <nd ref='2589' />
    <nd ref='2591' />
    <nd ref='2593' />
  </way>
  <way id='2535' visible='true' version='1'>
    <nd ref='2531' />
    <nd ref='2533' />
    <nd ref='2538' />
    <nd ref='2540' />
    <nd ref='2542' />
    <nd ref='2544' />
    <nd ref='2546' />
    <nd ref='2548' />
    <nd ref='2550' />
    <nd ref='2552' />
    <nd ref='2554' />
    <nd ref='2556' />
    <nd ref='2558' />
    <nd ref='2560' />
    <nd ref='2562' />
    <nd ref='2564' />
    <nd ref='2566' />
    <nd ref='2568' />
    <nd ref='2570' />
    <nd ref='2572' />
    <nd ref='2574' />
    <nd ref='2576' />
    <nd ref='2578' />
    <nd ref='2580' />
    <nd ref='2582' />
    <nd ref='2584' />
    <nd ref='2586' />
    <nd ref='2588' />
    <nd ref='2590' />
    <nd ref='2592' />
    <nd ref='2594' />
  </way>
  <way id='2597' visible='true' version='1'>
    <nd ref='2593' />
    <nd ref='2595' />
    <nd ref='2600' />
    <nd ref='2602' />
    <nd ref='2604' />
    <nd ref='2606' />
    <nd ref='2608' />
    <nd ref='2610' />
    <nd ref='2612' />
    <nd ref='2614' />
    <nd ref='2616' />
    <nd ref='2618' />
    <nd ref='2620' />
    <nd ref='2622' />
    <nd ref='2624' />
    <nd ref='2626' />
    <nd ref='2628' />
    <nd ref='2630' />
    <nd ref='2632' />
    <nd ref='2634' />
    <nd ref='2636' />
    <nd ref='2638' />
    <nd ref='2640' />
    <nd ref='2642' />
    <nd ref='2644' />
    <nd ref='2646' />
    <nd ref='2648' />
    <nd ref='2650' />
    <nd ref='2652' />
    <nd ref='2654' />
    <nd ref='2656' />
  </way>
  <way id='2598' visible='true' version='1'>
    <nd ref='2594' />
    <nd ref='2596' />
    <nd ref='2601' />
    <nd ref='2603' />
    <nd ref='2605' />
    <nd ref='2607' />
    <nd ref='2609' />
    <nd ref='2611' />
    <nd ref='2613' />
    <nd ref='2615' />
    <nd ref='2617' />
    <nd ref='2619' />
    <nd ref='2621' />
    <nd ref='2623' />
    <nd ref='2625' />
    <nd ref='2627' />
    <nd ref='2629' />
    <nd ref='2631' />
    <nd ref='2633' />
    <nd ref='2635' />
    <nd ref='2637' />
    <nd ref='2639' />
    <nd ref='2641' />
    <nd ref='2643' />
    <nd ref='2645' />
    <nd ref='2647' />
    <nd ref='2649' />
    <nd ref='2651' />
    <nd ref='2653' />
    <nd ref='2655' />
    <nd ref='2657' />
  </way>
  <way id='2660' visible='true' version='1'>
    <nd ref='2656' />
    <nd ref='2658' />
    <nd ref='2663' />
    <nd ref='2665' />
    <nd ref='2667' />
    <nd ref='2669' />
    <nd ref='2671' />
    <nd ref='2673' />
    <nd ref='2675' />
    <nd ref='2677' />
    <nd ref='2679' />
    <nd ref='2681' />
    <nd ref='2683' />
    <nd ref='2685' />
    <nd ref='2687' />
    <nd ref='2689' />
    <nd ref='2691' />
    <nd ref='2693' />
    <nd ref='2695' />
    <nd ref='2697' />
    <nd ref='2699' />
    <nd ref='2701' />
    <nd ref='2703' />
    <nd ref='2705' />
    <nd ref='2707' />
    <nd ref='2709' />
    <nd ref='2711' />
    <nd ref='2713' />
    <nd ref='2715' />
    <nd ref='2717' />
    <nd ref='2719' />
  </way>
  <way id='2661' visible='true' version='1'>
    <nd ref='2657' />
    <nd ref='2659' />
    <nd ref='2664' />
    <nd ref='2666' />
    <nd ref='2668' />
    <nd ref='2670' />
    <nd ref='2672' />
    <nd ref='2674' />
    <nd ref='2676' />
    <nd ref='2678' />
    <nd ref='2680' />
    <nd ref='2682' />
    <nd ref='2684' />
    <nd ref='2686' />
    <nd ref='2688' />
    <nd ref='2690' />
    <nd ref='2692' />
    <nd ref='2694' />
    <nd ref='2696' />
    <nd ref='2698' />
    <nd ref='2700' />
    <nd ref='2702' />
    <nd ref='2704' />
    <nd ref='2706' />
    <nd ref='2708' />
    <nd ref='2710' />
    <nd ref='2712' />
    <nd ref='2714' />
    <nd ref='2716' />
    <nd ref='2718' />
    <nd ref='2720' />
  </way>
  <way id='2723' visible='true' version='1'>
    <nd ref='2719' />
    <nd ref='2721' />
    <nd ref='2726' />
    <nd ref='2728' />
    <nd ref='2730' />
    <nd ref='2732' />
    <nd ref='2734' />
    <nd ref='2736' />
    <nd ref='2738' />
    <nd ref='2740' />
    <nd ref='2742' />
    <nd ref='2744' />
    <nd ref='2746' />
    <nd ref='2748' />
    <nd ref='2750' />
    <nd ref='2752' />
    <nd ref='2754' />
    <nd ref='2756' />
    <nd ref='2758' />
    <nd ref='2760' />
    <nd ref='2762' />
    <nd ref='2764' />
    <nd ref='2766' />
    <nd ref='2768' />
    <nd ref='2770' />
    <nd ref='2772' />
    <nd ref='2774' />
    <nd ref='2776' />
    <nd ref='2778' />
    <nd ref='2780' />
    <nd ref='2782' />
  </way>
  <way id='2724' visible='true' version='1'>
    <nd ref='2720' />
    <nd ref='2722' />
    <nd ref='2727' />
    <nd ref='2729' />
    <nd ref='2731' />
    <nd ref='2733' />
    <nd ref='2735' />
    <nd ref='2737' />
    <nd ref='2739' />
    <nd ref='2741' />
    <nd ref='2743' />
    <nd ref='2745' />
    <nd ref='2747' />
    <nd ref='2749' />
    <nd ref='2751' />
    <nd ref='2753' />
    <nd ref='2755' />
    <nd ref='2757' />
    <nd ref='2759' />
    <nd ref='2761' />
    <nd ref='2763' />
    <nd ref='2765' />
    <nd ref='2767' />
    <nd ref='2769' />
    <nd ref='2771' />
    <nd ref='2773' />
    <nd ref='2775' />
    <nd ref='2777' />
    <nd ref='2779' />
    <nd ref='2781' />
    <nd ref='2783' />
  </way>
  <way id='2786' visible='true' version='1'>
    <nd ref='2782' />
    <nd ref='2784' />
    <nd ref='2789' />
    <nd ref='2791' />
    <nd ref='2793' />
    <nd ref='2795' />
    <nd ref='2797' />
    <nd ref='2799' />
    <nd ref='2801' />
    <nd ref='2803' />
    <nd ref='2805' />
    <nd ref='2807' />
    <nd ref='2809' />
    <nd ref='2811' />
    <nd ref='2813' />
    <nd ref='2815' />
    <nd ref='2817' />
    <nd ref='2819' />
    <nd ref='2821' />
    <nd ref='2823' />
    <nd ref='2825' />
    <nd ref='2827' />
    <nd ref='2829' />
    <nd ref='2831' />
    <nd ref='2833' />
    <nd ref='2835' />
    <nd ref='2837' />
    <nd ref='2839' />
    <nd ref='2841' />
    <nd ref='2843' />
    <nd ref='2845' />
  </way>
  <way id='2787' visible='true' version='1'>
    <nd ref='2783' />
    <nd ref='2785' />
    <nd ref='2790' />
    <nd ref='2792' />
    <nd ref='2794' />
    <nd ref='2796' />
    <nd ref='2798' />
    <nd ref='2800' />
    <nd ref='2802' />
    <nd ref='2804' />
    <nd ref='2806' />
    <nd ref='2808' />
    <nd ref='2810' />
    <nd ref='2812' />
    <nd ref='2814' />
    <nd ref='2816' />
    <nd ref='2818' />
    <nd ref='2820' />
    <nd ref='2822' />
    <nd ref='2824' />
    <nd ref='2826' />
    <nd ref='2828' />
    <nd ref='2830' />
    <nd ref='2832' />
    <nd ref='2834' />
    <nd ref='2836' />
    <nd ref='2838' />
    <nd ref='2840' />
    <nd ref='2842' />
    <nd ref='2844' />
    <nd ref='2846' />
  </way>
  <way id='2849' action='modify' visible='true' version='1'>
    <nd ref='2845' />
    <nd ref='2847' />
    <nd ref='2852' />
    <nd ref='2854' />
    <nd ref='2856' />
    <nd ref='2858' />
    <nd ref='2860' />
    <nd ref='2862' />
    <nd ref='2864' />
    <nd ref='2866' />
    <nd ref='2868' />
    <nd ref='2870' />
    <nd ref='2872' />
    <nd ref='2908' />
  </way>
  <way id='2850' action='modify' visible='true' version='1'>
    <nd ref='2846' />
    <nd ref='2848' />
    <nd ref='2853' />
    <nd ref='2855' />
    <nd ref='2857' />
    <nd ref='2859' />
    <nd ref='2861' />
    <nd ref='2863' />
    <nd ref='2865' />
    <nd ref='2867' />
    <nd ref='2869' />
    <nd ref='2871' />
    <nd ref='2909' />
  </way>
  <way id='2912' action='modify' visible='true' version='1'>
    <nd ref='2908' />
    <nd ref='2971' />
  </way>
  <way id='2913' action='modify' visible='true' version='1'>
    <nd ref='2909' />
    <nd ref='2972' />
  </way>
  <way id='2975' action='modify' visible='true' version='1'>
    <nd ref='2971' />
    <nd ref='2982' />
    <nd ref='3018' />
    <nd ref='3034' />
  </way>
  <way id='2976' action='modify' visible='true' version='1'>
    <nd ref='2972' />
    <nd ref='2987' />
    <nd ref='2997' />
    <nd ref='3009' />
    <nd ref='3023' />
    <nd ref='3029' />
    <nd ref='3035' />
  </way>
  <way id='3038' action='modify' visible='true' version='1'>
    <nd ref='3034' />
    <nd ref='3055' />
    <nd ref='3057' />
    <nd ref='3073' />
    <nd ref='3081' />
    <nd ref='3097' />
  </way>
  <way id='3039' action='modify' visible='true' version='1'>
    <nd ref='3035' />
    <nd ref='3056' />
    <nd ref='3074' />
    <nd ref='3080' />
    <nd ref='3084' />
    <nd ref='3088' />
    <nd ref='3098' />
  </way>
  <way id='3101' action='modify' visible='true' version='1'>
    <nd ref='3097' />
    <nd ref='3104' />
    <nd ref='3108' />
    <nd ref='3110' />
    <nd ref='3112' />
    <nd ref='3114' />
    <nd ref='3116' />
    <nd ref='3118' />
    <nd ref='3120' />
    <nd ref='3122' />
    <nd ref='3124' />
    <nd ref='3126' />
    <nd ref='3128' />
    <nd ref='3130' />
    <nd ref='3132' />
    <nd ref='3134' />
    <nd ref='3136' />
    <nd ref='3138' />
    <nd ref='3140' />
    <nd ref='3142' />
    <nd ref='3144' />
    <nd ref='3146' />
    <nd ref='3148' />
    <nd ref='3150' />
    <nd ref='3152' />
    <nd ref='3154' />
    <nd ref='3156' />
    <nd ref='3158' />
    <nd ref='3160' />
  </way>
  <way id='3102' action='modify' visible='true' version='1'>
    <nd ref='3098' />
    <nd ref='3105' />
    <nd ref='3109' />
    <nd ref='3111' />
    <nd ref='3113' />
    <nd ref='3115' />
    <nd ref='3117' />
    <nd ref='3119' />
    <nd ref='3121' />
    <nd ref='3123' />
    <nd ref='3125' />
    <nd ref='3127' />
    <nd ref='3129' />
    <nd ref='3131' />
    <nd ref='3133' />
    <nd ref='3135' />
    <nd ref='3137' />
    <nd ref='3139' />
    <nd ref='3141' />
    <nd ref='3143' />
    <nd ref='3145' />
    <nd ref='3147' />
    <nd ref='3149' />
    <nd ref='3151' />
    <nd ref='3153' />
    <nd ref='3155' />
    <nd ref='3157' />
    <nd ref='3159' />
    <nd ref='3161' />
  </way>
  <way id='3164' visible='true' version='1'>
    <nd ref='3160' />
    <nd ref='3162' />
    <nd ref='3167' />
    <nd ref='3169' />
    <nd ref='3171' />
    <nd ref='3173' />
    <nd ref='3175' />
    <nd ref='3177' />
    <nd ref='3179' />
    <nd ref='3181' />
    <nd ref='3183' />
    <nd ref='3185' />
    <nd ref='3187' />
    <nd ref='3189' />
    <nd ref='3191' />
    <nd ref='3193' />
    <nd ref='3195' />
    <nd ref='3197' />
    <nd ref='3199' />
    <nd ref='3201' />
    <nd ref='3203' />
    <nd ref='3205' />
    <nd ref='3207' />
    <nd ref='3209' />
    <nd ref='3211' />
    <nd ref='3213' />
    <nd ref='3215' />
    <nd ref='3217' />
    <nd ref='3219' />
    <nd ref='3221' />
    <nd ref='3223' />
  </way>
  <way id='3165' visible='true' version='1'>
    <nd ref='3161' />
    <nd ref='3163' />
    <nd ref='3168' />
    <nd ref='3170' />
    <nd ref='3172' />
    <nd ref='3174' />
    <nd ref='3176' />
    <nd ref='3178' />
    <nd ref='3180' />
    <nd ref='3182' />
    <nd ref='3184' />
    <nd ref='3186' />
    <nd ref='3188' />
    <nd ref='3190' />
    <nd ref='3192' />
    <nd ref='3194' />
    <nd ref='3196' />
    <nd ref='3198' />
    <nd ref='3200' />
    <nd ref='3202' />
    <nd ref='3204' />
    <nd ref='3206' />
    <nd ref='3208' />
    <nd ref='3210' />
    <nd ref='3212' />
    <nd ref='3214' />
    <nd ref='3216' />
    <nd ref='3218' />
    <nd ref='3220' />
    <nd ref='3222' />
    <nd ref='3224' />
  </way>
  <way id='3227' visible='true' version='1'>
    <nd ref='3223' />
    <nd ref='3225' />
    <nd ref='3230' />
    <nd ref='3232' />
    <nd ref='3234' />
    <nd ref='3236' />
    <nd ref='3238' />
    <nd ref='3240' />
    <nd ref='3242' />
    <nd ref='3244' />
    <nd ref='3246' />
    <nd ref='3248' />
    <nd ref='3250' />
    <nd ref='3252' />
    <nd ref='3254' />
    <nd ref='3256' />
    <nd ref='3258' />
    <nd ref='3260' />
    <nd ref='3262' />
    <nd ref='3264' />
    <nd ref='3266' />
    <nd ref='3268' />
    <nd ref='3270' />
    <nd ref='3272' />
    <nd ref='3274' />
    <nd ref='3276' />
    <nd ref='3278' />
    <nd ref='3280' />
    <nd ref='3282' />
    <nd ref='3284' />
    <nd ref='3286' />
  </way>
  <way id='3228' visible='true' version='1'>
    <nd ref='3224' />
    <nd ref='3226' />
    <nd ref='3231' />
    <nd ref='3233' />
    <nd ref='3235' />
    <nd ref='3237' />
    <nd ref='3239' />
    <nd ref='3241' />
    <nd ref='3243' />
    <nd ref='3245' />
    <nd ref='3247' />
    <nd ref='3249' />
    <nd ref='3251' />
    <nd ref='3253' />
    <nd ref='3255' />
    <nd ref='3257' />
    <nd ref='3259' />
    <nd ref='3261' />
    <nd ref='3263' />
    <nd ref='3265' />
    <nd ref='3267' />
    <nd ref='3269' />
    <nd ref='3271' />
    <nd ref='3273' />
    <nd ref='3275' />
    <nd ref='3277' />
    <nd ref='3279' />
    <nd ref='3281' />
    <nd ref='3283' />
    <nd ref='3285' />
    <nd ref='3287' />
  </way>
  <way id='3290' action='modify' visible='true' version='1'>
    <nd ref='3286' />
    <nd ref='3288' />
    <nd ref='3293' />
    <nd ref='3295' />
    <nd ref='3297' />
    <nd ref='3299' />
    <nd ref='3301' />
    <nd ref='3303' />
    <nd ref='3305' />
    <nd ref='3307' />
    <nd ref='3309' />
    <nd ref='3311' />
    <nd ref='3313' />
    <nd ref='3315' />
    <nd ref='3317' />
    <nd ref='3319' />
    <nd ref='3321' />
    <nd ref='3323' />
    <nd ref='3325' />
    <nd ref='3327' />
    <nd ref='3329' />
    <nd ref='3331' />
    <nd ref='3333' />
    <nd ref='3335' />
    <nd ref='3349' />
  </way>
  <way id='3291' action='modify' visible='true' version='1'>
    <nd ref='3287' />
    <nd ref='3289' />
    <nd ref='3294' />
    <nd ref='3296' />
    <nd ref='3298' />
    <nd ref='3300' />
    <nd ref='3302' />
    <nd ref='3304' />
    <nd ref='3306' />
    <nd ref='3308' />
    <nd ref='3310' />
    <nd ref='3312' />
    <nd ref='3314' />
    <nd ref='3316' />
    <nd ref='3318' />
    <nd ref='3320' />
    <nd ref='3322' />
    <nd ref='3324' />
    <nd ref='3326' />
    <nd ref='3328' />
    <nd ref='3330' />
    <nd ref='3332' />
    <nd ref='3334' />
    <nd ref='3336' />
    <nd ref='3350' />
  </way>
  <way id='3353' action='modify' visible='true' version='1'>
    <nd ref='3349' />
    <nd ref='3370' />
    <nd ref='3378' />
    <nd ref='3390' />
    <nd ref='3396' />
    <nd ref='3412' />
  </way>
  <way id='3354' action='modify' visible='true' version='1'>
    <nd ref='3350' />
    <nd ref='3357' />
    <nd ref='3365' />
    <nd ref='3379' />
    <nd ref='3389' />
    <nd ref='3395' />
    <nd ref='3413' />
  </way>
  <way id='3416' visible='true' version='1'>
    <nd ref='3412' />
    <nd ref='3414' />
    <nd ref='3419' />
    <nd ref='3421' />
    <nd ref='3423' />
    <nd ref='3425' />
    <nd ref='3427' />
    <nd ref='3429' />
    <nd ref='3431' />
    <nd ref='3433' />
    <nd ref='3435' />
    <nd ref='3437' />
    <nd ref='3439' />
    <nd ref='3441' />
    <nd ref='3443' />
    <nd ref='3445' />
    <nd ref='3447' />
    <nd ref='3449' />
    <nd ref='3451' />
    <nd ref='3453' />
    <nd ref='3455' />
    <nd ref='3457' />
    <nd ref='3459' />
    <nd ref='3461' />
    <nd ref='3463' />
    <nd ref='3465' />
    <nd ref='3467' />
    <nd ref='3469' />
    <nd ref='3471' />
    <nd ref='3473' />
    <nd ref='3475' />
  </way>
  <way id='3417' visible='true' version='1'>
    <nd ref='3413' />
    <nd ref='3415' />
    <nd ref='3420' />
    <nd ref='3422' />
    <nd ref='3424' />
    <nd ref='3426' />
    <nd ref='3428' />
    <nd ref='3430' />
    <nd ref='3432' />
    <nd ref='3434' />
    <nd ref='3436' />
    <nd ref='3438' />
    <nd ref='3440' />
    <nd ref='3442' />
    <nd ref='3444' />
    <nd ref='3446' />
    <nd ref='3448' />
    <nd ref='3450' />
    <nd ref='3452' />
    <nd ref='3454' />
    <nd ref='3456' />
    <nd ref='3458' />
    <nd ref='3460' />
    <nd ref='3462' />
    <nd ref='3464' />
    <nd ref='3466' />
    <nd ref='3468' />
    <nd ref='3470' />
    <nd ref='3472' />
    <nd ref='3474' />
    <nd ref='3476' />
  </way>
  <way id='3479' action='modify' visible='true' version='1'>
    <nd ref='3475' />
    <nd ref='3477' />
    <nd ref='3482' />
    <nd ref='3484' />
    <nd ref='3486' />
    <nd ref='3488' />
    <nd ref='3490' />
    <nd ref='3492' />
    <nd ref='3494' />
    <nd ref='3496' />
    <nd ref='3498' />
    <nd ref='3500' />
    <nd ref='3502' />
    <nd ref='3504' />
    <nd ref='3506' />
    <nd ref='3508' />
    <nd ref='3510' />
    <nd ref='3512' />
    <nd ref='3514' />
    <nd ref='3516' />
    <nd ref='3518' />
    <nd ref='3520' />
    <nd ref='3522' />
    <nd ref='3538' />
  </way>
  <way id='3480' action='modify' visible='true' version='1'>
    <nd ref='3476' />
    <nd ref='3478' />
    <nd ref='3483' />
    <nd ref='3485' />
    <nd ref='3487' />
    <nd ref='3489' />
    <nd ref='3491' />
    <nd ref='3493' />
    <nd ref='3495' />
    <nd ref='3497' />
    <nd ref='3499' />
    <nd ref='3501' />
    <nd ref='3503' />
    <nd ref='3505' />
    <nd ref='3507' />
    <nd ref='3509' />
    <nd ref='3511' />
    <nd ref='3513' />
    <nd ref='3515' />
    <nd ref='3517' />
    <nd ref='3519' />
    <nd ref='3521' />
    <nd ref='3523' />
    <nd ref='3539' />
  </way>
  <way id='3542' visible='true' version='1'>
    <nd ref='3538' />
    <nd ref='3540' />
    <nd ref='3545' />
    <nd ref='3547' />
    <nd ref='3549' />
    <nd ref='3551' />
    <nd ref='3553' />
    <nd ref='3555' />
    <nd ref='3557' />
    <nd ref='3559' />
    <nd ref='3561' />
    <nd ref='3563' />
    <nd ref='3565' />
    <nd ref='3567' />
    <nd ref='3569' />
    <nd ref='3571' />
    <nd ref='3573' />
    <nd ref='3575' />
    <nd ref='3577' />
    <nd ref='3579' />
    <nd ref='3581' />
    <nd ref='3583' />
    <nd ref='3585' />
    <nd ref='3587' />
    <nd ref='3589' />
    <nd ref='3591' />
    <nd ref='3593' />
    <nd ref='3595' />
    <nd ref='3597' />
    <nd ref='3599' />
    <nd ref='3601' />
  </way>
  <way id='3543' visible='true' version='1'>
    <nd ref='3539' />
    <nd ref='3541' />
    <nd ref='3546' />
    <nd ref='3548' />
    <nd ref='3550' />
    <nd ref='3552' />
    <nd ref='3554' />
    <nd ref='3556' />
    <nd ref='3558' />
    <nd ref='3560' />
    <nd ref='3562' />
    <nd ref='3564' />
    <nd ref='3566' />
    <nd ref='3568' />
    <nd ref='3570' />
    <nd ref='3572' />
    <nd ref='3574' />
    <nd ref='3576' />
    <nd ref='3578' />
    <nd ref='3580' />
    <nd ref='3582' />
    <nd ref='3584' />
    <nd ref='3586' />
    <nd ref='3588' />
    <nd ref='3590' />
    <nd ref='3592' />
    <nd ref='3594' />
    <nd ref='3596' />
    <nd ref='3598' />
    <nd ref='3600' />
    <nd ref='3602' />
  </way>
  <way id='3605' visible='true' version='1'>
    <nd ref='3601' />
    <nd ref='3603' />
    <nd ref='3608' />
    <nd ref='3610' />
    <nd ref='3612' />
    <nd ref='3614' />
    <nd ref='3616' />
    <nd ref='3618' />
    <nd ref='3620' />
    <nd ref='3622' />
    <nd ref='3624' />
    <nd ref='3626' />
    <nd ref='3628' />
    <nd ref='3630' />
    <nd ref='3632' />
    <nd ref='3634' />
    <nd ref='3636' />
    <nd ref='3638' />
    <nd ref='3640' />
    <nd ref='3642' />
    <nd ref='3644' />
    <nd ref='3646' />
    <nd ref='3648' />
    <nd ref='3650' />
    <nd ref='3652' />
    <nd ref='3654' />
    <nd ref='3656' />
    <nd ref='3658' />
    <nd ref='3660' />
    <nd ref='3662' />
    <nd ref='3664' />
  </way>
  <way id='3606' visible='true' version='1'>
    <nd ref='3602' />
    <nd ref='3604' />
    <nd ref='3609' />
    <nd ref='3611' />
    <nd ref='3613' />
    <nd ref='3615' />
    <nd ref='3617' />
    <nd ref='3619' />
    <nd ref='3621' />
    <nd ref='3623' />
    <nd ref='3625' />
    <nd ref='3627' />
    <nd ref='3629' />
    <nd ref='3631' />
    <nd ref='3633' />
    <nd ref='3635' />
    <nd ref='3637' />
    <nd ref='3639' />
    <nd ref='3641' />
    <nd ref='3643' />
    <nd ref='3645' />
    <nd ref='3647' />
    <nd ref='3649' />
    <nd ref='3651' />
    <nd ref='3653' />
    <nd ref='3655' />
    <nd ref='3657' />
    <nd ref='3659' />
    <nd ref='3661' />
    <nd ref='3663' />
    <nd ref='3665' />
  </way>
  <way id='3668' visible='true' version='1'>
    <nd ref='3664' />
    <nd ref='3666' />
    <nd ref='3671' />
    <nd ref='3673' />
    <nd ref='3675' />
    <nd ref='3677' />
    <nd ref='3679' />
    <nd ref='3681' />
    <nd ref='3683' />
    <nd ref='3685' />
    <nd ref='3687' />
    <nd ref='3689' />
    <nd ref='3691' />
    <nd ref='3693' />
    <nd ref='3695' />
    <nd ref='3697' />
    <nd ref='3699' />
    <nd ref='3701' />
    <nd ref='3703' />
    <nd ref='3705' />
    <nd ref='3707' />
    <nd ref='3709' />
    <nd ref='3711' />
    <nd ref='3713' />
    <nd ref='3715' />
    <nd ref='3717' />
    <nd ref='3719' />
    <nd ref='3721' />
    <nd ref='3723' />
    <nd ref='3725' />
    <nd ref='3727' />
  </way>
  <way id='3669' visible='true' version='1'>
    <nd ref='3665' />
    <nd ref='3667' />
    <nd ref='3672' />
    <nd ref='3674' />
    <nd ref='3676' />
    <nd ref='3678' />
    <nd ref='3680' />
    <nd ref='3682' />
    <nd ref='3684' />
    <nd ref='3686' />
    <nd ref='3688' />
    <nd ref='3690' />
    <nd ref='3692' />
    <nd ref='3694' />
    <nd ref='3696' />
    <nd ref='3698' />
    <nd ref='3700' />
    <nd ref='3702' />
    <nd ref='3704' />
    <nd ref='3706' />
    <nd ref='3708' />
    <nd ref='3710' />
    <nd ref='3712' />
    <nd ref='3714' />
    <nd ref='3716' />
    <nd ref='3718' />
    <nd ref='3720' />
    <nd ref='3722' />
    <nd ref='3724' />
    <nd ref='3726' />
    <nd ref='3728' />
  </way>
  <way id='3731' visible='true' version='1'>
    <nd ref='3727' />
    <nd ref='3729' />
    <nd ref='3734' />
    <nd ref='3736' />
    <nd ref='3738' />
    <nd ref='3740' />
    <nd ref='3742' />
    <nd ref='3744' />
    <nd ref='3746' />
    <nd ref='3748' />
    <nd ref='3750' />
    <nd ref='3752' />
    <nd ref='3754' />
    <nd ref='3756' />
    <nd ref='3758' />
    <nd ref='3760' />
    <nd ref='3762' />
    <nd ref='3764' />
    <nd ref='3766' />
    <nd ref='3768' />
    <nd ref='3770' />
    <nd ref='3772' />
    <nd ref='3774' />
    <nd ref='3776' />
    <nd ref='3778' />
    <nd ref='3780' />
    <nd ref='3782' />
    <nd ref='3784' />
    <nd ref='3786' />
    <nd ref='3788' />
    <nd ref='3790' />
  </way>
  <way id='3732' visible='true' version='1'>
    <nd ref='3728' />
    <nd ref='3730' />
    <nd ref='3735' />
    <nd ref='3737' />
    <nd ref='3739' />
    <nd ref='3741' />
    <nd ref='3743' />
    <nd ref='3745' />
    <nd ref='3747' />
    <nd ref='3749' />
    <nd ref='3751' />
    <nd ref='3753' />
    <nd ref='3755' />
    <nd ref='3757' />
    <nd ref='3759' />
    <nd ref='3761' />
    <nd ref='3763' />
    <nd ref='3765' />
    <nd ref='3767' />
    <nd ref='3769' />
    <nd ref='3771' />
    <nd ref='3773' />
    <nd ref='3775' />
    <nd ref='3777' />
    <nd ref='3779' />
    <nd ref='3781' />
    <nd ref='3783' />
    <nd ref='3785' />
    <nd ref='3787' />
    <nd ref='3789' />
    <nd ref='3791' />
  </way>
  <way id='3794' visible='true' version='1'>
    <nd ref='3790' />
    <nd ref='3792' />
    <nd ref='3797' />
    <nd ref='3799' />
    <nd ref='3801' />
    <nd ref='3803' />
    <nd ref='3805' />
    <nd ref='3807' />
    <nd ref='3809' />
    <nd ref='3811' />
    <nd ref='3813' />
    <nd ref='3815' />
    <nd ref='3817' />
    <nd ref='3819' />
    <nd ref='3821' />
    <nd ref='3823' />
    <nd ref='3825' />
    <nd ref='3827' />
    <nd ref='3829' />
    <nd ref='3831' />
    <nd ref='3833' />
    <nd ref='3835' />
    <nd ref='3837' />
    <nd ref='3839' />
    <nd ref='3841' />
    <nd ref='3843' />
    <nd ref='3845' />
    <nd ref='3847' />
    <nd ref='3849' />
    <nd ref='3851' />
    <nd ref='3853' />
  </way>
  <way id='3795' visible='true' version='1'>
    <nd ref='3791' />
    <nd ref='3793' />
    <nd ref='3798' />
    <nd ref='3800' />
    <nd ref='3802' />
    <nd ref='3804' />
    <nd ref='3806' />
    <nd ref='3808' />
    <nd ref='3810' />
    <nd ref='3812' />
    <nd ref='3814' />
    <nd ref='3816' />
    <nd ref='3818' />
    <nd ref='3820' />
    <nd ref='3822' />
    <nd ref='3824' />
    <nd ref='3826' />
    <nd ref='3828' />
    <nd ref='3830' />
    <nd ref='3832' />
    <nd ref='3834' />
    <nd ref='3836' />
    <nd ref='3838' />
    <nd ref='3840' />
    <nd ref='3842' />
    <nd ref='3844' />
    <nd ref='3846' />
    <nd ref='3848' />
    <nd ref='3850' />
    <nd ref='3852' />
    <nd ref='3854' />
  </way>
  <way id='3857' visible='true' version='1'>
    <nd ref='3853' />
    <nd ref='3855' />
    <nd ref='3860' />
    <nd ref='3862' />
    <nd ref='3864' />
    <nd ref='3866' />
    <nd ref='3868' />
    <nd ref='3870' />
    <nd ref='3872' />
    <nd ref='3874' />
    <nd ref='3876' />
    <nd ref='3878' />
    <nd ref='3880' />
    <nd ref='3882' />
    <nd ref='3884' />
    <nd ref='3886' />
    <nd ref='3888' />
    <nd ref='3890' />
    <nd ref='3892' />
    <nd ref='3894' />
    <nd ref='3896' />
    <nd ref='3898' />
    <nd ref='3900' />
    <nd ref='3902' />
    <nd ref='3904' />
    <nd ref='3906' />
    <nd ref='3908' />
    <nd ref='3910' />
    <nd ref='3912' />
    <nd ref='3914' />
    <nd ref='3916' />
  </way>
  <way id='3858' visible='true' version='1'>
    <nd ref='3854' />
    <nd ref='3856' />
    <nd ref='3861' />
    <nd ref='3863' />
    <nd ref='3865' />
    <nd ref='3867' />
    <nd ref='3869' />
    <nd ref='3871' />
    <nd ref='3873' />
    <nd ref='3875' />
    <nd ref='3877' />
    <nd ref='3879' />
    <nd ref='3881' />
    <nd ref='3883' />
    <nd ref='3885' />
    <nd ref='3887' />
    <nd ref='3889' />
    <nd ref='3891' />
    <nd ref='3893' />
    <nd ref='3895' />
    <nd ref='3897' />
    <nd ref='3899' />
    <nd ref='3901' />
    <nd ref='3903' />
    <nd ref='3905' />
    <nd ref='3907' />
    <nd ref='3909' />
    <nd ref='3911' />
    <nd ref='3913' />
    <nd ref='3915' />
    <nd ref='3917' />
  </way>
  <way id='3920' visible='true' version='1'>
    <nd ref='3916' />
    <nd ref='3918' />
    <nd ref='3923' />
    <nd ref='3925' />
    <nd ref='3927' />
    <nd ref='3929' />
    <nd ref='3931' />
    <nd ref='3933' />
    <nd ref='3935' />
    <nd ref='3937' />
    <nd ref='3939' />
    <nd ref='3941' />
    <nd ref='3943' />
    <nd ref='3945' />
    <nd ref='3947' />
    <nd ref='3949' />
    <nd ref='3951' />
    <nd ref='3953' />
    <nd ref='3955' />
    <nd ref='3957' />
    <nd ref='3959' />
    <nd ref='3961' />
    <nd ref='3963' />
    <nd ref='3965' />
    <nd ref='3967' />
    <nd ref='3969' />
    <nd ref='3971' />
    <nd ref='3973' />
    <nd ref='3975' />
    <nd ref='3977' />
    <nd ref='3979' />
  </way>
  <way id='3921' visible='true' version='1'>
    <nd ref='3917' />
    <nd ref='3919' />
    <nd ref='3924' />
    <nd ref='3926' />
    <nd ref='3928' />
    <nd ref='3930' />
    <nd ref='3932' />
    <nd ref='3934' />
    <nd ref='3936' />
    <nd ref='3938' />
    <nd ref='3940' />
    <nd ref='3942' />
    <nd ref='3944' />
    <nd ref='3946' />
    <nd ref='3948' />
    <nd ref='3950' />
    <nd ref='3952' />
    <nd ref='3954' />
    <nd ref='3956' />
    <nd ref='3958' />
    <nd ref='3960' />
    <nd ref='3962' />
    <nd ref='3964' />
    <nd ref='3966' />
    <nd ref='3968' />
    <nd ref='3970' />
    <nd ref='3972' />
    <nd ref='3974' />
    <nd ref='3976' />
    <nd ref='3978' />
    <nd ref='3980' />
  </way>
  <way id='3983' visible='true' version='1'>
    <nd ref='3979' />
    <nd ref='3981' />
    <nd ref='3986' />
    <nd ref='3988' />
    <nd ref='3990' />
    <nd ref='3992' />
    <nd ref='3994' />
    <nd ref='3996' />
    <nd ref='3998' />
    <nd ref='4000' />
    <nd ref='4002' />
    <nd ref='4004' />
    <nd ref='4006' />
    <nd ref='4008' />
    <nd ref='4010' />
    <nd ref='4012' />
    <nd ref='4014' />
    <nd ref='4016' />
    <nd ref='4018' />
    <nd ref='4020' />
    <nd ref='4022' />
    <nd ref='4024' />
    <nd ref='4026' />
    <nd ref='4028' />
    <nd ref='4030' />
    <nd ref='4032' />
    <nd ref='4034' />
    <nd ref='4036' />
    <nd ref='4038' />
    <nd ref='4040' />
    <nd ref='4042' />
  </way>
  <way id='3984' visible='true' version='1'>
    <nd ref='3980' />
    <nd ref='3982' />
    <nd ref='3987' />
    <nd ref='3989' />
    <nd ref='3991' />
    <nd ref='3993' />
    <nd ref='3995' />
    <nd ref='3997' />
    <nd ref='3999' />
    <nd ref='4001' />
    <nd ref='4003' />
    <nd ref='4005' />
    <nd ref='4007' />
    <nd ref='4009' />
    <nd ref='4011' />
    <nd ref='4013' />
    <nd ref='4015' />
    <nd ref='4017' />
    <nd ref='4019' />
    <nd ref='4021' />
    <nd ref='4023' />
    <nd ref='4025' />
    <nd ref='4027' />
    <nd ref='4029' />
    <nd ref='4031' />
    <nd ref='4033' />
    <nd ref='4035' />
    <nd ref='4037' />
    <nd ref='4039' />
    <nd ref='4041' />
    <nd ref='4043' />
  </way>
  <way id='4046' visible='true' version='1'>
    <nd ref='4042' />
    <nd ref='4044' />
    <nd ref='4049' />
    <nd ref='4051' />
    <nd ref='4053' />
    <nd ref='4055' />
    <nd ref='4057' />
    <nd ref='4059' />
    <nd ref='4061' />
    <nd ref='4063' />
    <nd ref='4065' />
    <nd ref='4067' />
    <nd ref='4069' />
    <nd ref='4071' />
    <nd ref='4073' />
    <nd ref='4075' />
    <nd ref='4077' />
    <nd ref='4079' />
    <nd ref='4081' />
    <nd ref='4083' />
    <nd ref='4085' />
    <nd ref='4087' />
    <nd ref='4089' />
    <nd ref='4091' />
    <nd ref='4093' />
    <nd ref='4095' />
    <nd ref='4097' />
    <nd ref='4099' />
    <nd ref='4101' />
    <nd ref='4103' />
    <nd ref='4105' />
  </way>
  <way id='4047' visible='true' version='1'>
    <nd ref='4043' />
    <nd ref='4045' />
    <nd ref='4050' />
    <nd ref='4052' />
    <nd ref='4054' />
    <nd ref='4056' />
    <nd ref='4058' />
    <nd ref='4060' />
    <nd ref='4062' />
    <nd ref='4064' />
    <nd ref='4066' />
    <nd ref='4068' />
    <nd ref='4070' />
    <nd ref='4072' />
    <nd ref='4074' />
    <nd ref='4076' />
    <nd ref='4078' />
    <nd ref='4080' />
    <nd ref='4082' />
    <nd ref='4084' />
    <nd ref='4086' />
    <nd ref='4088' />
    <nd ref='4090' />
    <nd ref='4092' />
    <nd ref='4094' />
    <nd ref='4096' />
    <nd ref='4098' />
    <nd ref='4100' />
    <nd ref='4102' />
    <nd ref='4104' />
    <nd ref='4106' />
  </way>
  <way id='4109' action='modify' visible='true' version='1'>
    <nd ref='4105' />
    <nd ref='4168' />
  </way>
  <way id='4110' action='modify' visible='true' version='1'>
    <nd ref='4106' />
    <nd ref='4169' />
  </way>
  <way id='4172' action='modify' visible='true' version='1'>
    <nd ref='4168' />
    <nd ref='4170' />
    <nd ref='4175' />
    <nd ref='4177' />
    <nd ref='4231' />
  </way>
  <way id='4173' action='modify' visible='true' version='1'>
    <nd ref='4169' />
    <nd ref='4171' />
    <nd ref='4176' />
    <nd ref='4178' />
    <nd ref='4232' />
  </way>
  <way id='4235' visible='true' version='1'>
    <nd ref='4231' />
    <nd ref='4233' />
    <nd ref='4238' />
    <nd ref='4240' />
    <nd ref='4242' />
    <nd ref='4244' />
    <nd ref='4246' />
    <nd ref='4248' />
    <nd ref='4250' />
    <nd ref='4252' />
    <nd ref='4254' />
    <nd ref='4256' />
    <nd ref='4258' />
    <nd ref='4260' />
    <nd ref='4262' />
    <nd ref='4264' />
    <nd ref='4266' />
    <nd ref='4268' />
    <nd ref='4270' />
    <nd ref='4272' />
    <nd ref='4274' />
    <nd ref='4276' />
    <nd ref='4278' />
    <nd ref='4280' />
    <nd ref='4282' />
    <nd ref='4284' />
    <nd ref='4286' />
    <nd ref='4288' />
    <nd ref='4290' />
    <nd ref='4292' />
    <nd ref='4294' />
  </way>
  <way id='4236' visible='true' version='1'>
    <nd ref='4232' />
    <nd ref='4234' />
    <nd ref='4239' />
    <nd ref='4241' />
    <nd ref='4243' />
    <nd ref='4245' />
    <nd ref='4247' />
    <nd ref='4249' />
    <nd ref='4251' />
    <nd ref='4253' />
    <nd ref='4255' />
    <nd ref='4257' />
    <nd ref='4259' />
    <nd ref='4261' />
    <nd ref='4263' />
    <nd ref='4265' />
    <nd ref='4267' />
    <nd ref='4269' />
    <nd ref='4271' />
    <nd ref='4273' />
    <nd ref='4275' />
    <nd ref='4277' />
    <nd ref='4279' />
    <nd ref='4281' />
    <nd ref='4283' />
    <nd ref='4285' />
    <nd ref='4287' />
    <nd ref='4289' />
    <nd ref='4291' />
    <nd ref='4293' />
    <nd ref='4295' />
  </way>
  <way id='4298' action='modify' visible='true' version='1'>
    <nd ref='4294' />
    <nd ref='4296' />
    <nd ref='4301' />
    <nd ref='4303' />
    <nd ref='4305' />
    <nd ref='4307' />
    <nd ref='4309' />
    <nd ref='4311' />
    <nd ref='4313' />
    <nd ref='4315' />
    <nd ref='4317' />
    <nd ref='4319' />
    <nd ref='4321' />
    <nd ref='4323' />
    <nd ref='4325' />
    <nd ref='4327' />
    <nd ref='4329' />
    <nd ref='4331' />
    <nd ref='4333' />
    <nd ref='4335' />
    <nd ref='4337' />
    <nd ref='4339' />
    <nd ref='4355' />
    <nd ref='4357' />
  </way>
  <way id='4299' action='modify' visible='true' version='1'>
    <nd ref='4295' />
    <nd ref='4297' />
    <nd ref='4302' />
    <nd ref='4304' />
    <nd ref='4306' />
    <nd ref='4308' />
    <nd ref='4310' />
    <nd ref='4312' />
    <nd ref='4314' />
    <nd ref='4316' />
    <nd ref='4318' />
    <nd ref='4320' />
    <nd ref='4322' />
    <nd ref='4324' />
    <nd ref='4326' />
    <nd ref='4328' />
    <nd ref='4330' />
    <nd ref='4332' />
    <nd ref='4334' />
    <nd ref='4336' />
    <nd ref='4338' />
    <nd ref='4340' />
    <nd ref='4356' />
    <nd ref='4358' />
  </way>
  <way id='4361' action='modify' visible='true' version='1'>
    <nd ref='4357' />
    <nd ref='4366' />
    <nd ref='4372' />
    <nd ref='4382' />
    <nd ref='4384' />
    <nd ref='4394' />
    <nd ref='2315' />
  </way>
  <way id='4362' action='modify' visible='true' version='1'>
    <nd ref='4358' />
    <nd ref='4369' />
    <nd ref='4377' />
    <nd ref='4383' />
    <nd ref='4385' />
    <nd ref='4395' />
    <nd ref='2316' />
  </way>
  <relation id='-106' action='modify' visible='true'>
    <member type='way' ref='-946' role='left' />
    <member type='way' ref='-825' role='right' />
    <tag k='subtype' v='road' />
    <tag k='type' v='lanelet' />
  </relation>
  <relation id='-134' action='modify' visible='true'>
    <member type='way' ref='-978' role='right' />
    <member type='way' ref='-980' role='left' />
    <tag k='subtype' v='road' />
    <tag k='type' v='lanelet' />
  </relation>
  <relation id='-162' action='modify' visible='true'>
    <member type='way' ref='-648' role='right' />
    <member type='way' ref='-821' role='left' />
    <tag k='subtype' v='road' />
    <tag k='type' v='lanelet' />
  </relation>
  <relation id='-189' action='modify' visible='true'>
    <member type='way' ref='-1004' role='right' />
    <member type='way' ref='-1074' role='left' />
    <tag k='subtype' v='road' />
    <tag k='type' v='lanelet' />
  </relation>
  <relation id='1235' action='modify' visible='true' version='1'>
    <member type='way' ref='1233' role='right' />
    <member type='way' ref='1234' role='left' />
    <tag k='subtype' v='road' />
    <tag k='type' v='lanelet' />
  </relation>
  <relation id='1298' action='modify' visible='true' version='1'>
    <member type='way' ref='1296' role='right' />
    <member type='way' ref='1297' role='left' />
    <tag k='subtype' v='road' />
    <tag k='type' v='lanelet' />
  </relation>
  <relation id='1361' action='modify' visible='true' version='1'>
    <member type='way' ref='1359' role='right' />
    <member type='way' ref='1360' role='left' />
    <tag k='subtype' v='road' />
    <tag k='type' v='lanelet' />
  </relation>
  <relation id='1424' action='modify' visible='true' version='1'>
    <member type='way' ref='1422' role='right' />
    <member type='way' ref='1423' role='left' />
    <tag k='subtype' v='road' />
    <tag k='type' v='lanelet' />
  </relation>
  <relation id='1487' action='modify' visible='true' version='1'>
    <member type='way' ref='1485' role='right' />
    <member type='way' ref='1486' role='left' />
    <tag k='subtype' v='road' />
    <tag k='type' v='lanelet' />
  </relation>
  <relation id='1550' action='modify' visible='true' version='1'>
    <member type='way' ref='1548' role='right' />
    <member type='way' ref='1549' role='left' />
    <tag k='subtype' v='road' />
    <tag k='type' v='lanelet' />
  </relation>
  <relation id='1613' action='modify' visible='true' version='1'>
    <member type='way' ref='1611' role='right' />
    <member type='way' ref='1612' role='left' />
    <tag k='subtype' v='road' />
    <tag k='type' v='lanelet' />
  </relation>
  <relation id='2284' visible='true' version='1'>
    <member type='way' ref='2282' role='left' />
    <member type='way' ref='2283' role='right' />
    <tag k='subtype' v='road' />
    <tag k='type' v='lanelet' />
  </relation>
  <relation id='2347' visible='true' version='1'>
    <member type='way' ref='2345' role='left' />
    <member type='way' ref='2346' role='right' />
    <tag k='subtype' v='road' />
    <tag k='type' v='lanelet' />
  </relation>
  <relation id='2410' visible='true' version='1'>
    <member type='way' ref='2408' role='left' />
    <member type='way' ref='2409' role='right' />
    <tag k='subtype' v='road' />
    <tag k='type' v='lanelet' />
  </relation>
  <relation id='2473' visible='true' version='1'>
    <member type='way' ref='2471' role='left' />
    <member type='way' ref='2472' role='right' />
    <tag k='subtype' v='road' />
    <tag k='type' v='lanelet' />
  </relation>
  <relation id='2536' visible='true' version='1'>
    <member type='way' ref='2534' role='left' />
    <member type='way' ref='2535' role='right' />
    <tag k='subtype' v='road' />
    <tag k='type' v='lanelet' />
  </relation>
  <relation id='2599' visible='true' version='1'>
    <member type='way' ref='2597' role='left' />
    <member type='way' ref='2598' role='right' />
    <tag k='subtype' v='road' />
    <tag k='type' v='lanelet' />
  </relation>
  <relation id='2662' visible='true' version='1'>
    <member type='way' ref='2660' role='left' />
    <member type='way' ref='2661' role='right' />
    <tag k='subtype' v='road' />
    <tag k='type' v='lanelet' />
  </relation>
  <relation id='2725' visible='true' version='1'>
    <member type='way' ref='2723' role='left' />
    <member type='way' ref='2724' role='right' />
    <tag k='subtype' v='road' />
    <tag k='type' v='lanelet' />
  </relation>
  <relation id='2788' visible='true' version='1'>
    <member type='way' ref='2786' role='left' />
    <member type='way' ref='2787' role='right' />
    <tag k='subtype' v='road' />
    <tag k='type' v='lanelet' />
  </relation>
  <relation id='2851' visible='true' version='1'>
    <member type='way' ref='2849' role='left' />
    <member type='way' ref='2850' role='right' />
    <tag k='subtype' v='road' />
    <tag k='type' v='lanelet' />
  </relation>
  <relation id='2914' visible='true' version='1'>
    <member type='way' ref='2912' role='left' />
    <member type='way' ref='2913' role='right' />
    <tag k='subtype' v='road' />
    <tag k='type' v='lanelet' />
  </relation>
  <relation id='2977' visible='true' version='1'>
    <member type='way' ref='2975' role='left' />
    <member type='way' ref='2976' role='right' />
    <tag k='subtype' v='road' />
    <tag k='type' v='lanelet' />
  </relation>
  <relation id='3040' visible='true' version='1'>
    <member type='way' ref='3038' role='left' />
    <member type='way' ref='3039' role='right' />
    <tag k='subtype' v='road' />
    <tag k='type' v='lanelet' />
  </relation>
  <relation id='3103' visible='true' version='1'>
    <member type='way' ref='3101' role='left' />
    <member type='way' ref='3102' role='right' />
    <tag k='subtype' v='road' />
    <tag k='type' v='lanelet' />
  </relation>
  <relation id='3166' visible='true' version='1'>
    <member type='way' ref='3164' role='left' />
    <member type='way' ref='3165' role='right' />
    <tag k='subtype' v='road' />
    <tag k='type' v='lanelet' />
  </relation>
  <relation id='3229' visible='true' version='1'>
    <member type='way' ref='3227' role='left' />
    <member type='way' ref='3228' role='right' />
    <tag k='subtype' v='road' />
    <tag k='type' v='lanelet' />
  </relation>
  <relation id='3292' visible='true' version='1'>
    <member type='way' ref='3290' role='left' />
    <member type='way' ref='3291' role='right' />
    <tag k='subtype' v='road' />
    <tag k='type' v='lanelet' />
  </relation>
  <relation id='3355' visible='true' version='1'>
    <member type='way' ref='3353' role='left' />
    <member type='way' ref='3354' role='right' />
    <tag k='subtype' v='road' />
    <tag k='type' v='lanelet' />
  </relation>
  <relation id='3418' visible='true' version='1'>
    <member type='way' ref='3416' role='left' />
    <member type='way' ref='3417' role='right' />
    <tag k='subtype' v='road' />
    <tag k='type' v='lanelet' />
  </relation>
  <relation id='3481' visible='true' version='1'>
    <member type='way' ref='3479' role='left' />
    <member type='way' ref='3480' role='right' />
    <tag k='subtype' v='road' />
    <tag k='type' v='lanelet' />
  </relation>
  <relation id='3544' visible='true' version='1'>
    <member type='way' ref='3542' role='left' />
    <member type='way' ref='3543' role='right' />
    <tag k='subtype' v='road' />
    <tag k='type' v='lanelet' />
  </relation>
  <relation id='3607' visible='true' version='1'>
    <member type='way' ref='3605' role='left' />
    <member type='way' ref='3606' role='right' />
    <tag k='subtype' v='road' />
    <tag k='type' v='lanelet' />
  </relation>
  <relation id='3670' visible='true' version='1'>
    <member type='way' ref='3668' role='left' />
    <member type='way' ref='3669' role='right' />
    <tag k='subtype' v='road' />
    <tag k='type' v='lanelet' />
  </relation>
  <relation id='3733' visible='true' version='1'>
    <member type='way' ref='3731' role='left' />
    <member type='way' ref='3732' role='right' />
    <tag k='subtype' v='road' />
    <tag k='type' v='lanelet' />
  </relation>
  <relation id='3796' visible='true' version='1'>
    <member type='way' ref='3794' role='left' />
    <member type='way' ref='3795' role='right' />
    <tag k='subtype' v='road' />
    <tag k='type' v='lanelet' />
  </relation>
  <relation id='3859' visible='true' version='1'>
    <member type='way' ref='3857' role='left' />
    <member type='way' ref='3858' role='right' />
    <tag k='subtype' v='road' />
    <tag k='type' v='lanelet' />
  </relation>
  <relation id='3922' visible='true' version='1'>
    <member type='way' ref='3920' role='left' />
    <member type='way' ref='3921' role='right' />
    <tag k='subtype' v='road' />
    <tag k='type' v='lanelet' />
  </relation>
  <relation id='3985' visible='true' version='1'>
    <member type='way' ref='3983' role='left' />
    <member type='way' ref='3984' role='right' />
    <tag k='subtype' v='road' />
    <tag k='type' v='lanelet' />
  </relation>
  <relation id='4048' visible='true' version='1'>
    <member type='way' ref='4046' role='left' />
    <member type='way' ref='4047' role='right' />
    <tag k='subtype' v='road' />
    <tag k='type' v='lanelet' />
  </relation>
  <relation id='4111' visible='true' version='1'>
    <member type='way' ref='4109' role='left' />
    <member type='way' ref='4110' role='right' />
    <tag k='subtype' v='road' />
    <tag k='type' v='lanelet' />
  </relation>
  <relation id='4174' visible='true' version='1'>
    <member type='way' ref='4172' role='left' />
    <member type='way' ref='4173' role='right' />
    <tag k='subtype' v='road' />
    <tag k='type' v='lanelet' />
  </relation>
  <relation id='4237' visible='true' version='1'>
    <member type='way' ref='4235' role='left' />
    <member type='way' ref='4236' role='right' />
    <tag k='subtype' v='road' />
    <tag k='type' v='lanelet' />
  </relation>
  <relation id='4300' visible='true' version='1'>
    <member type='way' ref='4298' role='left' />
    <member type='way' ref='4299' role='right' />
    <tag k='subtype' v='road' />
    <tag k='type' v='lanelet' />
  </relation>
  <relation id='4363' visible='true' version='1'>
    <member type='way' ref='4361' role='left' />
    <member type='way' ref='4362' role='right' />
    <tag k='subtype' v='road' />
    <tag k='type' v='lanelet' />
  </relation>
</osm>
