<?xml version='1.0' encoding='UTF-8'?>
<osm version='0.6' upload='false' generator='JOSM'>
  <node id='-193359' action='modify' lat='40.40081014037' lon='99.78050814714'>
    <tag k='gpx:ele' v='1152.23' />
  </node>
  <node id='-193360' action='modify' lat='40.40072928188' lon='99.78064029289'>
    <tag k='gpx:ele' v='1152.22' />
  </node>
  <node id='-193361' action='modify' lat='40.40093751922' lon='99.78093898149'>
    <tag k='gpx:ele' v='1152.24' />
  </node>
  <node id='-193362' action='modify' lat='40.40075067812' lon='99.78067428098'>
    <tag k='gpx:ele' v='1152.22' />
  </node>
  <node id='-193363' action='modify' lat='40.40096567296' lon='99.7809700519'>
    <tag k='gpx:ele' v='1152.24' />
  </node>
  <node id='-193364' action='modify' lat='40.40200184108' lon='99.77928979641'>
    <tag k='gpx:ele' v='1151.89' />
  </node>
  <node id='-193365' action='modify' lat='40.40178127694' lon='99.77965153125'>
    <tag k='gpx:ele' v='1151.93' />
  </node>
  <node id='-193366' action='modify' lat='40.40158201986' lon='99.77996940562'>
    <tag k='gpx:ele' v='1152.01' />
  </node>
  <node id='-193367' action='modify' lat='40.40145516709' lon='99.78017624014'>
    <tag k='gpx:ele' v='1152.07' />
  </node>
  <node id='-193368' action='modify' lat='40.40126698251' lon='99.78048994461'>
    <tag k='gpx:ele' v='1152.12' />
  </node>
  <node id='-193369' action='modify' lat='40.40103222881' lon='99.78085682577'>
    <tag k='gpx:ele' v='1152.3' />
  </node>
  <node id='-193371' action='modify' lat='40.40196505077' lon='99.77927768896'>
    <tag k='gpx:ele' v='1151.89' />
  </node>
  <node id='-193372' action='modify' lat='40.40174798935' lon='99.77962376892'>
    <tag k='gpx:ele' v='1151.93' />
  </node>
  <node id='-193373' action='modify' lat='40.40155553071' lon='99.77994380619'>
    <tag k='gpx:ele' v='1152.01' />
  </node>
  <node id='-193374' action='modify' lat='40.40142503666' lon='99.7801540151'>
    <tag k='gpx:ele' v='1152.07' />
  </node>
  <node id='-193375' action='modify' lat='40.40123912796' lon='99.78045653415'>
    <tag k='gpx:ele' v='1152.12' />
  </node>
  <node id='-193376' action='modify' lat='40.40100724472' lon='99.78082701227'>
    <tag k='gpx:ele' v='1152.3' />
  </node>
  <node id='-193377' action='modify' lat='40.40100279536' lon='99.78019721317'>
    <tag k='gpx:ele' v='1152.09' />
  </node>
  <node id='-193378' action='modify' lat='40.40119307571' lon='99.77989043177'>
    <tag k='gpx:ele' v='1152.07' />
  </node>
  <node id='-193379' action='modify' lat='40.4014351445' lon='99.77949414525'>
    <tag k='gpx:ele' v='1151.96' />
  </node>
  <node id='-193380' action='modify' lat='40.40159793889' lon='99.7792310906'>
    <tag k='gpx:ele' v='1151.91' />
  </node>
  <node id='-193381' action='modify' lat='40.40168735654' lon='99.7790806438'>
    <tag k='gpx:ele' v='1151.87' />
  </node>
  <node id='-193382' action='modify' lat='40.40083526582' lon='99.78054145322'>
    <tag k='gpx:ele' v='1152.09' />
  </node>
  <node id='-193383' action='modify' lat='40.40102236651' lon='99.78024229677'>
    <tag k='gpx:ele' v='1152.07' />
  </node>
  <node id='-193384' action='modify' lat='40.40121581813' lon='99.77993412721'>
    <tag k='gpx:ele' v='1152.02' />
  </node>
  <node id='-193385' action='modify' lat='40.40146473703' lon='99.77952747243'>
    <tag k='gpx:ele' v='1151.96' />
  </node>
  <node id='-193386' action='modify' lat='40.40162964557' lon='99.77926094741'>
    <tag k='gpx:ele' v='1151.91' />
  </node>
  <node id='-193387' action='modify' lat='40.40171035788' lon='99.77912708255'>
    <tag k='gpx:ele' v='1151.87' />
  </node>
  <node id='-193388' action='modify' lat='40.40180782595' lon='99.7789648508' />
  <node id='-193389' action='modify' lat='40.40178371519' lon='99.7789291076' />
  <node id='-193390' action='modify' lat='40.40205567362' lon='99.77854078022'>
    <tag k='gpx:ele' v='1151.77' />
  </node>
  <node id='-193391' action='modify' lat='40.40288014248' lon='99.77859040829'>
    <tag k='gpx:ele' v='1151.86' />
  </node>
  <node id='-193393' action='modify' lat='40.40285506497' lon='99.778630408'>
    <tag k='gpx:ele' v='1151.7' />
  </node>
  <node id='-193394' action='modify' lat='40.40283416297' lon='99.77865247772'>
    <tag k='gpx:ele' v='1151.61' />
  </node>
  <node id='-193395' action='modify' lat='40.40282117937' lon='99.77865800267'>
    <tag k='gpx:ele' v='1151.59' />
  </node>
  <node id='-193396' action='modify' lat='40.402800031' lon='99.77866138205'>
    <tag k='gpx:ele' v='1151.56' />
  </node>
  <node id='-193397' action='modify' lat='40.40277500762' lon='99.77866308577'>
    <tag k='gpx:ele' v='1151.53' />
  </node>
  <node id='-193398' action='modify' lat='40.40275664773' lon='99.77866052932'>
    <tag k='gpx:ele' v='1151.49' />
  </node>
  <node id='-193399' action='modify' lat='40.40273659637' lon='99.77865245381'>
    <tag k='gpx:ele' v='1151.48' />
  </node>
  <node id='-193400' action='modify' lat='40.40272377989' lon='99.77864238493'>
    <tag k='gpx:ele' v='1151.48' />
  </node>
  <node id='-193401' action='modify' lat='40.40257370253' lon='99.77848800888'>
    <tag k='gpx:ele' v='1151.49' />
  </node>
  <node id='-193402' action='modify' lat='40.4025349396' lon='99.77845174355'>
    <tag k='gpx:ele' v='1151.5' />
  </node>
  <node id='-193403' action='modify' lat='40.40250606755' lon='99.77842688547'>
    <tag k='gpx:ele' v='1151.5' />
  </node>
  <node id='-193404' action='modify' lat='40.40248835724' lon='99.77841334791'>
    <tag k='gpx:ele' v='1151.52' />
  </node>
  <node id='-193405' action='modify' lat='40.40247381892' lon='99.77840883539'>
    <tag k='gpx:ele' v='1151.54' />
  </node>
  <node id='-193406' action='modify' lat='40.40246192393' lon='99.77840744693'>
    <tag k='gpx:ele' v='1151.56' />
  </node>
  <node id='-193407' action='modify' lat='40.40244289195' lon='99.77840501711'>
    <tag k='gpx:ele' v='1151.54' />
  </node>
  <node id='-193408' action='modify' lat='40.40241328689' lon='99.7784098764'>
    <tag k='gpx:ele' v='1151.54' />
  </node>
  <node id='-193409' action='modify' lat='40.40239108263' lon='99.77841890178'>
    <tag k='gpx:ele' v='1151.57' />
  </node>
  <node id='-193410' action='modify' lat='40.40236676421' lon='99.77843278611'>
    <tag k='gpx:ele' v='1151.59' />
  </node>
  <node id='-193411' action='modify' lat='40.4023390065' lon='99.77846067684'>
    <tag k='gpx:ele' v='1151.6' />
  </node>
  <node id='-193412' action='modify' lat='40.40233215606' lon='99.77847076105'>
    <tag k='gpx:ele' v='1151.6' />
  </node>
  <node id='-193413' action='modify' lat='40.40232457337' lon='99.7784879903'>
    <tag k='gpx:ele' v='1151.61' />
  </node>
  <node id='-193414' action='modify' lat='40.40231720108' lon='99.77851037688'>
    <tag k='gpx:ele' v='1151.62' />
  </node>
  <node id='-193415' action='modify' lat='40.40231234962' lon='99.77853391549'>
    <tag k='gpx:ele' v='1151.64' />
  </node>
  <node id='-193416' action='modify' lat='40.40231005963' lon='99.77856505941'>
    <tag k='gpx:ele' v='1151.65' />
  </node>
  <node id='-193417' action='modify' lat='40.40231403354' lon='99.7786515915'>
    <tag k='gpx:ele' v='1151.69' />
  </node>
  <node id='-193418' action='modify' lat='40.40231307186' lon='99.77869102068'>
    <tag k='gpx:ele' v='1151.71' />
  </node>
  <node id='-193419' action='modify' lat='40.40230390268' lon='99.77874340095'>
    <tag k='gpx:ele' v='1151.71' />
  </node>
  <node id='-193420' action='modify' lat='40.40229351991' lon='99.778781576'>
    <tag k='gpx:ele' v='1151.72' />
  </node>
  <node id='-193421' action='modify' lat='40.40228039995' lon='99.77881822863'>
    <tag k='gpx:ele' v='1151.75' />
  </node>
  <node id='-193422' action='modify' lat='40.40226851147' lon='99.77884519003'>
    <tag k='gpx:ele' v='1151.76' />
  </node>
  <node id='-193423' action='modify' lat='40.40225593919' lon='99.77886719153'>
    <tag k='gpx:ele' v='1151.75' />
  </node>
  <node id='-193424' action='modify' lat='40.40221162218' lon='99.77894115376'>
    <tag k='gpx:ele' v='1151.77' />
  </node>
  <node id='-193425' action='modify' lat='40.40285242697' lon='99.77856183247'>
    <tag k='gpx:ele' v='1151.86' />
  </node>
  <node id='-193426' action='modify' lat='40.4028296943' lon='99.77859809203'>
    <tag k='gpx:ele' v='1151.7' />
  </node>
  <node id='-193427' action='modify' lat='40.40281681399' lon='99.77861169193'>
    <tag k='gpx:ele' v='1151.61' />
  </node>
  <node id='-193428' action='modify' lat='40.40281340615' lon='99.77861314207'>
    <tag k='gpx:ele' v='1151.59' />
  </node>
  <node id='-193429' action='modify' lat='40.40279692963' lon='99.77861577492'>
    <tag k='gpx:ele' v='1151.56' />
  </node>
  <node id='-193430' action='modify' lat='40.40277597688' lon='99.77861720149'>
    <tag k='gpx:ele' v='1151.53' />
  </node>
  <node id='-193431' action='modify' lat='40.40276445731' lon='99.7786155975'>
    <tag k='gpx:ele' v='1151.49' />
  </node>
  <node id='-193432' action='modify' lat='40.40275297165' lon='99.77861142628'>
    <tag k='gpx:ele' v='1151.48' />
  </node>
  <node id='-193433' action='modify' lat='40.40274392325' lon='99.77860662005'>
    <tag k='gpx:ele' v='1151.48' />
  </node>
  <node id='-193434' action='modify' lat='40.40259526092' lon='99.77845168239'>
    <tag k='gpx:ele' v='1151.49' />
  </node>
  <node id='-193435' action='modify' lat='40.402556399' lon='99.77841532443'>
    <tag k='gpx:ele' v='1151.5' />
  </node>
  <node id='-193436' action='modify' lat='40.4025269501' lon='99.77838835515'>
    <tag k='gpx:ele' v='1151.5' />
  </node>
  <node id='-193437' action='modify' lat='40.40249258683' lon='99.77836752814'>
    <tag k='gpx:ele' v='1151.52' />
  </node>
  <node id='-193438' action='modify' lat='40.40247937018' lon='99.77836405698'>
    <tag k='gpx:ele' v='1151.54' />
  </node>
  <node id='-193439' action='modify' lat='40.40245769486' lon='99.77836058581'>
    <tag k='gpx:ele' v='1151.56' />
  </node>
  <node id='-193440' action='modify' lat='40.40242544622' lon='99.77835919734'>
    <tag k='gpx:ele' v='1151.54' />
  </node>
  <node id='-193441' action='modify' lat='40.40239502139' lon='99.77836719851'>
    <tag k='gpx:ele' v='1151.54' />
  </node>
  <node id='-193442' action='modify' lat='40.40237284362' lon='99.77837933046'>
    <tag k='gpx:ele' v='1151.57' />
  </node>
  <node id='-193443' action='modify' lat='40.40235196128' lon='99.77839425649'>
    <tag k='gpx:ele' v='1151.59' />
  </node>
  <node id='-193444' action='modify' lat='40.40231786224' lon='99.77843157155'>
    <tag k='gpx:ele' v='1151.6' />
  </node>
  <node id='-193445' action='modify' lat='40.40230742106' lon='99.77844875383'>
    <tag k='gpx:ele' v='1151.6' />
  </node>
  <node id='-193446' action='modify' lat='40.40229618688' lon='99.77847235777'>
    <tag k='gpx:ele' v='1151.61' />
  </node>
  <node id='-193447' action='modify' lat='40.4022877282' lon='99.77849943289'>
    <tag k='gpx:ele' v='1151.62' />
  </node>
  <node id='-193448' action='modify' lat='40.40228270586' lon='99.77852720223'>
    <tag k='gpx:ele' v='1151.64' />
  </node>
  <node id='-193449' action='modify' lat='40.40227979819' lon='99.7785636495'>
    <tag k='gpx:ele' v='1151.65' />
  </node>
  <node id='-193450' action='modify' lat='40.40228059119' lon='99.77864452772'>
    <tag k='gpx:ele' v='1151.69' />
  </node>
  <node id='-193451' action='modify' lat='40.40227730173' lon='99.77868492824'>
    <tag k='gpx:ele' v='1151.71' />
  </node>
  <node id='-193452' action='modify' lat='40.40226938626' lon='99.77873014656'>
    <tag k='gpx:ele' v='1151.71' />
  </node>
  <node id='-193453' action='modify' lat='40.40226029351' lon='99.7787635785'>
    <tag k='gpx:ele' v='1151.72' />
  </node>
  <node id='-193454' action='modify' lat='40.40224856296' lon='99.77879634956'>
    <tag k='gpx:ele' v='1151.75' />
  </node>
  <node id='-193455' action='modify' lat='40.4022385142' lon='99.77881913874'>
    <tag k='gpx:ele' v='1151.76' />
  </node>
  <node id='-193456' action='modify' lat='40.40222747112' lon='99.77883846414'>
    <tag k='gpx:ele' v='1151.75' />
  </node>
  <node id='-193457' action='modify' lat='40.40218373406' lon='99.77891145845'>
    <tag k='gpx:ele' v='1151.77' />
  </node>
  <node id='-193458' action='modify' lat='40.40211732181' lon='99.77845461385'>
    <tag k='gpx:ele' v='1151.68' />
  </node>
  <node id='-193459' action='modify' lat='40.40214589692' lon='99.77844175838' />
  <node id='-193460' action='modify' lat='40.40217447202' lon='99.7784473175' />
  <node id='-193461' action='modify' lat='40.40225504356' lon='99.77848053562' />
  <node id='-193462' action='modify' lat='40.40228731695' lon='99.77848275707' />
  <node id='-193463' action='modify' lat='40.40230636697' lon='99.77848154101' />
  <node id='-193464' action='modify' lat='40.40232819512' lon='99.77847928262' />
  <node id='-193465' action='modify' lat='40.40234989098' lon='99.77847233372' />
  <node id='-193466' action='modify' lat='40.40236417848' lon='99.77846382132' />
  <node id='-193467' action='modify' lat='40.4023766139' lon='99.77845322424' />
  <node id='-193468' action='modify' lat='40.40239195974' lon='99.77843359359' />
  <node id='-193469' action='modify' lat='40.40241855035' lon='99.77839415858' />
  <node id='-193470' action='modify' lat='40.40243786493' lon='99.77836445203' />
  <node id='-193471' action='modify' lat='40.40245916386' lon='99.7783326608' />
  <node id='-193472' action='modify' lat='40.40212353941' lon='99.77850725195'>
    <tag k='gpx:ele' v='1151.68' />
  </node>
  <node id='-193473' action='modify' lat='40.40251049309' lon='99.77832605917'>
    <tag k='gpx:ele' v='1150.89' />
  </node>
  <node id='-193474' action='modify' lat='40.40215476036' lon='99.77849092203' />
  <node id='-193475' action='modify' lat='40.40217314897' lon='99.77849491765' />
  <node id='-193476' action='modify' lat='40.40221124908' lon='99.77851402713' />
  <node id='-193477' action='modify' lat='40.40224749708' lon='99.77852566654' />
  <node id='-193478' action='modify' lat='40.4023075576' lon='99.77852931471' />
  <node id='-193479' action='modify' lat='40.40234168902' lon='99.77852410286' />
  <node id='-193480' action='modify' lat='40.40236232652' lon='99.77851819629' />
  <node id='-193481' action='modify' lat='40.40238799112' lon='99.77850117149' />
  <node id='-193482' action='modify' lat='40.40241100986' lon='99.77847685033' />
  <node id='-193483' action='modify' lat='40.40244064318' lon='99.7784334197' />
  <node id='-193484' action='modify' lat='40.40245149109' lon='99.77841743723' />
  <node id='-193485' action='modify' lat='40.40245757649' lon='99.77840805621' />
  <node id='-193486' action='modify' lat='40.40248271188' lon='99.77836879492' />
  <node id='-193487' action='modify' lat='40.40255206165' lon='99.77805569756'>
    <tag k='gpx:ele' v='1150.54' />
  </node>
  <node id='-193488' action='modify' lat='40.40243683872' lon='99.77824049519'>
    <tag k='gpx:ele' v='1150.62' />
  </node>
  <node id='-193489' action='modify' lat='40.40240086296' lon='99.77830053494' />
  <node id='-193490' action='modify' lat='40.40237865896' lon='99.77833489951'>
    <tag k='gpx:ele' v='1150.81' />
  </node>
  <node id='-193491' action='modify' lat='40.40235539761' lon='99.77837134678' />
  <node id='-193492' action='modify' lat='40.40255627334' lon='99.77811893673'>
    <tag k='gpx:ele' v='1150.54' />
  </node>
  <node id='-193493' action='modify' lat='40.40249864456' lon='99.77820950973'>
    <tag k='gpx:ele' v='1150.62' />
  </node>
  <node id='-193494' action='modify' lat='40.40241914286' lon='99.77833496167' />
  <node id='-193495' action='modify' lat='40.40240089281' lon='99.77836293553'>
    <tag k='gpx:ele' v='1150.81' />
  </node>
  <node id='-193496' action='modify' lat='40.40237000144' lon='99.77841153197' />
  <node id='-193497' action='modify' lat='40.40247874314' lon='99.77830139057'>
    <tag k='gpx:ele' v='1150.89' />
  </node>
  <node id='-193498' action='modify' lat='40.40260309703' lon='99.77810786367'>
    <tag k='gpx:ele' v='1150.82' />
  </node>
  <node id='-193499' action='modify' lat='40.40262869515' lon='99.77814082783'>
    <tag k='gpx:ele' v='1150.82' />
  </node>
  <node id='-193500' action='modify' lat='40.40275118066' lon='99.77794593573'>
    <tag k='gpx:ele' v='1150.64' />
  </node>
  <node id='-193501' action='modify' lat='40.40276634508' lon='99.77793101608'>
    <tag k='gpx:ele' v='1150.63' />
  </node>
  <node id='-193502' action='modify' lat='40.4027824843' lon='99.77792302519'>
    <tag k='gpx:ele' v='1150.6' />
  </node>
  <node id='-193503' action='modify' lat='40.40279862379' lon='99.77792198285'>
    <tag k='gpx:ele' v='1150.61' />
  </node>
  <node id='-193504' action='modify' lat='40.40281793826' lon='99.77792406752'>
    <tag k='gpx:ele' v='1150.61' />
  </node>
  <node id='-193505' action='modify' lat='40.40283778187' lon='99.77792962664'>
    <tag k='gpx:ele' v='1150.66' />
  </node>
  <node id='-193506' action='modify' lat='40.40285789007' lon='99.77793900766'>
    <tag k='gpx:ele' v='1150.64' />
  </node>
  <node id='-193507' action='modify' lat='40.40288143781' lon='99.77795985437'>
    <tag k='gpx:ele' v='1150.64' />
  </node>
  <node id='-193508' action='modify' lat='40.40272612351' lon='99.77791205078'>
    <tag k='gpx:ele' v='1150.64' />
  </node>
  <node id='-193509' action='modify' lat='40.40274266533' lon='99.7778978345'>
    <tag k='gpx:ele' v='1150.63' />
  </node>
  <node id='-193510' action='modify' lat='40.40276409621' lon='99.77788428449'>
    <tag k='gpx:ele' v='1150.6' />
  </node>
  <node id='-193511' action='modify' lat='40.40279214187' lon='99.7778766407'>
    <tag k='gpx:ele' v='1150.61' />
  </node>
  <node id='-193512' action='modify' lat='40.40281410216' lon='99.77787629325'>
    <tag k='gpx:ele' v='1150.61' />
  </node>
  <node id='-193513' action='modify' lat='40.40285352482' lon='99.7778874115'>
    <tag k='gpx:ele' v='1150.66' />
  </node>
  <node id='-193514' action='modify' lat='40.40287469134' lon='99.7779013093'>
    <tag k='gpx:ele' v='1150.64' />
  </node>
  <node id='-193515' action='modify' lat='40.40289823934' lon='99.77792076587'>
    <tag k='gpx:ele' v='1150.64' />
  </node>
  <node id='-193516' action='modify' lat='40.40312855582' lon='99.77807207683' />
  <node id='-193517' action='modify' lat='40.40261006945' lon='99.77796668237' />
  <node id='-193518' action='modify' lat='40.40292879756' lon='99.7778524912'>
    <tag k='gpx:ele' v='1147.6' />
  </node>
  <node id='-193519' action='modify' lat='40.4028885812' lon='99.77781149268'>
    <tag k='gpx:ele' v='1147.63' />
  </node>
  <node id='-193520' action='modify' lat='40.40287006051' lon='99.77780176422'>
    <tag k='gpx:ele' v='1147.65' />
  </node>
  <node id='-193521' action='modify' lat='40.40283037327' lon='99.77779759488'>
    <tag k='gpx:ele' v='1147.68' />
  </node>
  <node id='-193522' action='modify' lat='40.40279068602' lon='99.777803154'>
    <tag k='gpx:ele' v='1147.67' />
  </node>
  <node id='-193523' action='modify' lat='40.4027589362' lon='99.77781566202'>
    <tag k='gpx:ele' v='1150.43' />
  </node>
  <node id='-193524' action='modify' lat='40.40272189472' lon='99.77783442406'>
    <tag k='gpx:ele' v='1150.45' />
  </node>
  <node id='-193525' action='modify' lat='40.40269543652' lon='99.77785666054'>
    <tag k='gpx:ele' v='1150.46' />
  </node>
  <node id='-193526' action='modify' lat='40.40267321161' lon='99.77787750725'>
    <tag k='gpx:ele' v='1150.48' />
  </node>
  <node id='-193527' action='modify' lat='40.4031065959' lon='99.7781061261' />
  <node id='-193528' action='modify' lat='40.40287482297' lon='99.77785805032'>
    <tag k='gpx:ele' v='1147.6' />
  </node>
  <node id='-193529' action='modify' lat='40.40285259812' lon='99.77784762697'>
    <tag k='gpx:ele' v='1147.63' />
  </node>
  <node id='-193530' action='modify' lat='40.40283672323' lon='99.77784415252'>
    <tag k='gpx:ele' v='1147.65' />
  </node>
  <node id='-193531' action='modify' lat='40.40281873169' lon='99.77784623719'>
    <tag k='gpx:ele' v='1147.68' />
  </node>
  <node id='-193532' action='modify' lat='40.40279280267' lon='99.77785179631'>
    <tag k='gpx:ele' v='1147.67' />
  </node>
  <node id='-193533' action='modify' lat='40.40276846115' lon='99.77786082988'>
    <tag k='gpx:ele' v='1150.43' />
  </node>
  <node id='-193534' action='modify' lat='40.40274094463' lon='99.77787750725'>
    <tag k='gpx:ele' v='1150.45' />
  </node>
  <node id='-193535' action='modify' lat='40.40271977808' lon='99.77789348972'>
    <tag k='gpx:ele' v='1150.46' />
  </node>
  <node id='-193536' action='modify' lat='40.40268660669' lon='99.77792426031'>
    <tag k='gpx:ele' v='1150.48' />
  </node>
  <node id='-193537' action='modify' lat='40.40269847987' lon='99.77794995161'>
    <tag k='gpx:ele' v='1147.81' />
  </node>
  <node id='-193538' action='modify' lat='40.40269251772' lon='99.77767202383'>
    <tag k='gpx:ele' v='1147.79' />
  </node>
  <node id='-193539' action='modify' lat='40.40272267178' lon='99.77790051662'>
    <tag k='gpx:ele' v='1147.83' />
  </node>
  <node id='-193540' action='modify' lat='40.40273462339' lon='99.77786056405'>
    <tag k='gpx:ele' v='1147.81' />
  </node>
  <node id='-193541' action='modify' lat='40.40274430137' lon='99.77783352689'>
    <tag k='gpx:ele' v='1147.81' />
  </node>
  <node id='-193542' action='modify' lat='40.40274842897' lon='99.77781845837'>
    <tag k='gpx:ele' v='1147.79' />
  </node>
  <node id='-193543' action='modify' lat='40.40275047472' lon='99.77780482495'>
    <tag k='gpx:ele' v='1147.81' />
  </node>
  <node id='-193544' action='modify' lat='40.40274937216' lon='99.77778853933'>
    <tag k='gpx:ele' v='1147.82' />
  </node>
  <node id='-193545' action='modify' lat='40.40274789518' lon='99.77777168446'>
    <tag k='gpx:ele' v='1147.82' />
  </node>
  <node id='-193546' action='modify' lat='40.40274424498' lon='99.77775644881'>
    <tag k='gpx:ele' v='1147.83' />
  </node>
  <node id='-193547' action='modify' lat='40.40273584565' lon='99.7777344748'>
    <tag k='gpx:ele' v='1147.81' />
  </node>
  <node id='-193548' action='modify' lat='40.40271555426' lon='99.7777012042'>
    <tag k='gpx:ele' v='1147.81' />
  </node>
  <node id='-193549' action='modify' lat='40.40272920294' lon='99.77797699591'>
    <tag k='gpx:ele' v='1147.81' />
  </node>
  <node id='-193550' action='modify' lat='40.40271748967' lon='99.77763802764'>
    <tag k='gpx:ele' v='1147.79' />
  </node>
  <node id='-193551' action='modify' lat='40.4027554959' lon='99.77791997608'>
    <tag k='gpx:ele' v='1147.83' />
  </node>
  <node id='-193552' action='modify' lat='40.40276767412' lon='99.77787926597'>
    <tag k='gpx:ele' v='1147.81' />
  </node>
  <node id='-193553' action='modify' lat='40.40277757443' lon='99.77785160768'>
    <tag k='gpx:ele' v='1147.81' />
  </node>
  <node id='-193554' action='modify' lat='40.4027831947' lon='99.77783108987'>
    <tag k='gpx:ele' v='1147.79' />
  </node>
  <node id='-193555' action='modify' lat='40.40278675699' lon='99.77780734976'>
    <tag k='gpx:ele' v='1147.81' />
  </node>
  <node id='-193556' action='modify' lat='40.40278515906' lon='99.77778374719'>
    <tag k='gpx:ele' v='1147.82' />
  </node>
  <node id='-193557' action='modify' lat='40.40278323653' lon='99.77776180758'>
    <tag k='gpx:ele' v='1147.82' />
  </node>
  <node id='-193558' action='modify' lat='40.40277768879' lon='99.7777386518'>
    <tag k='gpx:ele' v='1147.83' />
  </node>
  <node id='-193559' action='modify' lat='40.40276629139' lon='99.77770883433'>
    <tag k='gpx:ele' v='1147.81' />
  </node>
  <node id='-193560' action='modify' lat='40.40274218696' lon='99.7776693117'>
    <tag k='gpx:ele' v='1147.81' />
  </node>
  <node id='-193561' action='modify' lat='40.40266314346' lon='99.77772171688'>
    <tag k='gpx:ele' v='1151.17' />
  </node>
  <node id='-193562' action='modify' lat='40.40270311085' lon='99.77776854368'>
    <tag k='gpx:ele' v='1151.21' />
  </node>
  <node id='-193563' action='modify' lat='40.40270730694' lon='99.77778645993' />
  <node id='-193564' action='modify' lat='40.4027052246' lon='99.77780536366' />
  <node id='-193565' action='modify' lat='40.40269751823' lon='99.77782663009' />
  <node id='-193566' action='modify' lat='40.40269283776' lon='99.77783750398' />
  <node id='-193567' action='modify' lat='40.40268752845' lon='99.77784875441' />
  <node id='-193568' action='modify' lat='40.40268238779' lon='99.77785811325' />
  <node id='-193569' action='modify' lat='40.40267833509' lon='99.77786460968' />
  <node id='-193570' action='modify' lat='40.40267433629' lon='99.77787016747' />
  <node id='-193571' action='modify' lat='40.40267140436' lon='99.77787410614' />
  <node id='-193572' action='modify' lat='40.40266786595' lon='99.77787910247' />
  <node id='-193573' action='modify' lat='40.40266513905' lon='99.77788336086' />
  <node id='-193574' action='modify' lat='40.40266344632' lon='99.77788599201' />
  <node id='-193575' action='modify' lat='40.40268705721' lon='99.77768651953'>
    <tag k='gpx:ele' v='1151.17' />
  </node>
  <node id='-193576' action='modify' lat='40.40263553929' lon='99.77799754111' />
  <node id='-193577' action='modify' lat='40.4027344993' lon='99.77774210391'>
    <tag k='gpx:ele' v='1151.21' />
  </node>
  <node id='-193578' action='modify' lat='40.40274401271' lon='99.77778272368' />
  <node id='-193579' action='modify' lat='40.40273788698' lon='99.77782012543' />
  <node id='-193580' action='modify' lat='40.40272942836' lon='99.77784390293' />
  <node id='-193581' action='modify' lat='40.40272282005' lon='99.77785952319' />
  <node id='-193582' action='modify' lat='40.40271515443' lon='99.77787427566' />
  <node id='-193583' action='modify' lat='40.40270920696' lon='99.77788573051' />
  <node id='-193584' action='modify' lat='40.40270392031' lon='99.77789458199' />
  <node id='-193585' action='modify' lat='40.40269893094' lon='99.77790208852' />
  <node id='-193586' action='modify' lat='40.40269601563' lon='99.77790544451' />
  <node id='-193587' action='modify' lat='40.40269301651' lon='99.77790881391' />
  <node id='-193588' action='modify' lat='40.40269080273' lon='99.77791180779' />
  <node id='-193589' action='modify' lat='40.40268893601' lon='99.77791426717' />
  <node id='-193590' action='modify' lat='40.40294414384' lon='99.77802691092'>
    <tag k='gpx:ele' v='1150.62' />
  </node>
  <node id='-193591' action='modify' lat='40.40408884428' lon='99.77924800414' />
  <node id='-193592' action='modify' lat='40.40313411201' lon='99.77824128258'>
    <tag k='gpx:ele' v='1150.57' />
  </node>
  <node id='-193593' action='modify' lat='40.40334842206' lon='99.77846399452'>
    <tag k='gpx:ele' v='1150.53' />
  </node>
  <node id='-193594' action='modify' lat='40.40346272033' lon='99.77858282073'>
    <tag k='gpx:ele' v='1150.54' />
  </node>
  <node id='-193595' action='modify' lat='40.40353415666' lon='99.77865995353'>
    <tag k='gpx:ele' v='1150.57' />
  </node>
  <node id='-193596' action='modify' lat='40.40366856258' lon='99.77879962645'>
    <tag k='gpx:ele' v='1150.56' />
  </node>
  <node id='-193597' action='modify' lat='40.40385800038' lon='99.77899975481'>
    <tag k='gpx:ele' v='1150.6' />
  </node>
  <node id='-193598' action='modify' lat='40.40396330216' lon='99.77911441168'>
    <tag k='gpx:ele' v='1150.58' />
  </node>
  <node id='-193599' action='modify' lat='40.40296808878' lon='99.77799303445'>
    <tag k='gpx:ele' v='1150.62' />
  </node>
  <node id='-193600' action='modify' lat='40.40317062435' lon='99.77821591874'>
    <tag k='gpx:ele' v='1150.57' />
  </node>
  <node id='-193601' action='modify' lat='40.4033711759' lon='99.778422996'>
    <tag k='gpx:ele' v='1150.53' />
  </node>
  <node id='-193602' action='modify' lat='40.4034770076' lon='99.7785355682'>
    <tag k='gpx:ele' v='1150.54' />
  </node>
  <node id='-193603' action='modify' lat='40.40357119768' lon='99.77864397106'>
    <tag k='gpx:ele' v='1150.57' />
  </node>
  <node id='-193604' action='modify' lat='40.4036913163' lon='99.7787676615'>
    <tag k='gpx:ele' v='1150.56' />
  </node>
  <node id='-193605' action='modify' lat='40.40380508458' lon='99.77888892018'>
    <tag k='gpx:ele' v='1150.6' />
  </node>
  <node id='-193606' action='modify' lat='40.40398393918' lon='99.77907827739'>
    <tag k='gpx:ele' v='1150.58' />
  </node>
  <node id='-193607' action='modify' lat='40.40402812327' lon='99.7790848792'>
    <tag k='gpx:ele' v='1147.47' />
  </node>
  <node id='-193608' action='modify' lat='40.40389953877' lon='99.77894798584'>
    <tag k='gpx:ele' v='1147.47' />
  </node>
  <node id='-193609' action='modify' lat='40.4038008516' lon='99.77884201475'>
    <tag k='gpx:ele' v='1147.49' />
  </node>
  <node id='-193610' action='modify' lat='40.40368549558' lon='99.77871762941'>
    <tag k='gpx:ele' v='1147.51' />
  </node>
  <node id='-193611' action='modify' lat='40.40362517171' lon='99.77865439441'>
    <tag k='gpx:ele' v='1147.49' />
  </node>
  <node id='-193612' action='modify' lat='40.40352674845' lon='99.77855224556'>
    <tag k='gpx:ele' v='1147.47' />
  </node>
  <node id='-193613' action='modify' lat='40.4034505497' lon='99.77847094342'>
    <tag k='gpx:ele' v='1147.49' />
  </node>
  <node id='-193614' action='modify' lat='40.40332672626' lon='99.77834134676'>
    <tag k='gpx:ele' v='1147.51' />
  </node>
  <node id='-193615' action='modify' lat='40.40405087688' lon='99.77904874491'>
    <tag k='gpx:ele' v='1147.47' />
  </node>
  <node id='-193616' action='modify' lat='40.40395298339' lon='99.77894520628'>
    <tag k='gpx:ele' v='1147.47' />
  </node>
  <node id='-193617' action='modify' lat='40.40387308103' lon='99.77886077713'>
    <tag k='gpx:ele' v='1147.49' />
  </node>
  <node id='-193618' action='modify' lat='40.40370057628' lon='99.77867767358'>
    <tag k='gpx:ele' v='1147.51' />
  </node>
  <node id='-193619' action='modify' lat='40.40366618111' lon='99.77864049696'>
    <tag k='gpx:ele' v='1147.49' />
  </node>
  <node id='-193620' action='modify' lat='40.40350452356' lon='99.77846642698'>
    <tag k='gpx:ele' v='1147.47' />
  </node>
  <node id='-193621' action='modify' lat='40.40335318422' lon='99.77830729714'>
    <tag k='gpx:ele' v='1147.49' />
  </node>
  <node id='-193622' action='modify' lat='40.40322936088' lon='99.77817735268'>
    <tag k='gpx:ele' v='1147.51' />
  </node>
  <node id='-193623' action='modify' lat='40.40455291196' lon='99.77908974912' />
  <node id='-193624' action='modify' lat='40.40421909342' lon='99.77937366245'>
    <tag k='gpx:ele' v='1150.59' />
  </node>
  <node id='-193625' action='modify' lat='40.40424526197' lon='99.77938320781'>
    <tag k='gpx:ele' v='1150.57' />
  </node>
  <node id='-193626' action='modify' lat='40.40427275188' lon='99.7793891088'>
    <tag k='gpx:ele' v='1150.64' />
  </node>
  <node id='-193627' action='modify' lat='40.40429971312' lon='99.7793911915'>
    <tag k='gpx:ele' v='1150.62' />
  </node>
  <node id='-193628' action='modify' lat='40.40432323786' lon='99.77938390239'>
    <tag k='gpx:ele' v='1150.62' />
  </node>
  <node id='-193629' action='modify' lat='40.40434200499' lon='99.7793717533'>
    <tag k='gpx:ele' v='1150.6' />
  </node>
  <node id='-193630' action='modify' lat='40.40436777654' lon='99.77935361671'>
    <tag k='gpx:ele' v='1150.58' />
  </node>
  <node id='-193631' action='modify' lat='40.40441125855' lon='99.7792943459'>
    <tag k='gpx:ele' v='1150.57' />
  </node>
  <node id='-193632' action='modify' lat='40.40448024746' lon='99.77919680608'>
    <tag k='gpx:ele' v='1150.59' />
  </node>
  <node id='-193633' action='modify' lat='40.40411305467' lon='99.77921517272' />
  <node id='-193634' action='modify' lat='40.40452380519' lon='99.77905632467' />
  <node id='-193635' action='modify' lat='40.40423237832' lon='99.77932844016'>
    <tag k='gpx:ele' v='1150.59' />
  </node>
  <node id='-193636' action='modify' lat='40.40424560961' lon='99.7793332633'>
    <tag k='gpx:ele' v='1150.57' />
  </node>
  <node id='-193637' action='modify' lat='40.40426571002' lon='99.77933951502'>
    <tag k='gpx:ele' v='1150.64' />
  </node>
  <node id='-193638' action='modify' lat='40.40428581043' lon='99.77934090429'>
    <tag k='gpx:ele' v='1150.62' />
  </node>
  <node id='-193639' action='modify' lat='40.40430855562' lon='99.7793353472'>
    <tag k='gpx:ele' v='1150.62' />
  </node>
  <node id='-193640' action='modify' lat='40.40432706915' lon='99.77932701157'>
    <tag k='gpx:ele' v='1150.6' />
  </node>
  <node id='-193641' action='modify' lat='40.40434376592' lon='99.77931350256'>
    <tag k='gpx:ele' v='1150.58' />
  </node>
  <node id='-193642' action='modify' lat='40.40436705052' lon='99.77929056789'>
    <tag k='gpx:ele' v='1150.57' />
  </node>
  <node id='-193643' action='modify' lat='40.40445733433' lon='99.7791626592'>
    <tag k='gpx:ele' v='1150.59' />
  </node>
  <node id='-193644' action='modify' lat='40.40414589892' lon='99.77915630307'>
    <tag k='gpx:ele' v='1147.49' />
  </node>
  <node id='-193645' action='modify' lat='40.40446221664' lon='99.77904654704'>
    <tag k='gpx:ele' v='1147.41' />
  </node>
  <node id='-193646' action='modify' lat='40.40441978214' lon='99.77911329505'>
    <tag k='gpx:ele' v='1147.43' />
  </node>
  <node id='-193647' action='modify' lat='40.40438939163' lon='99.77916188035'>
    <tag k='gpx:ele' v='1147.42' />
  </node>
  <node id='-193648' action='modify' lat='40.40436435958' lon='99.77919797764'>
    <tag k='gpx:ele' v='1147.44' />
  </node>
  <node id='-193649' action='modify' lat='40.40434531685' lon='99.77922506879'>
    <tag k='gpx:ele' v='1147.45' />
  </node>
  <node id='-193650' action='modify' lat='40.40432839047' lon='99.7792438236'>
    <tag k='gpx:ele' v='1147.44' />
  </node>
  <node id='-193651' action='modify' lat='40.40431622417' lon='99.77925389617'>
    <tag k='gpx:ele' v='1147.44' />
  </node>
  <node id='-193652' action='modify' lat='40.40429162764' lon='99.77926431571'>
    <tag k='gpx:ele' v='1147.43' />
  </node>
  <node id='-193653' action='modify' lat='40.40427761024' lon='99.7792660523'>
    <tag k='gpx:ele' v='1147.43' />
  </node>
  <node id='-193654' action='modify' lat='40.4042542037' lon='99.77926414223'>
    <tag k='gpx:ele' v='1147.43' />
  </node>
  <node id='-193655' action='modify' lat='40.40423674808' lon='99.77925650123'>
    <tag k='gpx:ele' v='1147.46' />
  </node>
  <node id='-193656' action='modify' lat='40.40422921056' lon='99.77924938104'>
    <tag k='gpx:ele' v='1147.47' />
  </node>
  <node id='-193657' action='modify' lat='40.40421307732' lon='99.7792330571'>
    <tag k='gpx:ele' v='1147.48' />
  </node>
  <node id='-193658' action='modify' lat='40.40412923835' lon='99.77919780489'>
    <tag k='gpx:ele' v='1147.49' />
  </node>
  <node id='-193659' action='modify' lat='40.40448399856' lon='99.77907720312'>
    <tag k='gpx:ele' v='1147.41' />
  </node>
  <node id='-193660' action='modify' lat='40.40443273113' lon='99.77915806293'>
    <tag k='gpx:ele' v='1147.43' />
  </node>
  <node id='-193661' action='modify' lat='40.40440815447' lon='99.77919831931'>
    <tag k='gpx:ele' v='1147.42' />
  </node>
  <node id='-193662' action='modify' lat='40.40438410633' lon='99.77923302309'>
    <tag k='gpx:ele' v='1147.44' />
  </node>
  <node id='-193663' action='modify' lat='40.40436039291' lon='99.77926553223'>
    <tag k='gpx:ele' v='1147.45' />
  </node>
  <node id='-193664' action='modify' lat='40.4043418794' lon='99.7792804669'>
    <tag k='gpx:ele' v='1147.44' />
  </node>
  <node id='-193665' action='modify' lat='40.40432177901' lon='99.77929262303'>
    <tag k='gpx:ele' v='1147.44' />
  </node>
  <node id='-193666' action='modify' lat='40.40429771142' lon='99.7792999167'>
    <tag k='gpx:ele' v='1147.43' />
  </node>
  <node id='-193667' action='modify' lat='40.40426914768' lon='99.77930200061'>
    <tag k='gpx:ele' v='1147.43' />
  </node>
  <node id='-193668' action='modify' lat='40.40424375768' lon='99.77929679084'>
    <tag k='gpx:ele' v='1147.43' />
  </node>
  <node id='-193669' action='modify' lat='40.40422339278' lon='99.77928914985'>
    <tag k='gpx:ele' v='1147.46' />
  </node>
  <node id='-193670' action='modify' lat='40.40420223443' lon='99.77927282591'>
    <tag k='gpx:ele' v='1147.47' />
  </node>
  <node id='-193671' action='modify' lat='40.40417631571' lon='99.77924781867'>
    <tag k='gpx:ele' v='1147.48' />
  </node>
  <node id='-193672' action='modify' lat='40.40975473874' lon='99.77084061167'>
    <tag k='gpx:ele' v='1147.97' />
  </node>
  <node id='-193673' action='modify' lat='40.40484277524' lon='99.77862595086'>
    <tag k='gpx:ele' v='1150.29' />
  </node>
  <node id='-193674' action='modify' lat='40.40499957751' lon='99.77838219165'>
    <tag k='gpx:ele' v='1150.2' />
  </node>
  <node id='-193675' action='modify' lat='40.40507909782' lon='99.7782512581'>
    <tag k='gpx:ele' v='1150.11' />
  </node>
  <node id='-193676' action='modify' lat='40.40524292852' lon='99.77799506624'>
    <tag k='gpx:ele' v='1149.96' />
  </node>
  <node id='-193677' action='modify' lat='40.40539994804' lon='99.77774153447'>
    <tag k='gpx:ele' v='1149.87' />
  </node>
  <node id='-193678' action='modify' lat='40.40571814571' lon='99.77724113767'>
    <tag k='gpx:ele' v='1149.42' />
  </node>
  <node id='-193679' action='modify' lat='40.40581567579' lon='99.77708375035'>
    <tag k='gpx:ele' v='1149.36' />
  </node>
  <node id='-193680' action='modify' lat='40.405915592' lon='99.77692972522'>
    <tag k='gpx:ele' v='1149.34' />
  </node>
  <node id='-193681' action='modify' lat='40.40599615383' lon='99.77679912485'>
    <tag k='gpx:ele' v='1149.28' />
  </node>
  <node id='-193682' action='modify' lat='40.40616395543' lon='99.7765358221'>
    <tag k='gpx:ele' v='1148.88' />
  </node>
  <node id='-193683' action='modify' lat='40.40627787333' lon='99.77635105508'>
    <tag k='gpx:ele' v='1148.76' />
  </node>
  <node id='-193684' action='modify' lat='40.40636495053' lon='99.77621758991'>
    <tag k='gpx:ele' v='1148.7' />
  </node>
  <node id='-193685' action='modify' lat='40.40654986332' lon='99.77591956903'>
    <tag k='gpx:ele' v='1148.45' />
  </node>
  <node id='-193686' action='modify' lat='40.40666319604' lon='99.77574521851'>
    <tag k='gpx:ele' v='1148.36' />
  </node>
  <node id='-193687' action='modify' lat='40.40679123997' lon='99.77553694686'>
    <tag k='gpx:ele' v='1148.27' />
  </node>
  <node id='-193688' action='modify' lat='40.40703620635' lon='99.7751552989'>
    <tag k='gpx:ele' v='1148.08' />
  </node>
  <node id='-193689' action='modify' lat='40.40718806092' lon='99.77491061074'>
    <tag k='gpx:ele' v='1147.98' />
  </node>
  <node id='-193690' action='modify' lat='40.40747752226' lon='99.77445252974'>
    <tag k='gpx:ele' v='1147.97' />
  </node>
  <node id='-193691' action='modify' lat='40.40758420764' lon='99.77428214571'>
    <tag k='gpx:ele' v='1147.98' />
  </node>
  <node id='-193692' action='modify' lat='40.40766554909' lon='99.77415406936'>
    <tag k='gpx:ele' v='1147.98' />
  </node>
  <node id='-193693' action='modify' lat='40.4077332903' lon='99.77404628102'>
    <tag k='gpx:ele' v='1148.01' />
  </node>
  <node id='-193694' action='modify' lat='40.40782972159' lon='99.77389231234'>
    <tag k='gpx:ele' v='1148.0' />
  </node>
  <node id='-193695' action='modify' lat='40.40788157571' lon='99.77381239998'>
    <tag k='gpx:ele' v='1147.98' />
  </node>
  <node id='-193696' action='modify' lat='40.40794136663' lon='99.77371581025'>
    <tag k='gpx:ele' v='1148.0' />
  </node>
  <node id='-193697' action='modify' lat='40.4079704684' lon='99.7736699475'>
    <tag k='gpx:ele' v='1148.0' />
  </node>
  <node id='-193698' action='modify' lat='40.40801544382' lon='99.77360045849'>
    <tag k='gpx:ele' v='1147.99' />
  </node>
  <node id='-193699' action='modify' lat='40.40804323012' lon='99.77355147208'>
    <tag k='gpx:ele' v='1148.02' />
  </node>
  <node id='-193700' action='modify' lat='40.40811280227' lon='99.77344619288'>
    <tag k='gpx:ele' v='1148.01' />
  </node>
  <node id='-193701' action='modify' lat='40.40819740501' lon='99.77331207702'>
    <tag k='gpx:ele' v='1148.02' />
  </node>
  <node id='-193702' action='modify' lat='40.40832815445' lon='99.77310222227'>
    <tag k='gpx:ele' v='1148.03' />
  </node>
  <node id='-193703' action='modify' lat='40.40878419107' lon='99.77237686154'>
    <tag k='gpx:ele' v='1148.01' />
  </node>
  <node id='-193704' action='modify' lat='40.40889272311' lon='99.77220650889'>
    <tag k='gpx:ele' v='1148.06' />
  </node>
  <node id='-193705' action='modify' lat='40.40902822365' lon='99.77198766826'>
    <tag k='gpx:ele' v='1148.06' />
  </node>
  <node id='-193706' action='modify' lat='40.40911442216' lon='99.77185628426'>
    <tag k='gpx:ele' v='1148.08' />
  </node>
  <node id='-193707' action='modify' lat='40.40932578195' lon='99.77151872109'>
    <tag k='gpx:ele' v='1148.05' />
  </node>
  <node id='-193708' action='modify' lat='40.4094322392' lon='99.77133866238'>
    <tag k='gpx:ele' v='1148.02' />
  </node>
  <node id='-193709' action='modify' lat='40.40955387987' lon='99.77115655103'>
    <tag k='gpx:ele' v='1147.96' />
  </node>
  <node id='-193710' action='modify' lat='40.40965914222' lon='99.77098645606'>
    <tag k='gpx:ele' v='1147.98' />
  </node>
  <node id='-193711' action='modify' lat='40.40973470846' lon='99.77080411879'>
    <tag k='gpx:ele' v='1147.97' />
  </node>
  <node id='-193712' action='modify' lat='40.40481515308' lon='99.77859574312'>
    <tag k='gpx:ele' v='1150.29' />
  </node>
  <node id='-193713' action='modify' lat='40.40497179181' lon='99.77835223823'>
    <tag k='gpx:ele' v='1150.2' />
  </node>
  <node id='-193714' action='modify' lat='40.40505127959' lon='99.77822135828'>
    <tag k='gpx:ele' v='1150.11' />
  </node>
  <node id='-193715' action='modify' lat='40.40521522082' lon='99.77796499367'>
    <tag k='gpx:ele' v='1149.96' />
  </node>
  <node id='-193716' action='modify' lat='40.40537220898' lon='99.77771151265'>
    <tag k='gpx:ele' v='1149.87' />
  </node>
  <node id='-193717' action='modify' lat='40.40569041003' lon='99.77721111074'>
    <tag k='gpx:ele' v='1149.42' />
  </node>
  <node id='-193718' action='modify' lat='40.40578805169' lon='99.77705354342'>
    <tag k='gpx:ele' v='1149.36' />
  </node>
  <node id='-193719' action='modify' lat='40.4058879419' lon='99.77689955843'>
    <tag k='gpx:ele' v='1149.34' />
  </node>
  <node id='-193720' action='modify' lat='40.40596840487' lon='99.7767691184'>
    <tag k='gpx:ele' v='1149.28' />
  </node>
  <node id='-193721' action='modify' lat='40.40613620374' lon='99.77650582004'>
    <tag k='gpx:ele' v='1148.88' />
  </node>
  <node id='-193722' action='modify' lat='40.40625025267' lon='99.7763208406'>
    <tag k='gpx:ele' v='1148.76' />
  </node>
  <node id='-193723' action='modify' lat='40.40633736619' lon='99.77618731979'>
    <tag k='gpx:ele' v='1148.7' />
  </node>
  <node id='-193724' action='modify' lat='40.40652225835' lon='99.77588933227'>
    <tag k='gpx:ele' v='1148.45' />
  </node>
  <node id='-193725' action='modify' lat='40.40663553868' lon='99.77571506244'>
    <tag k='gpx:ele' v='1148.36' />
  </node>
  <node id='-193726' action='modify' lat='40.4067635123' lon='99.77550690525'>
    <tag k='gpx:ele' v='1148.27' />
  </node>
  <node id='-193727' action='modify' lat='40.40700853212' lon='99.77512517416'>
    <tag k='gpx:ele' v='1148.08' />
  </node>
  <node id='-193728' action='modify' lat='40.40716029935' lon='99.77488062683'>
    <tag k='gpx:ele' v='1147.98' />
  </node>
  <node id='-193729' action='modify' lat='40.40744998188' lon='99.77442219599'>
    <tag k='gpx:ele' v='1147.97' />
  </node>
  <node id='-193730' action='modify' lat='40.4075566931' lon='99.77424879098'>
    <tag k='gpx:ele' v='1147.98' />
  </node>
  <node id='-193731' action='modify' lat='40.40763764616' lon='99.77412431129'>
    <tag k='gpx:ele' v='1147.98' />
  </node>
  <node id='-193732' action='modify' lat='40.4077058007' lon='99.77401586536'>
    <tag k='gpx:ele' v='1148.01' />
  </node>
  <node id='-193733' action='modify' lat='40.40784347853' lon='99.77379711274'>
    <tag k='gpx:ele' v='1148.0' />
  </node>
  <node id='-193734' action='modify' lat='40.40788078176' lon='99.77373769964'>
    <tag k='gpx:ele' v='1147.98' />
  </node>
  <node id='-193735' action='modify' lat='40.40791570389' lon='99.77368280332'>
    <tag k='gpx:ele' v='1148.0' />
  </node>
  <node id='-193736' action='modify' lat='40.40793977899' lon='99.77364493181'>
    <tag k='gpx:ele' v='1148.0' />
  </node>
  <node id='-193737' action='modify' lat='40.40799004567' lon='99.77356501944'>
    <tag k='gpx:ele' v='1147.99' />
  </node>
  <node id='-193738' action='modify' lat='40.40801407914' lon='99.77352378633'>
    <tag k='gpx:ele' v='1148.02' />
  </node>
  <node id='-193739' action='modify' lat='40.40808687531' lon='99.77341144837'>
    <tag k='gpx:ele' v='1148.01' />
  </node>
  <node id='-193740' action='modify' lat='40.40816989141' lon='99.77328166775'>
    <tag k='gpx:ele' v='1148.02' />
  </node>
  <node id='-193741' action='modify' lat='40.40833767835' lon='99.77301362412'>
    <tag k='gpx:ele' v='1148.03' />
  </node>
  <node id='-193742' action='modify' lat='40.40875637961' lon='99.77234695622'>
    <tag k='gpx:ele' v='1148.01' />
  </node>
  <node id='-193743' action='modify' lat='40.40886732556' lon='99.77217593372'>
    <tag k='gpx:ele' v='1148.06' />
  </node>
  <node id='-193744' action='modify' lat='40.40900013348' lon='99.77196399223'>
    <tag k='gpx:ele' v='1148.06' />
  </node>
  <node id='-193745' action='modify' lat='40.40908108799' lon='99.77183474267'>
    <tag k='gpx:ele' v='1148.08' />
  </node>
  <node id='-193746' action='modify' lat='40.40929782473' lon='99.77148904013'>
    <tag k='gpx:ele' v='1148.05' />
  </node>
  <node id='-193747' action='modify' lat='40.40940543413' lon='99.77131288018'>
    <tag k='gpx:ele' v='1148.02' />
  </node>
  <node id='-193748' action='modify' lat='40.40952624521' lon='99.77112634301'>
    <tag k='gpx:ele' v='1147.96' />
  </node>
  <node id='-193749' action='modify' lat='40.40963506786' lon='99.77095744422'>
    <tag k='gpx:ele' v='1147.98' />
  </node>
  <node id='-193750' action='modify' lat='40.40969975801' lon='99.7707343184'>
    <tag k='gpx:ele' v='1147.63' />
  </node>
  <node id='-193751' action='modify' lat='40.40451167408' lon='99.77897117906'>
    <tag k='gpx:ele' v='1147.42' />
  </node>
  <node id='-193752' action='modify' lat='40.40964908905' lon='99.77081429587'>
    <tag k='gpx:ele' v='1147.68' />
  </node>
  <node id='-193753' action='modify' lat='40.40960464383' lon='99.77088378489'>
    <tag k='gpx:ele' v='1147.7' />
  </node>
  <node id='-193754' action='modify' lat='40.40952176162' lon='99.77101221999'>
    <tag k='gpx:ele' v='1147.73' />
  </node>
  <node id='-193755' action='modify' lat='40.40940887286' lon='99.77119579055'>
    <tag k='gpx:ele' v='1147.72' />
  </node>
  <node id='-193756' action='modify' lat='40.40933056432' lon='99.77131461677'>
    <tag k='gpx:ele' v='1147.74' />
  </node>
  <node id='-193757' action='modify' lat='40.40917293974' lon='99.77156306652'>
    <tag k='gpx:ele' v='1147.78' />
  </node>
  <node id='-193758' action='modify' lat='40.4090644204' lon='99.77173849975'>
    <tag k='gpx:ele' v='1147.87' />
  </node>
  <node id='-193759' action='modify' lat='40.40891323954' lon='99.77197724328'>
    <tag k='gpx:ele' v='1147.89' />
  </node>
  <node id='-193760' action='modify' lat='40.40861784654' lon='99.77244937235'>
    <tag k='gpx:ele' v='1147.92' />
  </node>
  <node id='-193761' action='modify' lat='40.40857499365' lon='99.77251680111'>
    <tag k='gpx:ele' v='1147.98' />
  </node>
  <node id='-193762' action='modify' lat='40.40846920869' lon='99.77268004052'>
    <tag k='gpx:ele' v='1147.96' />
  </node>
  <node id='-193763' action='modify' lat='40.40840520871' lon='99.77278006807'>
    <tag k='gpx:ele' v='1147.9' />
  </node>
  <node id='-193764' action='modify' lat='40.40837048457' lon='99.77283677354'>
    <tag k='gpx:ele' v='1147.45' />
  </node>
  <node id='-193765' action='modify' lat='40.40832656709' lon='99.77291321215'>
    <tag k='gpx:ele' v='1146.5' />
  </node>
  <node id='-193766' action='modify' lat='40.40826571826' lon='99.77301258144'>
    <tag k='gpx:ele' v='1146.34' />
  </node>
  <node id='-193767' action='modify' lat='40.40811756437' lon='99.77324467474'>
    <tag k='gpx:ele' v='1146.59' />
  </node>
  <node id='-193768' action='modify' lat='40.40804772027' lon='99.77335377249'>
    <tag k='gpx:ele' v='1146.58' />
  </node>
  <node id='-193769' action='modify' lat='40.40799269207' lon='99.77343854839'>
    <tag k='gpx:ele' v='1146.57' />
  </node>
  <node id='-193770' action='modify' lat='40.40787311026' lon='99.77362894829'>
    <tag k='gpx:ele' v='1146.6' />
  </node>
  <node id='-193771' action='modify' lat='40.40777046021' lon='99.77378877302'>
    <tag k='gpx:ele' v='1146.57' />
  </node>
  <node id='-193772' action='modify' lat='40.40764664499' lon='99.77399168094'>
    <tag k='gpx:ele' v='1146.58' />
  </node>
  <node id='-193773' action='modify' lat='40.40747996977' lon='99.77425296032'>
    <tag k='gpx:ele' v='1146.42' />
  </node>
  <node id='-193774' action='modify' lat='40.40734133845' lon='99.7744725456'>
    <tag k='gpx:ele' v='1146.4' />
  </node>
  <node id='-193775' action='modify' lat='40.40715032305' lon='99.7747685688'>
    <tag k='gpx:ele' v='1146.45' />
  </node>
  <node id='-193776' action='modify' lat='40.40698364714' lon='99.77503193216'>
    <tag k='gpx:ele' v='1146.46' />
  </node>
  <node id='-193777' action='modify' lat='40.40684289826' lon='99.77525499189'>
    <tag k='gpx:ele' v='1146.37' />
  </node>
  <node id='-193778' action='modify' lat='40.40667833811' lon='99.77551140635'>
    <tag k='gpx:ele' v='1146.38' />
  </node>
  <node id='-193779' action='modify' lat='40.40659401008' lon='99.77565256123'>
    <tag k='gpx:ele' v='1146.48' />
  </node>
  <node id='-193780' action='modify' lat='40.40650990858' lon='99.77578454203'>
    <tag k='gpx:ele' v='1146.47' />
  </node>
  <node id='-193781' action='modify' lat='40.40644630344' lon='99.77588752179'>
    <tag k='gpx:ele' v='1146.4' />
  </node>
  <node id='-193782' action='modify' lat='40.40630269591' lon='99.77611675142'>
    <tag k='gpx:ele' v='1146.52' />
  </node>
  <node id='-193783' action='modify' lat='40.40621058296' lon='99.77626327747'>
    <tag k='gpx:ele' v='1146.51' />
  </node>
  <node id='-193784' action='modify' lat='40.40613422759' lon='99.77638522815'>
    <tag k='gpx:ele' v='1146.52' />
  </node>
  <node id='-193785' action='modify' lat='40.40592212089' lon='99.77672143188'>
    <tag k='gpx:ele' v='1146.58' />
  </node>
  <node id='-193786' action='modify' lat='40.40574413058' lon='99.77700171742'>
    <tag k='gpx:ele' v='1146.68' />
  </node>
  <node id='-193787' action='modify' lat='40.40566875565' lon='99.77712050014'>
    <tag k='gpx:ele' v='1146.71' />
  </node>
  <node id='-193788' action='modify' lat='40.40560475301' lon='99.77722434819'>
    <tag k='gpx:ele' v='1146.7' />
  </node>
  <node id='-193789' action='modify' lat='40.40554233715' lon='99.77732298647'>
    <tag k='gpx:ele' v='1146.71' />
  </node>
  <node id='-193790' action='modify' lat='40.40545241589' lon='99.77746295558'>
    <tag k='gpx:ele' v='1146.76' />
  </node>
  <node id='-193791' action='modify' lat='40.4053320799' lon='99.77765502237'>
    <tag k='gpx:ele' v='1146.84' />
  </node>
  <node id='-193792' action='modify' lat='40.40526067163' lon='99.77776477483'>
    <tag k='gpx:ele' v='1146.9' />
  </node>
  <node id='-193793' action='modify' lat='40.40514271559' lon='99.77795336844'>
    <tag k='gpx:ele' v='1146.92' />
  </node>
  <node id='-193794' action='modify' lat='40.40502899095' lon='99.77813327911'>
    <tag k='gpx:ele' v='1147.04' />
  </node>
  <node id='-193795' action='modify' lat='40.40487585897' lon='99.77837657547'>
    <tag k='gpx:ele' v='1147.14' />
  </node>
  <node id='-193796' action='modify' lat='40.40481555838' lon='99.77847503992'>
    <tag k='gpx:ele' v='1147.14' />
  </node>
  <node id='-193797' action='modify' lat='40.40466401292' lon='99.77872128831'>
    <tag k='gpx:ele' v='1147.23' />
  </node>
  <node id='-193798' action='modify' lat='40.40453305793' lon='99.77900149937'>
    <tag k='gpx:ele' v='1147.42' />
  </node>
  <node id='-193799' action='modify' lat='40.40967805613' lon='99.77084377116'>
    <tag k='gpx:ele' v='1147.68' />
  </node>
  <node id='-193800' action='modify' lat='40.40962331333' lon='99.77092886404'>
    <tag k='gpx:ele' v='1147.7' />
  </node>
  <node id='-193801' action='modify' lat='40.409552703' lon='99.77103931113'>
    <tag k='gpx:ele' v='1147.73' />
  </node>
  <node id='-193802' action='modify' lat='40.40947415882' lon='99.77116260899'>
    <tag k='gpx:ele' v='1147.72' />
  </node>
  <node id='-193803' action='modify' lat='40.40937844819' lon='99.77132191256'>
    <tag k='gpx:ele' v='1147.74' />
  </node>
  <node id='-193804' action='modify' lat='40.40928057481' lon='99.77147172191'>
    <tag k='gpx:ele' v='1147.78' />
  </node>
  <node id='-193805' action='modify' lat='40.4090118835' lon='99.77189683901'>
    <tag k='gpx:ele' v='1147.87' />
  </node>
  <node id='-193806' action='modify' lat='40.40885003376' lon='99.77215281195'>
    <tag k='gpx:ele' v='1147.89' />
  </node>
  <node id='-193807' action='modify' lat='40.4086477412' lon='99.77247681962'>
    <tag k='gpx:ele' v='1147.92' />
  </node>
  <node id='-193808' action='modify' lat='40.4086027662' lon='99.77254630863'>
    <tag k='gpx:ele' v='1147.98' />
  </node>
  <node id='-193809' action='modify' lat='40.40853426646' lon='99.772646698'>
    <tag k='gpx:ele' v='1147.96' />
  </node>
  <node id='-193810' action='modify' lat='40.4084401178' lon='99.77279673933'>
    <tag k='gpx:ele' v='1147.9' />
  </node>
  <node id='-193811' action='modify' lat='40.40839059058' lon='99.77288055231'>
    <tag k='gpx:ele' v='1147.45' />
  </node>
  <node id='-193812' action='modify' lat='40.40833926597' lon='99.7729660238'>
    <tag k='gpx:ele' v='1146.5' />
  </node>
  <node id='-193813' action='modify' lat='40.40828635396' lon='99.77304732594'>
    <tag k='gpx:ele' v='1146.34' />
  </node>
  <node id='-193814' action='modify' lat='40.40814190396' lon='99.77327386013'>
    <tag k='gpx:ele' v='1146.59' />
  </node>
  <node id='-193815' action='modify' lat='40.40807576375' lon='99.77338226299'>
    <tag k='gpx:ele' v='1146.58' />
  </node>
  <node id='-193816' action='modify' lat='40.40802390978' lon='99.77346634469'>
    <tag k='gpx:ele' v='1146.57' />
  </node>
  <node id='-193817' action='modify' lat='40.40790221152' lon='99.77365743948'>
    <tag k='gpx:ele' v='1146.6' />
  </node>
  <node id='-193818' action='modify' lat='40.40780538188' lon='99.77380684086'>
    <tag k='gpx:ele' v='1146.57' />
  </node>
  <node id='-193819' action='modify' lat='40.40769109097' lon='99.77398959696'>
    <tag k='gpx:ele' v='1146.58' />
  </node>
  <node id='-193820' action='modify' lat='40.407518596' lon='99.77426060411'>
    <tag k='gpx:ele' v='1146.42' />
  </node>
  <node id='-193821' action='modify' lat='40.40741700367' lon='99.77441973395'>
    <tag k='gpx:ele' v='1146.4' />
  </node>
  <node id='-193822' action='modify' lat='40.40717254648' lon='99.7748040082'>
    <tag k='gpx:ele' v='1146.45' />
  </node>
  <node id='-193823' action='modify' lat='40.40688999096' lon='99.77525916123'>
    <tag k='gpx:ele' v='1146.46' />
  </node>
  <node id='-193824' action='modify' lat='40.40675688129' lon='99.77547214666'>
    <tag k='gpx:ele' v='1146.37' />
  </node>
  <node id='-193825' action='modify' lat='40.40669813542' lon='99.77556500525'>
    <tag k='gpx:ele' v='1146.38' />
  </node>
  <node id='-193826' action='modify' lat='40.40661937851' lon='99.77568949482'>
    <tag k='gpx:ele' v='1146.48' />
  </node>
  <node id='-193827' action='modify' lat='40.40653566182' lon='99.77582182402'>
    <tag k='gpx:ele' v='1146.47' />
  </node>
  <node id='-193828' action='modify' lat='40.40647149491' lon='99.77592325121'>
    <tag k='gpx:ele' v='1146.4' />
  </node>
  <node id='-193829' action='modify' lat='40.40632812188' lon='99.77614987734'>
    <tag k='gpx:ele' v='1146.52' />
  </node>
  <node id='-193830' action='modify' lat='40.40622121172' lon='99.77631886723'>
    <tag k='gpx:ele' v='1146.51' />
  </node>
  <node id='-193831' action='modify' lat='40.40616076929' lon='99.77641440677'>
    <tag k='gpx:ele' v='1146.52' />
  </node>
  <node id='-193832' action='modify' lat='40.40597000975' lon='99.77671593407'>
    <tag k='gpx:ele' v='1146.58' />
  </node>
  <node id='-193833' action='modify' lat='40.40576434019' lon='99.77704102821'>
    <tag k='gpx:ele' v='1146.68' />
  </node>
  <node id='-193834' action='modify' lat='40.40568836438' lon='99.77716112009'>
    <tag k='gpx:ele' v='1146.71' />
  </node>
  <node id='-193835' action='modify' lat='40.40562650903' lon='99.7772588922'>
    <tag k='gpx:ele' v='1146.7' />
  </node>
  <node id='-193836' action='modify' lat='40.40558343755' lon='99.7773269734'>
    <tag k='gpx:ele' v='1146.71' />
  </node>
  <node id='-193837' action='modify' lat='40.40547738007' lon='99.77749461362'>
    <tag k='gpx:ele' v='1146.76' />
  </node>
  <node id='-193838' action='modify' lat='40.40535267647' lon='99.7776917266'>
    <tag k='gpx:ele' v='1146.84' />
  </node>
  <node id='-193839' action='modify' lat='40.40528619718' lon='99.77779680707'>
    <tag k='gpx:ele' v='1146.9' />
  </node>
  <node id='-193840' action='modify' lat='40.40522824786' lon='99.77788840454'>
    <tag k='gpx:ele' v='1146.92' />
  </node>
  <node id='-193841' action='modify' lat='40.40505758392' lon='99.77816657932'>
    <tag k='gpx:ele' v='1147.04' />
  </node>
  <node id='-193842' action='modify' lat='40.40490413149' lon='99.77841118064'>
    <tag k='gpx:ele' v='1147.14' />
  </node>
  <node id='-193843' action='modify' lat='40.40484222074' lon='99.7785056864'>
    <tag k='gpx:ele' v='1147.14' />
  </node>
  <node id='-193844' action='modify' lat='40.40468823869' lon='99.7787516775'>
    <tag k='gpx:ele' v='1147.23' />
  </node>
  <node id='-193845' action='modify' lat='40.40936642656' lon='99.76995314774'>
    <tag k='gpx:ele' v='1148.03' />
  </node>
  <node id='-193846' action='modify' lat='40.40978532817' lon='99.77079226812'>
    <tag k='gpx:ele' v='1147.97' />
  </node>
  <node id='-193847' action='modify' lat='40.40980833597' lon='99.77074503288'>
    <tag k='gpx:ele' v='1147.89' />
  </node>
  <node id='-193848' action='modify' lat='40.4098320647' lon='99.77070092726'>
    <tag k='gpx:ele' v='1147.88' />
  </node>
  <node id='-193849' action='modify' lat='40.40984370508' lon='99.77066479297'>
    <tag k='gpx:ele' v='1147.88' />
  </node>
  <node id='-193850' action='modify' lat='40.40985269991' lon='99.77062865869'>
    <tag k='gpx:ele' v='1147.89' />
  </node>
  <node id='-193851' action='modify' lat='40.40985957832' lon='99.77060086308'>
    <tag k='gpx:ele' v='1147.89' />
  </node>
  <node id='-193852' action='modify' lat='40.4098593135' lon='99.7705744576'>
    <tag k='gpx:ele' v='1147.88' />
  </node>
  <node id='-193853' action='modify' lat='40.4098558743' lon='99.770549789'>
    <tag k='gpx:ele' v='1147.89' />
  </node>
  <node id='-193854' action='modify' lat='40.40984317597' lon='99.7705146967'>
    <tag k='gpx:ele' v='1147.9' />
  </node>
  <node id='-193855' action='modify' lat='40.40982378921' lon='99.77047656523'>
    <tag k='gpx:ele' v='1147.89' />
  </node>
  <node id='-193856' action='modify' lat='40.40978996597' lon='99.77042659179'>
    <tag k='gpx:ele' v='1147.9' />
  </node>
  <node id='-193857' action='modify' lat='40.40971756303' lon='99.77034330272'>
    <tag k='gpx:ele' v='1147.97' />
  </node>
  <node id='-193858' action='modify' lat='40.4096515019' lon='99.77026487218'>
    <tag k='gpx:ele' v='1147.98' />
  </node>
  <node id='-193859' action='modify' lat='40.40954368998' lon='99.77014549118'>
    <tag k='gpx:ele' v='1147.95' />
  </node>
  <node id='-193860' action='modify' lat='40.40946071697' lon='99.77005526135'>
    <tag k='gpx:ele' v='1148.04' />
  </node>
  <node id='-193861' action='modify' lat='40.40940839635' lon='99.769996959'>
    <tag k='gpx:ele' v='1148.04' />
  </node>
  <node id='-193862' action='modify' lat='40.40934328599' lon='99.76997971808'>
    <tag k='gpx:ele' v='1148.03' />
  </node>
  <node id='-193863' action='modify' lat='40.40975703123' lon='99.77076691391'>
    <tag k='gpx:ele' v='1147.97' />
  </node>
  <node id='-193864' action='modify' lat='40.40980402196' lon='99.77068147034'>
    <tag k='gpx:ele' v='1147.89' />
  </node>
  <node id='-193865' action='modify' lat='40.40981917872' lon='99.7706425741'>
    <tag k='gpx:ele' v='1147.88' />
  </node>
  <node id='-193866' action='modify' lat='40.40982393895' lon='99.7706269448'>
    <tag k='gpx:ele' v='1147.88' />
  </node>
  <node id='-193867' action='modify' lat='40.40982605461' lon='99.77061166281'>
    <tag k='gpx:ele' v='1147.89' />
  </node>
  <node id='-193868' action='modify' lat='40.40982631907' lon='99.77059811741'>
    <tag k='gpx:ele' v='1147.89' />
  </node>
  <node id='-193869' action='modify' lat='40.40982605461' lon='99.77058214079'>
    <tag k='gpx:ele' v='1147.88' />
  </node>
  <node id='-193870' action='modify' lat='40.40982393895' lon='99.77055852317'>
    <tag k='gpx:ele' v='1147.89' />
  </node>
  <node id='-193871' action='modify' lat='40.40981626969' lon='99.77052934847'>
    <tag k='gpx:ele' v='1147.9' />
  </node>
  <node id='-193872' action='modify' lat='40.40980278263' lon='99.77050260465'>
    <tag k='gpx:ele' v='1147.89' />
  </node>
  <node id='-193873' action='modify' lat='40.40976645526' lon='99.77045215659'>
    <tag k='gpx:ele' v='1147.9' />
  </node>
  <node id='-193874' action='modify' lat='40.40962201538' lon='99.77028964936'>
    <tag k='gpx:ele' v='1147.97' />
  </node>
  <node id='-193875' action='modify' lat='40.40951616443' lon='99.77017182006'>
    <tag k='gpx:ele' v='1147.98' />
  </node>
  <node id='-193876' action='modify' lat='40.40946224458' lon='99.77011261505'>
    <tag k='gpx:ele' v='1147.95' />
  </node>
  <node id='-193877' action='modify' lat='40.40941252337' lon='99.77005805357'>
    <tag k='gpx:ele' v='1148.04' />
  </node>
  <node id='-193878' action='modify' lat='40.40937650309' lon='99.77001858356'>
    <tag k='gpx:ele' v='1148.04' />
  </node>
  <node id='-193879' action='modify' lat='40.40933319166' lon='99.76999818487'>
    <tag k='gpx:ele' v='1147.86' />
  </node>
  <node id='-193880' action='modify' lat='40.4097288212' lon='99.77076389277'>
    <tag k='gpx:ele' v='1147.63' />
  </node>
  <node id='-193881' action='modify' lat='40.40936439784' lon='99.77003361129'>
    <tag k='gpx:ele' v='1147.77' />
  </node>
  <node id='-193882' action='modify' lat='40.4094463801' lon='99.77012391395'>
    <tag k='gpx:ele' v='1147.71' />
  </node>
  <node id='-193883' action='modify' lat='40.4095706756' lon='99.7702607572'>
    <tag k='gpx:ele' v='1147.74' />
  </node>
  <node id='-193884' action='modify' lat='40.40964313714' lon='99.77033925104'>
    <tag k='gpx:ele' v='1147.75' />
  </node>
  <node id='-193885' action='modify' lat='40.40976425879' lon='99.77047192647'>
    <tag k='gpx:ele' v='1147.68' />
  </node>
  <node id='-193886' action='modify' lat='40.40979969582' lon='99.77051395229'>
    <tag k='gpx:ele' v='1147.65' />
  </node>
  <node id='-193887' action='modify' lat='40.40980687759' lon='99.77053070312'>
    <tag k='gpx:ele' v='1147.66' />
  </node>
  <node id='-193888' action='modify' lat='40.40981133195' lon='99.77054416894'>
    <tag k='gpx:ele' v='1147.65' />
  </node>
  <node id='-193889' action='modify' lat='40.40981582773' lon='99.77056431338'>
    <tag k='gpx:ele' v='1147.59' />
  </node>
  <node id='-193890' action='modify' lat='40.40981556327' lon='99.77059244613'>
    <tag k='gpx:ele' v='1147.57' />
  </node>
  <node id='-193891' action='modify' lat='40.40981371207' lon='99.77061397984'>
    <tag k='gpx:ele' v='1147.59' />
  </node>
  <node id='-193892' action='modify' lat='40.40980921629' lon='99.77063308232'>
    <tag k='gpx:ele' v='1147.6' />
  </node>
  <node id='-193893' action='modify' lat='40.40979837353' lon='99.77065287944'>
    <tag k='gpx:ele' v='1147.61' />
  </node>
  <node id='-193894' action='modify' lat='40.40977430791' lon='99.77069108441'>
    <tag k='gpx:ele' v='1147.61' />
  </node>
  <node id='-193895' action='modify' lat='40.4093106163' lon='99.77001903754'>
    <tag k='gpx:ele' v='1147.86' />
  </node>
  <node id='-193896' action='modify' lat='40.4093539625' lon='99.7700697166'>
    <tag k='gpx:ele' v='1147.77' />
  </node>
  <node id='-193897' action='modify' lat='40.40943087551' lon='99.7701544131'>
    <tag k='gpx:ele' v='1147.71' />
  </node>
  <node id='-193898' action='modify' lat='40.40954769854' lon='99.77028458191'>
    <tag k='gpx:ele' v='1147.74' />
  </node>
  <node id='-193899' action='modify' lat='40.40964469851' lon='99.77039010543'>
    <tag k='gpx:ele' v='1147.75' />
  </node>
  <node id='-193900' action='modify' lat='40.40974724872' lon='99.77049979434'>
    <tag k='gpx:ele' v='1147.68' />
  </node>
  <node id='-193901' action='modify' lat='40.40976416421' lon='99.77051992712'>
    <tag k='gpx:ele' v='1147.65' />
  </node>
  <node id='-193902' action='modify' lat='40.40977341486' lon='99.77053971278'>
    <tag k='gpx:ele' v='1147.66' />
  </node>
  <node id='-193903' action='modify' lat='40.40977790804' lon='99.77055429169'>
    <tag k='gpx:ele' v='1147.65' />
  </node>
  <node id='-193904' action='modify' lat='40.40977969011' lon='99.77057403145'>
    <tag k='gpx:ele' v='1147.59' />
  </node>
  <node id='-193905' action='modify' lat='40.40977949177' lon='99.77058827148'>
    <tag k='gpx:ele' v='1147.57' />
  </node>
  <node id='-193906' action='modify' lat='40.40977671518' lon='99.7706023376'>
    <tag k='gpx:ele' v='1147.59' />
  </node>
  <node id='-193907' action='modify' lat='40.40977327723' lon='99.77061484104'>
    <tag k='gpx:ele' v='1147.6' />
  </node>
  <node id='-193908' action='modify' lat='40.40976507904' lon='99.77063012303'>
    <tag k='gpx:ele' v='1147.61' />
  </node>
  <node id='-193909' action='modify' lat='40.40974418689' lon='99.77066277091'>
    <tag k='gpx:ele' v='1147.61' />
  </node>
  <node id='-193910' action='modify' lat='40.39441809827' lon='99.76899363478'>
    <tag k='gpx:ele' v='1151.89' />
  </node>
  <node id='-193911' action='modify' lat='40.39448045504' lon='99.76906191597'>
    <tag k='gpx:ele' v='1151.82' />
  </node>
  <node id='-193912' action='modify' lat='40.39461821423' lon='99.76920167464'>
    <tag k='gpx:ele' v='1151.85' />
  </node>
  <node id='-193913' action='modify' lat='40.39470989564' lon='99.76930324331'>
    <tag k='gpx:ele' v='1151.81' />
  </node>
  <node id='-193914' action='modify' lat='40.39516849581' lon='99.76978534886'>
    <tag k='gpx:ele' v='1151.72' />
  </node>
  <node id='-193915' action='modify' lat='40.39547373194' lon='99.77011378791'>
    <tag k='gpx:ele' v='1151.7' />
  </node>
  <node id='-193916' action='modify' lat='40.39575096616' lon='99.77040212364'>
    <tag k='gpx:ele' v='1151.72' />
  </node>
  <node id='-193917' action='modify' lat='40.3962514323' lon='99.77093529438'>
    <tag k='gpx:ele' v='1151.71' />
  </node>
  <node id='-193918' action='modify' lat='40.39635213586' lon='99.77103799608'>
    <tag k='gpx:ele' v='1151.73' />
  </node>
  <node id='-193919' action='modify' lat='40.39650106599' lon='99.77120111962'>
    <tag k='gpx:ele' v='1151.74' />
  </node>
  <node id='-193920' action='modify' lat='40.39659060985' lon='99.77129436536'>
    <tag k='gpx:ele' v='1151.71' />
  </node>
  <node id='-193921' action='modify' lat='40.39668879943' lon='99.77140055413'>
    <tag k='gpx:ele' v='1151.72' />
  </node>
  <node id='-193922' action='modify' lat='40.39697161796' lon='99.77169597364'>
    <tag k='gpx:ele' v='1151.72' />
  </node>
  <node id='-193923' action='modify' lat='40.3971434761' lon='99.77188082873'>
    <tag k='gpx:ele' v='1151.69' />
  </node>
  <node id='-193924' action='modify' lat='40.39748243348' lon='99.77223928383'>
    <tag k='gpx:ele' v='1151.56' />
  </node>
  <node id='-193925' action='modify' lat='40.39756003474' lon='99.77232379414'>
    <tag k='gpx:ele' v='1151.56' />
  </node>
  <node id='-193926' action='modify' lat='40.39769784909' lon='99.77246521156'>
    <tag k='gpx:ele' v='1151.53' />
  </node>
  <node id='-193927' action='modify' lat='40.39780766585' lon='99.77258091854'>
    <tag k='gpx:ele' v='1151.47' />
  </node>
  <node id='-193928' action='modify' lat='40.39798910506' lon='99.77277736111'>
    <tag k='gpx:ele' v='1151.42' />
  </node>
  <node id='-193929' action='modify' lat='40.39813396399' lon='99.77292822254'>
    <tag k='gpx:ele' v='1151.37' />
  </node>
  <node id='-193930' action='modify' lat='40.39846830766' lon='99.77328406921'>
    <tag k='gpx:ele' v='1151.28' />
  </node>
  <node id='-193931' action='modify' lat='40.39860014841' lon='99.77341960837'>
    <tag k='gpx:ele' v='1151.29' />
  </node>
  <node id='-193932' action='modify' lat='40.39880224794' lon='99.77363841623'>
    <tag k='gpx:ele' v='1151.24' />
  </node>
  <node id='-193933' action='modify' lat='40.39885035031' lon='99.77368641842'>
    <tag k='gpx:ele' v='1151.22' />
  </node>
  <node id='-193934' action='modify' lat='40.39909121721' lon='99.77393967346'>
    <tag k='gpx:ele' v='1151.21' />
  </node>
  <node id='-193935' action='modify' lat='40.39923258927' lon='99.77409075053'>
    <tag k='gpx:ele' v='1151.14' />
  </node>
  <node id='-193936' action='modify' lat='40.39930084788' lon='99.77416100799'>
    <tag k='gpx:ele' v='1151.12' />
  </node>
  <node id='-193937' action='modify' lat='40.3995314934' lon='99.77441044918'>
    <tag k='gpx:ele' v='1151.2' />
  </node>
  <node id='-193938' action='modify' lat='40.39971177017' lon='99.77459902497'>
    <tag k='gpx:ele' v='1151.29' />
  </node>
  <node id='-193939' action='modify' lat='40.39977601797' lon='99.77466897707'>
    <tag k='gpx:ele' v='1151.3' />
  </node>
  <node id='-193940' action='modify' lat='40.39985599025' lon='99.77475144851'>
    <tag k='gpx:ele' v='1151.3' />
  </node>
  <node id='-193941' action='modify' lat='40.39995239656' lon='99.77485725549'>
    <tag k='gpx:ele' v='1151.3' />
  </node>
  <node id='-193942' action='modify' lat='40.40007882873' lon='99.7749873916'>
    <tag k='gpx:ele' v='1151.32' />
  </node>
  <node id='-193943' action='modify' lat='40.40045284064' lon='99.7753824931'>
    <tag k='gpx:ele' v='1151.53' />
  </node>
  <node id='-193944' action='modify' lat='40.40057402321' lon='99.77551428297'>
    <tag k='gpx:ele' v='1151.48' />
  </node>
  <node id='-193945' action='modify' lat='40.40064554996' lon='99.77558801058'>
    <tag k='gpx:ele' v='1151.52' />
  </node>
  <node id='-193946' action='modify' lat='40.40080726097' lon='99.77576252255'>
    <tag k='gpx:ele' v='1151.47' />
  </node>
  <node id='-193947' action='modify' lat='40.40089130639' lon='99.77584886926'>
    <tag k='gpx:ele' v='1151.48' />
  </node>
  <node id='-193948' action='modify' lat='40.40116937304' lon='99.77614503389'>
    <tag k='gpx:ele' v='1151.37' />
  </node>
  <node id='-193949' action='modify' lat='40.40127062903' lon='99.77625008829'>
    <tag k='gpx:ele' v='1151.39' />
  </node>
  <node id='-193950' action='modify' lat='40.40144712101' lon='99.77644047973'>
    <tag k='gpx:ele' v='1151.42' />
  </node>
  <node id='-193951' action='modify' lat='40.40154725153' lon='99.77654461152'>
    <tag k='gpx:ele' v='1151.39' />
  </node>
  <node id='-193952' action='modify' lat='40.40177835887' lon='99.7767917195'>
    <tag k='gpx:ele' v='1151.34' />
  </node>
  <node id='-193953' action='modify' lat='40.40199333186' lon='99.77701479159'>
    <tag k='gpx:ele' v='1151.3' />
  </node>
  <node id='-193954' action='modify' lat='40.40212732926' lon='99.77715918885'>
    <tag k='gpx:ele' v='1151.27' />
  </node>
  <node id='-193955' action='modify' lat='40.40228334786' lon='99.77732120825'>
    <tag k='gpx:ele' v='1151.2' />
  </node>
  <node id='-193956' action='modify' lat='40.40243933381' lon='99.77748839328'>
    <tag k='gpx:ele' v='1151.18' />
  </node>
  <node id='-193957' action='modify' lat='40.39444107734' lon='99.76895745554'>
    <tag k='gpx:ele' v='1151.89' />
  </node>
  <node id='-193958' action='modify' lat='40.39450292061' lon='99.76902517449'>
    <tag k='gpx:ele' v='1151.82' />
  </node>
  <node id='-193959' action='modify' lat='40.39464076122' lon='99.7691650158'>
    <tag k='gpx:ele' v='1151.85' />
  </node>
  <node id='-193960' action='modify' lat='40.39473267963' lon='99.76926684706'>
    <tag k='gpx:ele' v='1151.81' />
  </node>
  <node id='-193961' action='modify' lat='40.39519107889' lon='99.76974874157'>
    <tag k='gpx:ele' v='1151.72' />
  </node>
  <node id='-193962' action='modify' lat='40.39549624236' lon='99.77007710254'>
    <tag k='gpx:ele' v='1151.7' />
  </node>
  <node id='-193963' action='modify' lat='40.39577340778' lon='99.77036536682'>
    <tag k='gpx:ele' v='1151.72' />
  </node>
  <node id='-193964' action='modify' lat='40.396273741' lon='99.77089839612'>
    <tag k='gpx:ele' v='1151.71' />
  </node>
  <node id='-193965' action='modify' lat='40.39637463725' lon='99.77100129437'>
    <tag k='gpx:ele' v='1151.73' />
  </node>
  <node id='-193966' action='modify' lat='40.3965237069' lon='99.77116457079'>
    <tag k='gpx:ele' v='1151.74' />
  </node>
  <node id='-193967' action='modify' lat='40.39661316291' lon='99.77125772508'>
    <tag k='gpx:ele' v='1151.71' />
  </node>
  <node id='-193968' action='modify' lat='40.39671137322' lon='99.7713639363'>
    <tag k='gpx:ele' v='1151.72' />
  </node>
  <node id='-193969' action='modify' lat='40.39699415431' lon='99.7716593168'>
    <tag k='gpx:ele' v='1151.72' />
  </node>
  <node id='-193970' action='modify' lat='40.3971660959' lon='99.77184426169'>
    <tag k='gpx:ele' v='1151.69' />
  </node>
  <node id='-193971' action='modify' lat='40.39750513804' lon='99.77220280657'>
    <tag k='gpx:ele' v='1151.56' />
  </node>
  <node id='-193972' action='modify' lat='40.39758253673' lon='99.77228709631'>
    <tag k='gpx:ele' v='1151.56' />
  </node>
  <node id='-193973' action='modify' lat='40.39772012224' lon='99.77242827895'>
    <tag k='gpx:ele' v='1151.53' />
  </node>
  <node id='-193974' action='modify' lat='40.39783030526' lon='99.77254437187'>
    <tag k='gpx:ele' v='1151.47' />
  </node>
  <node id='-193975' action='modify' lat='40.39801166581' lon='99.77274072933'>
    <tag k='gpx:ele' v='1151.42' />
  </node>
  <node id='-193976' action='modify' lat='40.39815640673' lon='99.77289146793'>
    <tag k='gpx:ele' v='1151.37' />
  </node>
  <node id='-193977' action='modify' lat='40.39849066262' lon='99.77324722128'>
    <tag k='gpx:ele' v='1151.28' />
  </node>
  <node id='-193978' action='modify' lat='40.39862262166' lon='99.77338288209'>
    <tag k='gpx:ele' v='1151.29' />
  </node>
  <node id='-193979' action='modify' lat='40.39882452191' lon='99.77360147428'>
    <tag k='gpx:ele' v='1151.24' />
  </node>
  <node id='-193980' action='modify' lat='40.39887241953' lon='99.77364927215'>
    <tag k='gpx:ele' v='1151.22' />
  </node>
  <node id='-193981' action='modify' lat='40.39911375218' lon='99.77390301698'>
    <tag k='gpx:ele' v='1151.21' />
  </node>
  <node id='-193982' action='modify' lat='40.39925497998' lon='99.77405393995'>
    <tag k='gpx:ele' v='1151.14' />
  </node>
  <node id='-193983' action='modify' lat='40.39932332123' lon='99.77412428247'>
    <tag k='gpx:ele' v='1151.12' />
  </node>
  <node id='-193984' action='modify' lat='40.39955407539' lon='99.77437384124'>
    <tag k='gpx:ele' v='1151.2' />
  </node>
  <node id='-193985' action='modify' lat='40.39973439836' lon='99.77456246544'>
    <tag k='gpx:ele' v='1151.29' />
  </node>
  <node id='-193986' action='modify' lat='40.39979855049' lon='99.77463231338'>
    <tag k='gpx:ele' v='1151.3' />
  </node>
  <node id='-193987' action='modify' lat='40.39987857809' lon='99.77471484191'>
    <tag k='gpx:ele' v='1151.3' />
  </node>
  <node id='-193988' action='modify' lat='40.39997497166' lon='99.77482063495'>
    <tag k='gpx:ele' v='1151.3' />
  </node>
  <node id='-193989' action='modify' lat='40.40010113938' lon='99.7749504989'>
    <tag k='gpx:ele' v='1151.32' />
  </node>
  <node id='-193990' action='modify' lat='40.40047552688' lon='99.7753459973'>
    <tag k='gpx:ele' v='1151.53' />
  </node>
  <node id='-193991' action='modify' lat='40.40059654418' lon='99.77547760747'>
    <tag k='gpx:ele' v='1151.48' />
  </node>
  <node id='-193992' action='modify' lat='40.40066801734' lon='99.77555127988'>
    <tag k='gpx:ele' v='1151.52' />
  </node>
  <node id='-193993' action='modify' lat='40.40082970612' lon='99.77572576791'>
    <tag k='gpx:ele' v='1151.47' />
  </node>
  <node id='-193994' action='modify' lat='40.40091366062' lon='99.77581202123'>
    <tag k='gpx:ele' v='1151.48' />
  </node>
  <node id='-193995' action='modify' lat='40.40119179357' lon='99.77610825658'>
    <tag k='gpx:ele' v='1151.37' />
  </node>
  <node id='-193996' action='modify' lat='40.40129313742' lon='99.77621340216'>
    <tag k='gpx:ele' v='1151.39' />
  </node>
  <node id='-193997' action='modify' lat='40.4014696452' lon='99.77640381072'>
    <tag k='gpx:ele' v='1151.42' />
  </node>
  <node id='-193998' action='modify' lat='40.40156971456' lon='99.77650787894'>
    <tag k='gpx:ele' v='1151.39' />
  </node>
  <node id='-193999' action='modify' lat='40.4018008069' lon='99.77675497096'>
    <tag k='gpx:ele' v='1151.34' />
  </node>
  <node id='-194000' action='modify' lat='40.40201583361' lon='99.77697809886'>
    <tag k='gpx:ele' v='1151.3' />
  </node>
  <node id='-194001' action='modify' lat='40.40214983603' lon='99.7771225016'>
    <tag k='gpx:ele' v='1151.27' />
  </node>
  <node id='-194002' action='modify' lat='40.40230581723' lon='99.77728448221'>
    <tag k='gpx:ele' v='1151.2' />
  </node>
  <node id='-194003' action='modify' lat='40.40246183105' lon='99.77745169717'>
    <tag k='gpx:ele' v='1151.18' />
  </node>
  <node id='-194004' action='modify' lat='40.39444918049' lon='99.7689493061' />
  <node id='-194005' action='modify' lat='40.40262346598' lon='99.77759331748'>
    <tag k='gpx:ele' v='1147.8' />
  </node>
  <node id='-194006' action='modify' lat='40.40249773126' lon='99.7774562157'>
    <tag k='gpx:ele' v='1147.86' />
  </node>
  <node id='-194007' action='modify' lat='40.40235273236' lon='99.77730791903'>
    <tag k='gpx:ele' v='1147.93' />
  </node>
  <node id='-194008' action='modify' lat='40.40191967684' lon='99.77684925999'>
    <tag k='gpx:ele' v='1148.05' />
  </node>
  <node id='-194009' action='modify' lat='40.40172542347' lon='99.77664730044'>
    <tag k='gpx:ele' v='1148.14' />
  </node>
  <node id='-194010' action='modify' lat='40.40162848397' lon='99.77653996737'>
    <tag k='gpx:ele' v='1148.14' />
  </node>
  <node id='-194011' action='modify' lat='40.40156192921' lon='99.77647201563'>
    <tag k='gpx:ele' v='1148.16' />
  </node>
  <node id='-194012' action='modify' lat='40.40141025542' lon='99.77631094337'>
    <tag k='gpx:ele' v='1148.18' />
  </node>
  <node id='-194013' action='modify' lat='40.40132646096' lon='99.77622604893'>
    <tag k='gpx:ele' v='1148.2' />
  </node>
  <node id='-194014' action='modify' lat='40.40106409141' lon='99.775947863'>
    <tag k='gpx:ele' v='1148.41' />
  </node>
  <node id='-194015' action='modify' lat='40.40097504687' lon='99.77585022376'>
    <tag k='gpx:ele' v='1148.42' />
  </node>
  <node id='-194016' action='modify' lat='40.40081905241' lon='99.77568752946'>
    <tag k='gpx:ele' v='1148.51' />
  </node>
  <node id='-194017' action='modify' lat='40.40075580551' lon='99.77561828756'>
    <tag k='gpx:ele' v='1148.54' />
  </node>
  <node id='-194018' action='modify' lat='40.40070319572' lon='99.77556428013'>
    <tag k='gpx:ele' v='1148.53' />
  </node>
  <node id='-194019' action='modify' lat='40.40036885199' lon='99.77520763331'>
    <tag k='gpx:ele' v='1148.41' />
  </node>
  <node id='-194020' action='modify' lat='40.40021110997' lon='99.77504358953'>
    <tag k='gpx:ele' v='1148.46' />
  </node>
  <node id='-194021' action='modify' lat='40.40010964247' lon='99.77493402456'>
    <tag k='gpx:ele' v='1148.35' />
  </node>
  <node id='-194022' action='modify' lat='40.40003297278' lon='99.77485505573'>
    <tag k='gpx:ele' v='1148.34' />
  </node>
  <node id='-194023' action='modify' lat='40.39969912406' lon='99.7744977034'>
    <tag k='gpx:ele' v='1148.3' />
  </node>
  <node id='-194024' action='modify' lat='40.39945889498' lon='99.7742466729'>
    <tag k='gpx:ele' v='1148.24' />
  </node>
  <node id='-194025' action='modify' lat='40.39933698291' lon='99.77411506774'>
    <tag k='gpx:ele' v='1148.15' />
  </node>
  <node id='-194026' action='modify' lat='40.39923171269' lon='99.7740078962'>
    <tag k='gpx:ele' v='1148.14' />
  </node>
  <node id='-194027' action='modify' lat='40.39910952806' lon='99.77387331306'>
    <tag k='gpx:ele' v='1148.18' />
  </node>
  <node id='-194028' action='modify' lat='40.3990125423' lon='99.77377502879'>
    <tag k='gpx:ele' v='1148.2' />
  </node>
  <node id='-194029' action='modify' lat='40.39888074407' lon='99.7736345306'>
    <tag k='gpx:ele' v='1148.22' />
  </node>
  <node id='-194030' action='modify' lat='40.39881072831' lon='99.77356361331'>
    <tag k='gpx:ele' v='1148.24' />
  </node>
  <node id='-194031' action='modify' lat='40.39868312917' lon='99.773423004'>
    <tag k='gpx:ele' v='1148.3' />
  </node>
  <node id='-194032' action='modify' lat='40.39848053783' lon='99.77321161726'>
    <tag k='gpx:ele' v='1148.35' />
  </node>
  <node id='-194033' action='modify' lat='40.39836123475' lon='99.7730842207'>
    <tag k='gpx:ele' v='1148.35' />
  </node>
  <node id='-194034' action='modify' lat='40.39826069144' lon='99.77298227533'>
    <tag k='gpx:ele' v='1148.44' />
  </node>
  <node id='-194035' action='modify' lat='40.39816190222' lon='99.77287236475'>
    <tag k='gpx:ele' v='1148.47' />
  </node>
  <node id='-194036' action='modify' lat='40.39801852492' lon='99.77271850366'>
    <tag k='gpx:ele' v='1148.5' />
  </node>
  <node id='-194037' action='modify' lat='40.39763943658' lon='99.7723234114'>
    <tag k='gpx:ele' v='1148.6' />
  </node>
  <node id='-194038' action='modify' lat='40.39754627863' lon='99.77222084753'>
    <tag k='gpx:ele' v='1148.62' />
  </node>
  <node id='-194039' action='modify' lat='40.39734938932' lon='99.77201207085'>
    <tag k='gpx:ele' v='1148.65' />
  </node>
  <node id='-194040' action='modify' lat='40.39718152971' lon='99.77183830552'>
    <tag k='gpx:ele' v='1148.73' />
  </node>
  <node id='-194041' action='modify' lat='40.39709998888' lon='99.77174776013'>
    <tag k='gpx:ele' v='1148.76' />
  </node>
  <node id='-194042' action='modify' lat='40.39677663956' lon='99.77140891309'>
    <tag k='gpx:ele' v='1148.97' />
  </node>
  <node id='-194043' action='modify' lat='40.39672043764' lon='99.77134741095'>
    <tag k='gpx:ele' v='1148.97' />
  </node>
  <node id='-194044' action='modify' lat='40.39656383497' lon='99.77118320807'>
    <tag k='gpx:ele' v='1148.94' />
  </node>
  <node id='-194045' action='modify' lat='40.39648712835' lon='99.77109920077'>
    <tag k='gpx:ele' v='1148.94' />
  </node>
  <node id='-194046' action='modify' lat='40.39628962516' lon='99.77089170237'>
    <tag k='gpx:ele' v='1148.92' />
  </node>
  <node id='-194047' action='modify' lat='40.39604281842' lon='99.77062890155'>
    <tag k='gpx:ele' v='1148.9' />
  </node>
  <node id='-194048' action='modify' lat='40.39598856588' lon='99.77057344781'>
    <tag k='gpx:ele' v='1148.91' />
  </node>
  <node id='-194049' action='modify' lat='40.395835518' lon='99.77040799597'>
    <tag k='gpx:ele' v='1148.91' />
  </node>
  <node id='-194050' action='modify' lat='40.39574045391' lon='99.77030943315'>
    <tag k='gpx:ele' v='1148.91' />
  </node>
  <node id='-194051' action='modify' lat='40.3955513715' lon='99.77010713788'>
    <tag k='gpx:ele' v='1148.93' />
  </node>
  <node id='-194052' action='modify' lat='40.39546335825' lon='99.77001086091'>
    <tag k='gpx:ele' v='1148.94' />
  </node>
  <node id='-194053' action='modify' lat='40.39541482642' lon='99.76996462582'>
    <tag k='gpx:ele' v='1148.95' />
  </node>
  <node id='-194054' action='modify' lat='40.39513046856' lon='99.76965944892'>
    <tag k='gpx:ele' v='1148.82' />
  </node>
  <node id='-194055' action='modify' lat='40.39486957208' lon='99.76939095532'>
    <tag k='gpx:ele' v='1148.88' />
  </node>
  <node id='-194056' action='modify' lat='40.3947056555' lon='99.76922022966'>
    <tag k='gpx:ele' v='1149.2' />
  </node>
  <node id='-194057' action='modify' lat='40.39465777091' lon='99.76916774652'>
    <tag k='gpx:ele' v='1149.29' />
  </node>
  <node id='-194058' action='modify' lat='40.39448919041' lon='99.76899296665'>
    <tag k='gpx:ele' v='1149.72' />
  </node>
  <node id='-194059' action='modify' lat='40.39447213093' lon='99.76891300274' />
  <node id='-194060' action='modify' lat='40.40264673697' lon='99.77755731318'>
    <tag k='gpx:ele' v='1147.8' />
  </node>
  <node id='-194061' action='modify' lat='40.40252027084' lon='99.77741941384'>
    <tag k='gpx:ele' v='1147.86' />
  </node>
  <node id='-194062' action='modify' lat='40.40237506965' lon='99.77727091021'>
    <tag k='gpx:ele' v='1147.93' />
  </node>
  <node id='-194063' action='modify' lat='40.40194212593' lon='99.77681236943'>
    <tag k='gpx:ele' v='1148.05' />
  </node>
  <node id='-194064' action='modify' lat='40.40174817997' lon='99.77661072942'>
    <tag k='gpx:ele' v='1148.14' />
  </node>
  <node id='-194065' action='modify' lat='40.40165111945' lon='99.77650326231'>
    <tag k='gpx:ele' v='1148.14' />
  </node>
  <node id='-194066' action='modify' lat='40.40158427388' lon='99.77643501363'>
    <tag k='gpx:ele' v='1148.16' />
  </node>
  <node id='-194067' action='modify' lat='40.40143254781' lon='99.77627388581'>
    <tag k='gpx:ele' v='1148.18' />
  </node>
  <node id='-194068' action='modify' lat='40.40134874238' lon='99.77618898023'>
    <tag k='gpx:ele' v='1148.2' />
  </node>
  <node id='-194069' action='modify' lat='40.40108691303' lon='99.77591136697'>
    <tag k='gpx:ele' v='1148.41' />
  </node>
  <node id='-194070' action='modify' lat='40.40099775754' lon='99.77581360604'>
    <tag k='gpx:ele' v='1148.42' />
  </node>
  <node id='-194071' action='modify' lat='40.40084175219' lon='99.77565090032'>
    <tag k='gpx:ele' v='1148.51' />
  </node>
  <node id='-194072' action='modify' lat='40.40077839901' lon='99.77558154205'>
    <tag k='gpx:ele' v='1148.54' />
  </node>
  <node id='-194073' action='modify' lat='40.40072560864' lon='99.77552734923'>
    <tag k='gpx:ele' v='1148.53' />
  </node>
  <node id='-194074' action='modify' lat='40.40039135294' lon='99.77517079617'>
    <tag k='gpx:ele' v='1148.41' />
  </node>
  <node id='-194075' action='modify' lat='40.40023369529' lon='99.77500684008'>
    <tag k='gpx:ele' v='1148.46' />
  </node>
  <node id='-194076' action='modify' lat='40.40013216285' lon='99.77489720495'>
    <tag k='gpx:ele' v='1148.35' />
  </node>
  <node id='-194077' action='modify' lat='40.40005543256' lon='99.77481817369'>
    <tag k='gpx:ele' v='1148.34' />
  </node>
  <node id='-194078' action='modify' lat='40.39972168186' lon='99.77446092617'>
    <tag k='gpx:ele' v='1148.3' />
  </node>
  <node id='-194079' action='modify' lat='40.39948151135' lon='99.77420995676'>
    <tag k='gpx:ele' v='1148.24' />
  </node>
  <node id='-194080' action='modify' lat='40.39935942333' lon='99.77407816165'>
    <tag k='gpx:ele' v='1148.15' />
  </node>
  <node id='-194081' action='modify' lat='40.3992542939' lon='99.77397113339'>
    <tag k='gpx:ele' v='1148.14' />
  </node>
  <node id='-194082' action='modify' lat='40.39913207866' lon='99.77383651648'>
    <tag k='gpx:ele' v='1148.18' />
  </node>
  <node id='-194083' action='modify' lat='40.3990348642' lon='99.77373800043'>
    <tag k='gpx:ele' v='1148.2' />
  </node>
  <node id='-194084' action='modify' lat='40.39890306263' lon='99.77359749862'>
    <tag k='gpx:ele' v='1148.22' />
  </node>
  <node id='-194085' action='modify' lat='40.3988332788' lon='99.77352681623'>
    <tag k='gpx:ele' v='1148.24' />
  </node>
  <node id='-194086' action='modify' lat='40.39870587838' lon='99.77338642585'>
    <tag k='gpx:ele' v='1148.3' />
  </node>
  <node id='-194087' action='modify' lat='40.39850306971' lon='99.77317481227'>
    <tag k='gpx:ele' v='1148.35' />
  </node>
  <node id='-194088' action='modify' lat='40.39838357266' lon='99.77304720854'>
    <tag k='gpx:ele' v='1148.35' />
  </node>
  <node id='-194089' action='modify' lat='40.39828331653' lon='99.77294555432'>
    <tag k='gpx:ele' v='1148.44' />
  </node>
  <node id='-194090' action='modify' lat='40.39818490642' lon='99.77283606549'>
    <tag k='gpx:ele' v='1148.47' />
  </node>
  <node id='-194091' action='modify' lat='40.39804108328' lon='99.77268172591'>
    <tag k='gpx:ele' v='1148.5' />
  </node>
  <node id='-194092' action='modify' lat='40.39766217238' lon='99.77228681844'>
    <tag k='gpx:ele' v='1148.6' />
  </node>
  <node id='-194093' action='modify' lat='40.39756913062' lon='99.77218438248'>
    <tag k='gpx:ele' v='1148.62' />
  </node>
  <node id='-194094' action='modify' lat='40.39737181959' lon='99.77197515853'>
    <tag k='gpx:ele' v='1148.65' />
  </node>
  <node id='-194095' action='modify' lat='40.39720427989' lon='99.77180172433'>
    <tag k='gpx:ele' v='1148.73' />
  </node>
  <node id='-194096' action='modify' lat='40.39712282095' lon='99.77171126984'>
    <tag k='gpx:ele' v='1148.76' />
  </node>
  <node id='-194097' action='modify' lat='40.39679937055' lon='99.77137231674'>
    <tag k='gpx:ele' v='1148.97' />
  </node>
  <node id='-194098' action='modify' lat='40.39674317255' lon='99.77131081888'>
    <tag k='gpx:ele' v='1148.97' />
  </node>
  <node id='-194099' action='modify' lat='40.39658657545' lon='99.77114662177'>
    <tag k='gpx:ele' v='1148.94' />
  </node>
  <node id='-194100' action='modify' lat='40.39650988219' lon='99.77106262909'>
    <tag k='gpx:ele' v='1148.94' />
  </node>
  <node id='-194101' action='modify' lat='40.39631218538' lon='99.7708549272'>
    <tag k='gpx:ele' v='1148.92' />
  </node>
  <node id='-194102' action='modify' lat='40.39606519219' lon='99.77059192775'>
    <tag k='gpx:ele' v='1148.9' />
  </node>
  <node id='-194103' action='modify' lat='40.39601104496' lon='99.77053658163'>
    <tag k='gpx:ele' v='1148.91' />
  </node>
  <node id='-194104' action='modify' lat='40.39585809317' lon='99.77037123362'>
    <tag k='gpx:ele' v='1148.91' />
  </node>
  <node id='-194105' action='modify' lat='40.3957629573' lon='99.77027259634'>
    <tag k='gpx:ele' v='1148.91' />
  </node>
  <node id='-194106' action='modify' lat='40.39557424048' lon='99.77007069216'>
    <tag k='gpx:ele' v='1148.93' />
  </node>
  <node id='-194107' action='modify' lat='40.39548545274' lon='99.76997356793'>
    <tag k='gpx:ele' v='1148.94' />
  </node>
  <node id='-194108' action='modify' lat='40.39543678447' lon='99.76992720284'>
    <tag k='gpx:ele' v='1148.95' />
  </node>
  <node id='-194109' action='modify' lat='40.39515294343' lon='99.76962258052'>
    <tag k='gpx:ele' v='1148.82' />
  </node>
  <node id='-194110' action='modify' lat='40.39489183998' lon='99.76935387382'>
    <tag k='gpx:ele' v='1148.88' />
  </node>
  <node id='-194111' action='modify' lat='40.39472835738' lon='99.76918360011'>
    <tag k='gpx:ele' v='1149.2' />
  </node>
  <node id='-194112' action='modify' lat='40.394680442' lon='99.76913108322'>
    <tag k='gpx:ele' v='1149.29' />
  </node>
  <node id='-194113' action='modify' lat='40.39451182267' lon='99.76895626303'>
    <tag k='gpx:ele' v='1149.72' />
  </node>
  <node id='-194114' action='modify' lat='40.39442166181' lon='99.76854695993'>
    <tag k='gpx:ele' v='1152.03' />
  </node>
  <node id='-194115' action='modify' lat='40.39435918502' lon='99.76864449999'>
    <tag k='gpx:ele' v='1151.99' />
  </node>
  <node id='-194116' action='modify' lat='40.39434740132' lon='99.76867348792'>
    <tag k='gpx:ele' v='1152.0' />
  </node>
  <node id='-194117' action='modify' lat='40.3943406822' lon='99.76870355318'>
    <tag k='gpx:ele' v='1152.01' />
  </node>
  <node id='-194118' action='modify' lat='40.39433369428' lon='99.76875808004'>
    <tag k='gpx:ele' v='1152.01' />
  </node>
  <node id='-194119' action='modify' lat='40.3943329323' lon='99.76879792096'>
    <tag k='gpx:ele' v='1151.98' />
  </node>
  <node id='-194120' action='modify' lat='40.39433553168' lon='99.76882933956'>
    <tag k='gpx:ele' v='1151.96' />
  </node>
  <node id='-194121' action='modify' lat='40.39434213661' lon='99.76885911773'>
    <tag k='gpx:ele' v='1151.97' />
  </node>
  <node id='-194122' action='modify' lat='40.39435075341' lon='99.76888673568'>
    <tag k='gpx:ele' v='1151.97' />
  </node>
  <node id='-194123' action='modify' lat='40.39436595971' lon='99.76892133553'>
    <tag k='gpx:ele' v='1151.95' />
  </node>
  <node id='-194124' action='modify' lat='40.3943797412' lon='99.76894273607'>
    <tag k='gpx:ele' v='1151.93' />
  </node>
  <node id='-194125' action='modify' lat='40.394444839' lon='99.76858027763'>
    <tag k='gpx:ele' v='1152.03' />
  </node>
  <node id='-194126' action='modify' lat='40.39438902904' lon='99.76867121056'>
    <tag k='gpx:ele' v='1151.99' />
  </node>
  <node id='-194127' action='modify' lat='40.39438081666' lon='99.76869141301'>
    <tag k='gpx:ele' v='1152.0' />
  </node>
  <node id='-194128' action='modify' lat='40.39437573758' lon='99.76871413973'>
    <tag k='gpx:ele' v='1152.01' />
  </node>
  <node id='-194129' action='modify' lat='40.39436952635' lon='99.76876260623'>
    <tag k='gpx:ele' v='1152.01' />
  </node>
  <node id='-194130' action='modify' lat='40.39436888847' lon='99.76879595821'>
    <tag k='gpx:ele' v='1151.98' />
  </node>
  <node id='-194131' action='modify' lat='40.39437088844' lon='99.76882013169'>
    <tag k='gpx:ele' v='1151.96' />
  </node>
  <node id='-194132' action='modify' lat='40.39437608195' lon='99.76884354656'>
    <tag k='gpx:ele' v='1151.97' />
  </node>
  <node id='-194133' action='modify' lat='40.39438306336' lon='99.76886592287'>
    <tag k='gpx:ele' v='1151.97' />
  </node>
  <node id='-194134' action='modify' lat='40.39439545396' lon='99.76889411601'>
    <tag k='gpx:ele' v='1151.95' />
  </node>
  <node id='-194135' action='modify' lat='40.3944062692' lon='99.76891091043'>
    <tag k='gpx:ele' v='1151.93' />
  </node>
  <node id='-194136' action='modify' lat='40.39451126602' lon='99.76856382493'>
    <tag k='gpx:ele' v='1150.24' />
  </node>
  <node id='-194137' action='modify' lat='40.39444977158' lon='99.76888866404'>
    <tag k='gpx:ele' v='1149.78' />
  </node>
  <node id='-194138' action='modify' lat='40.39443842066' lon='99.76887119425'>
    <tag k='gpx:ele' v='1149.9' />
  </node>
  <node id='-194139' action='modify' lat='40.39442075626' lon='99.76883939831'>
    <tag k='gpx:ele' v='1150.02' />
  </node>
  <node id='-194140' action='modify' lat='40.39441774211' lon='99.7688289374'>
    <tag k='gpx:ele' v='1150.01' />
  </node>
  <node id='-194141' action='modify' lat='40.39441822979' lon='99.76879496234'>
    <tag k='gpx:ele' v='1150.1' />
  </node>
  <node id='-194142' action='modify' lat='40.39442904184' lon='99.76874817065'>
    <tag k='gpx:ele' v='1150.13' />
  </node>
  <node id='-194143' action='modify' lat='40.39443747534' lon='99.76872424515'>
    <tag k='gpx:ele' v='1150.14' />
  </node>
  <node id='-194144' action='modify' lat='40.39446050273' lon='99.76866853051'>
    <tag k='gpx:ele' v='1150.17' />
  </node>
  <node id='-194145' action='modify' lat='40.39448096909' lon='99.76853850142'>
    <tag k='gpx:ele' v='1150.24' />
  </node>
  <node id='-194146' action='modify' lat='40.39442445475' lon='99.76892235737'>
    <tag k='gpx:ele' v='1149.78' />
  </node>
  <node id='-194147' action='modify' lat='40.39441021083' lon='99.76890043508'>
    <tag k='gpx:ele' v='1149.9' />
  </node>
  <node id='-194148' action='modify' lat='40.39438888178' lon='99.76886204275'>
    <tag k='gpx:ele' v='1150.02' />
  </node>
  <node id='-194149' action='modify' lat='40.39438170334' lon='99.76883712935'>
    <tag k='gpx:ele' v='1150.01' />
  </node>
  <node id='-194150' action='modify' lat='40.39438241526' lon='99.76878753219'>
    <tag k='gpx:ele' v='1150.1' />
  </node>
  <node id='-194151' action='modify' lat='40.39439539933' lon='99.7687313406'>
    <tag k='gpx:ele' v='1150.13' />
  </node>
  <node id='-194152' action='modify' lat='40.39440536309' lon='99.76870307382'>
    <tag k='gpx:ele' v='1150.14' />
  </node>
  <node id='-194153' action='modify' lat='40.39442953364' lon='99.76864459337'>
    <tag k='gpx:ele' v='1150.17' />
  </node>
  <node id='-194154' action='modify' lat='40.39495903895' lon='99.76768666821' />
  <node id='-194155' action='modify' lat='40.39444245374' lon='99.76851529701'>
    <tag k='gpx:ele' v='1152.03' />
  </node>
  <node id='-194156' action='modify' lat='40.39487949682' lon='99.76781075742'>
    <tag k='gpx:ele' v='1152.02' />
  </node>
  <node id='-194157' action='modify' lat='40.3948173688' lon='99.76790319674'>
    <tag k='gpx:ele' v='1152.0' />
  </node>
  <node id='-194158' action='modify' lat='40.39476759799' lon='99.767987185'>
    <tag k='gpx:ele' v='1152.03' />
  </node>
  <node id='-194159' action='modify' lat='40.39472078901' lon='99.76806134086'>
    <tag k='gpx:ele' v='1152.01' />
  </node>
  <node id='-194160' action='modify' lat='40.39498648782' lon='99.76771700286' />
  <node id='-194161' action='modify' lat='40.39446448851' lon='99.76854896482'>
    <tag k='gpx:ele' v='1152.03' />
  </node>
  <node id='-194162' action='modify' lat='40.3949066752' lon='99.76784151408'>
    <tag k='gpx:ele' v='1152.02' />
  </node>
  <node id='-194163' action='modify' lat='40.39484500316' lon='99.76793327498'>
    <tag k='gpx:ele' v='1152.0' />
  </node>
  <node id='-194164' action='modify' lat='40.39479557392' lon='99.7680166869'>
    <tag k='gpx:ele' v='1152.03' />
  </node>
  <node id='-194165' action='modify' lat='40.39474858303' lon='99.76809113095'>
    <tag k='gpx:ele' v='1152.01' />
  </node>
  <node id='-194166' action='modify' lat='40.39503096309' lon='99.7677362229'>
    <tag k='gpx:ele' v='1150.29' />
  </node>
  <node id='-194167' action='modify' lat='40.39536156209' lon='99.76754939555'>
    <tag k='gpx:ele' v='1149.83' />
  </node>
  <node id='-194168' action='modify' lat='40.39505885094' lon='99.7677030381'>
    <tag k='gpx:ele' v='1150.31' />
  </node>
  <node id='-194169' action='modify' lat='40.39508848176' lon='99.76766928115'>
    <tag k='gpx:ele' v='1150.24' />
  </node>
  <node id='-194170' action='modify' lat='40.39512334153' lon='99.76763266345'>
    <tag k='gpx:ele' v='1150.22' />
  </node>
  <node id='-194171' action='modify' lat='40.39516648047' lon='99.76759261283'>
    <tag k='gpx:ele' v='1150.21' />
  </node>
  <node id='-194172' action='modify' lat='40.39520727676' lon='99.76755520758'>
    <tag k='gpx:ele' v='1150.14' />
  </node>
  <node id='-194173' action='modify' lat='40.39523985561' lon='99.76753274379'>
    <tag k='gpx:ele' v='1150.04' />
  </node>
  <node id='-194174' action='modify' lat='40.39527083617' lon='99.76752551928'>
    <tag k='gpx:ele' v='1150.03' />
  </node>
  <node id='-194175' action='modify' lat='40.39531408222' lon='99.76753043236'>
    <tag k='gpx:ele' v='1149.97' />
  </node>
  <node id='-194176' action='modify' lat='40.39500042173' lon='99.76771172443'>
    <tag k='gpx:ele' v='1150.29' />
  </node>
  <node id='-194177' action='modify' lat='40.39535908067' lon='99.7674913414'>
    <tag k='gpx:ele' v='1149.83' />
  </node>
  <node id='-194178' action='modify' lat='40.3950210176' lon='99.76768389319'>
    <tag k='gpx:ele' v='1150.31' />
  </node>
  <node id='-194179' action='modify' lat='40.39507148761' lon='99.76762179256'>
    <tag k='gpx:ele' v='1150.24' />
  </node>
  <node id='-194180' action='modify' lat='40.39511942024' lon='99.76756457682'>
    <tag k='gpx:ele' v='1150.22' />
  </node>
  <node id='-194181' action='modify' lat='40.39516523841' lon='99.76751242899'>
    <tag k='gpx:ele' v='1150.21' />
  </node>
  <node id='-194182' action='modify' lat='40.39519436868' lon='99.76748447558'>
    <tag k='gpx:ele' v='1150.14' />
  </node>
  <node id='-194183' action='modify' lat='40.39523794333' lon='99.76746845534'>
    <tag k='gpx:ele' v='1150.04' />
  </node>
  <node id='-194184' action='modify' lat='40.39527628898' lon='99.76746502243'>
    <tag k='gpx:ele' v='1150.03' />
  </node>
  <node id='-194185' action='modify' lat='40.39531202015' lon='99.76747303255'>
    <tag k='gpx:ele' v='1149.97' />
  </node>
  <node id='-194186' action='modify' lat='40.3952204439' lon='99.7673583256'>
    <tag k='gpx:ele' v='1152.0' />
  </node>
  <node id='-194187' action='modify' lat='40.39502224815' lon='99.76766012673' />
  <node id='-194188' action='modify' lat='40.39516443797' lon='99.76744665045'>
    <tag k='gpx:ele' v='1152.03' />
  </node>
  <node id='-194189' action='modify' lat='40.39509310598' lon='99.76755129748'>
    <tag k='gpx:ele' v='1152.01' />
  </node>
  <node id='-194190' action='modify' lat='40.39518710926' lon='99.7673365752'>
    <tag k='gpx:ele' v='1152.0' />
  </node>
  <node id='-194191' action='modify' lat='40.39499652261' lon='99.7676254583' />
  <node id='-194192' action='modify' lat='40.39513151448' lon='99.76742425161'>
    <tag k='gpx:ele' v='1152.03' />
  </node>
  <node id='-194193' action='modify' lat='40.39506024644' lon='99.76752880476'>
    <tag k='gpx:ele' v='1152.01' />
  </node>
  <node id='-194194' action='modify' lat='40.39537009747' lon='99.76733326365'>
    <tag k='gpx:ele' v='1151.95' />
  </node>
  <node id='-194195' action='modify' lat='40.39521964852' lon='99.76735914554'>
    <tag k='gpx:ele' v='1152.0' />
  </node>
  <node id='-194196' action='modify' lat='40.39532450703' lon='99.76730013329'>
    <tag k='gpx:ele' v='1151.97' />
  </node>
  <node id='-194197' action='modify' lat='40.39530794255' lon='99.76729337564'>
    <tag k='gpx:ele' v='1151.99' />
  </node>
  <node id='-194198' action='modify' lat='40.39529046229' lon='99.76729120106'>
    <tag k='gpx:ele' v='1151.99' />
  </node>
  <node id='-194199' action='modify' lat='40.39527993068' lon='99.76729231355'>
    <tag k='gpx:ele' v='1151.99' />
  </node>
  <node id='-194200' action='modify' lat='40.3952700509' lon='99.76729652699'>
    <tag k='gpx:ele' v='1151.99' />
  </node>
  <node id='-194201' action='modify' lat='40.39526679624' lon='99.76729894174'>
    <tag k='gpx:ele' v='1151.99' />
  </node>
  <node id='-194202' action='modify' lat='40.39525776912' lon='99.76730739549'>
    <tag k='gpx:ele' v='1152.01' />
  </node>
  <node id='-194203' action='modify' lat='40.39524535035' lon='99.76732198536'>
    <tag k='gpx:ele' v='1152.03' />
  </node>
  <node id='-194204' action='modify' lat='40.39523249585' lon='99.76733972206'>
    <tag k='gpx:ele' v='1152.01' />
  </node>
  <node id='-194205' action='modify' lat='40.39538749144' lon='99.76729199665'>
    <tag k='gpx:ele' v='1151.95' />
  </node>
  <node id='-194206' action='modify' lat='40.39519263409' lon='99.76732785339'>
    <tag k='gpx:ele' v='1152.0' />
  </node>
  <node id='-194207' action='modify' lat='40.3953386803' lon='99.76725652582'>
    <tag k='gpx:ele' v='1151.97' />
  </node>
  <node id='-194208' action='modify' lat='40.39531504121' lon='99.767246882'>
    <tag k='gpx:ele' v='1151.99' />
  </node>
  <node id='-194209' action='modify' lat='40.39529071802' lon='99.76724385615'>
    <tag k='gpx:ele' v='1151.99' />
  </node>
  <node id='-194210' action='modify' lat='40.3952728459' lon='99.76724574405'>
    <tag k='gpx:ele' v='1151.99' />
  </node>
  <node id='-194211' action='modify' lat='40.3952555219' lon='99.76725313223'>
    <tag k='gpx:ele' v='1151.99' />
  </node>
  <node id='-194212' action='modify' lat='40.39524731121' lon='99.76725676006'>
    <tag k='gpx:ele' v='1151.99' />
  </node>
  <node id='-194213' action='modify' lat='40.39523358522' lon='99.76727049171'>
    <tag k='gpx:ele' v='1152.01' />
  </node>
  <node id='-194214' action='modify' lat='40.39522073069' lon='99.76728737018'>
    <tag k='gpx:ele' v='1152.03' />
  </node>
  <node id='-194215' action='modify' lat='40.3952021241' lon='99.76731507031'>
    <tag k='gpx:ele' v='1152.01' />
  </node>
  <node id='-194216' action='modify' lat='40.394523389' lon='99.76854070737'>
    <tag k='gpx:ele' v='1150.24' />
  </node>
  <node id='-194217' action='modify' lat='40.39501012529' lon='99.76776571713'>
    <tag k='gpx:ele' v='1150.29' />
  </node>
  <node id='-194218' action='modify' lat='40.39455823876' lon='99.7684780646'>
    <tag k='gpx:ele' v='1150.3' />
  </node>
  <node id='-194219' action='modify' lat='40.39463760015' lon='99.76834655702'>
    <tag k='gpx:ele' v='1150.35' />
  </node>
  <node id='-194220' action='modify' lat='40.39468062177' lon='99.76828212411'>
    <tag k='gpx:ele' v='1150.36' />
  </node>
  <node id='-194221' action='modify' lat='40.39478026683' lon='99.76812684209'>
    <tag k='gpx:ele' v='1150.32' />
  </node>
  <node id='-194222' action='modify' lat='40.39485203843' lon='99.76800969869'>
    <tag k='gpx:ele' v='1150.36' />
  </node>
  <node id='-194223' action='modify' lat='40.3948830134' lon='99.76795641372'>
    <tag k='gpx:ele' v='1150.47' />
  </node>
  <node id='-194224' action='modify' lat='40.39491898141' lon='99.7679003866'>
    <tag k='gpx:ele' v='1150.4' />
  </node>
  <node id='-194225' action='modify' lat='40.39449912975' lon='99.76850586194'>
    <tag k='gpx:ele' v='1150.24' />
  </node>
  <node id='-194226' action='modify' lat='40.39498329136' lon='99.76773440631'>
    <tag k='gpx:ele' v='1150.29' />
  </node>
  <node id='-194227' action='modify' lat='40.39453333729' lon='99.76844740775'>
    <tag k='gpx:ele' v='1150.3' />
  </node>
  <node id='-194228' action='modify' lat='40.39460588976' lon='99.76832983058'>
    <tag k='gpx:ele' v='1150.35' />
  </node>
  <node id='-194229' action='modify' lat='40.39465339587' lon='99.76825139854'>
    <tag k='gpx:ele' v='1150.36' />
  </node>
  <node id='-194230' action='modify' lat='40.39475255133' lon='99.76809687954'>
    <tag k='gpx:ele' v='1150.32' />
  </node>
  <node id='-194231' action='modify' lat='40.3948167926' lon='99.76798882816'>
    <tag k='gpx:ele' v='1150.36' />
  </node>
  <node id='-194232' action='modify' lat='40.39485500501' lon='99.76792690729'>
    <tag k='gpx:ele' v='1150.47' />
  </node>
  <node id='-194233' action='modify' lat='40.3948918358' lon='99.76786953623'>
    <tag k='gpx:ele' v='1150.4' />
  </node>
  <node id='-194234' action='modify' lat='40.40207870429' lon='99.77857414658'>
    <tag k='gpx:ele' v='1151.77' />
  </node>
  <node id='-194235' action='modify' lat='40.4021067383' lon='99.77853470011' />
  <node id='-194236' action='modify' lat='40.40209549346' lon='99.77855189864' />
  <node id='-194237' action='modify' lat='40.40209562588' lon='99.77847928245' />
  <node id='-194238' action='modify' lat='40.39538810829' lon='99.76756190883'>
    <tag k='gpx:ele' v='1149.83' />
  </node>
  <node id='-194239' action='modify' lat='40.3972920987' lon='99.76643031567'>
    <tag k='gpx:ele' v='1150.19' />
  </node>
  <node id='-194240' action='modify' lat='40.39555327713' lon='99.76766069939'>
    <tag k='gpx:ele' v='1149.86' />
  </node>
  <node id='-194241' action='modify' lat='40.39561094108' lon='99.76769820381'>
    <tag k='gpx:ele' v='1149.81' />
  </node>
  <node id='-194242' action='modify' lat='40.39576225676' lon='99.76777401724'>
    <tag k='gpx:ele' v='1149.95' />
  </node>
  <node id='-194243' action='modify' lat='40.3958707288' lon='99.76782696902'>
    <tag k='gpx:ele' v='1150.12' />
  </node>
  <node id='-194244' action='modify' lat='40.39592331469' lon='99.76786667283'>
    <tag k='gpx:ele' v='1150.14' />
  </node>
  <node id='-194245' action='modify' lat='40.39603296281' lon='99.76797097232'>
    <tag k='gpx:ele' v='1150.12' />
  </node>
  <node id='-194246' action='modify' lat='40.39611537778' lon='99.76805606185'>
    <tag k='gpx:ele' v='1150.26' />
  </node>
  <node id='-194247' action='modify' lat='40.39615110578' lon='99.76809873132'>
    <tag k='gpx:ele' v='1150.19' />
  </node>
  <node id='-194248' action='modify' lat='40.39616625745' lon='99.76811112815'>
    <tag k='gpx:ele' v='1150.17' />
  </node>
  <node id='-194249' action='modify' lat='40.39618372739' lon='99.76811922084'>
    <tag k='gpx:ele' v='1150.2' />
  </node>
  <node id='-194250' action='modify' lat='40.3962118637' lon='99.76812301702'>
    <tag k='gpx:ele' v='1150.18' />
  </node>
  <node id='-194251' action='modify' lat='40.39626489284' lon='99.76812383442'>
    <tag k='gpx:ele' v='1150.17' />
  </node>
  <node id='-194252' action='modify' lat='40.39629241576' lon='99.76812299403'>
    <tag k='gpx:ele' v='1150.2' />
  </node>
  <node id='-194253' action='modify' lat='40.39631329652' lon='99.76811925747'>
    <tag k='gpx:ele' v='1150.23' />
  </node>
  <node id='-194254' action='modify' lat='40.39637220341' lon='99.76810079102'>
    <tag k='gpx:ele' v='1150.24' />
  </node>
  <node id='-194255' action='modify' lat='40.39640486968' lon='99.76808551846'>
    <tag k='gpx:ele' v='1150.34' />
  </node>
  <node id='-194256' action='modify' lat='40.39642817482' lon='99.76807055981'>
    <tag k='gpx:ele' v='1150.35' />
  </node>
  <node id='-194257' action='modify' lat='40.39646229659' lon='99.76804212497'>
    <tag k='gpx:ele' v='1150.42' />
  </node>
  <node id='-194258' action='modify' lat='40.39648309213' lon='99.76802334532'>
    <tag k='gpx:ele' v='1150.4' />
  </node>
  <node id='-194259' action='modify' lat='40.39650056451' lon='99.76800294278'>
    <tag k='gpx:ele' v='1150.43' />
  </node>
  <node id='-194260' action='modify' lat='40.39652967978' lon='99.76796304775'>
    <tag k='gpx:ele' v='1150.52' />
  </node>
  <node id='-194261' action='modify' lat='40.39655840888' lon='99.76792708749'>
    <tag k='gpx:ele' v='1150.56' />
  </node>
  <node id='-194262' action='modify' lat='40.39658605076' lon='99.76789629523'>
    <tag k='gpx:ele' v='1150.61' />
  </node>
  <node id='-194263' action='modify' lat='40.39660277168' lon='99.76787248728'>
    <tag k='gpx:ele' v='1150.55' />
  </node>
  <node id='-194264' action='modify' lat='40.39664942941' lon='99.76778322014'>
    <tag k='gpx:ele' v='1150.66' />
  </node>
  <node id='-194265' action='modify' lat='40.39667862054' lon='99.76773124803'>
    <tag k='gpx:ele' v='1150.68' />
  </node>
  <node id='-194266' action='modify' lat='40.39678988965' lon='99.7675498872'>
    <tag k='gpx:ele' v='1150.69' />
  </node>
  <node id='-194267' action='modify' lat='40.39687408958' lon='99.76741705617'>
    <tag k='gpx:ele' v='1150.48' />
  </node>
  <node id='-194268' action='modify' lat='40.39693645036' lon='99.7672995456'>
    <tag k='gpx:ele' v='1150.32' />
  </node>
  <node id='-194269' action='modify' lat='40.3969509774' lon='99.7672652187'>
    <tag k='gpx:ele' v='1150.25' />
  </node>
  <node id='-194270' action='modify' lat='40.396959493' lon='99.76723668588'>
    <tag k='gpx:ele' v='1150.24' />
  </node>
  <node id='-194271' action='modify' lat='40.39696518387' lon='99.76720844627'>
    <tag k='gpx:ele' v='1150.17' />
  </node>
  <node id='-194272' action='modify' lat='40.39698243474' lon='99.76709869489'>
    <tag k='gpx:ele' v='1150.18' />
  </node>
  <node id='-194273' action='modify' lat='40.39698778526' lon='99.76707887166'>
    <tag k='gpx:ele' v='1150.14' />
  </node>
  <node id='-194274' action='modify' lat='40.39700090781' lon='99.76704346907'>
    <tag k='gpx:ele' v='1150.05' />
  </node>
  <node id='-194275' action='modify' lat='40.39704429322' lon='99.76694804075'>
    <tag k='gpx:ele' v='1150.02' />
  </node>
  <node id='-194276' action='modify' lat='40.39708061891' lon='99.76687951279'>
    <tag k='gpx:ele' v='1150.05' />
  </node>
  <node id='-194277' action='modify' lat='40.39713187863' lon='99.7667944749'>
    <tag k='gpx:ele' v='1150.07' />
  </node>
  <node id='-194278' action='modify' lat='40.39717552651' lon='99.76672950588'>
    <tag k='gpx:ele' v='1150.05' />
  </node>
  <node id='-194279' action='modify' lat='40.39721795071' lon='99.76665276204'>
    <tag k='gpx:ele' v='1150.08' />
  </node>
  <node id='-194280' action='modify' lat='40.39726135248' lon='99.76658755932'>
    <tag k='gpx:ele' v='1150.17' />
  </node>
  <node id='-194281' action='modify' lat='40.39727857093' lon='99.76655639171'>
    <tag k='gpx:ele' v='1150.18' />
  </node>
  <node id='-194282' action='modify' lat='40.39729212014' lon='99.76651955126'>
    <tag k='gpx:ele' v='1150.17' />
  </node>
  <node id='-194283' action='modify' lat='40.39729910451' lon='99.76648474772'>
    <tag k='gpx:ele' v='1150.16' />
  </node>
  <node id='-194284' action='modify' lat='40.39729858448' lon='99.76645289586'>
    <tag k='gpx:ele' v='1150.12' />
  </node>
  <node id='-194285' action='modify' lat='40.39540300375' lon='99.76751897254'>
    <tag k='gpx:ele' v='1149.83' />
  </node>
  <node id='-194286' action='modify' lat='40.39725847877' lon='99.76644696565'>
    <tag k='gpx:ele' v='1150.19' />
  </node>
  <node id='-194287' action='modify' lat='40.39556870352' lon='99.76761808068'>
    <tag k='gpx:ele' v='1149.86' />
  </node>
  <node id='-194288' action='modify' lat='40.39562535351' lon='99.76765492562'>
    <tag k='gpx:ele' v='1149.81' />
  </node>
  <node id='-194289' action='modify' lat='40.39577492277' lon='99.76772986407'>
    <tag k='gpx:ele' v='1149.95' />
  </node>
  <node id='-194290' action='modify' lat='40.39588605057' lon='99.76778411229'>
    <tag k='gpx:ele' v='1150.12' />
  </node>
  <node id='-194291' action='modify' lat='40.39594286461' lon='99.76782700849'>
    <tag k='gpx:ele' v='1150.14' />
  </node>
  <node id='-194292' action='modify' lat='40.39605461634' lon='99.767933309'>
    <tag k='gpx:ele' v='1150.12' />
  </node>
  <node id='-194293' action='modify' lat='40.39613860125' lon='99.76802001946'>
    <tag k='gpx:ele' v='1150.26' />
  </node>
  <node id='-194294' action='modify' lat='40.3961638971' lon='99.76804919017'>
    <tag k='gpx:ele' v='1150.19' />
  </node>
  <node id='-194295' action='modify' lat='40.39618089097' lon='99.76806349396'>
    <tag k='gpx:ele' v='1150.17' />
  </node>
  <node id='-194296' action='modify' lat='40.39619635974' lon='99.76806950155'>
    <tag k='gpx:ele' v='1150.2' />
  </node>
  <node id='-194297' action='modify' lat='40.39621858248' lon='99.76807350662'>
    <tag k='gpx:ele' v='1150.18' />
  </node>
  <node id='-194298' action='modify' lat='40.396264686' lon='99.76807664689'>
    <tag k='gpx:ele' v='1150.17' />
  </node>
  <node id='-194299' action='modify' lat='40.39628956306' lon='99.76807588729'>
    <tag k='gpx:ele' v='1150.2' />
  </node>
  <node id='-194300' action='modify' lat='40.39630668226' lon='99.76807282385'>
    <tag k='gpx:ele' v='1150.23' />
  </node>
  <node id='-194301' action='modify' lat='40.3963619753' lon='99.7680554903'>
    <tag k='gpx:ele' v='1150.24' />
  </node>
  <node id='-194302' action='modify' lat='40.39639090897' lon='99.76804196286'>
    <tag k='gpx:ele' v='1150.34' />
  </node>
  <node id='-194303' action='modify' lat='40.39641060381' lon='99.76802932151'>
    <tag k='gpx:ele' v='1150.35' />
  </node>
  <node id='-194304' action='modify' lat='40.39643579869' lon='99.76800799496'>
    <tag k='gpx:ele' v='1150.42' />
  </node>
  <node id='-194305' action='modify' lat='40.39645802135' lon='99.76798396459'>
    <tag k='gpx:ele' v='1150.4' />
  </node>
  <node id='-194306' action='modify' lat='40.39647762958' lon='99.76796222282'>
    <tag k='gpx:ele' v='1150.43' />
  </node>
  <node id='-194307' action='modify' lat='40.39650429872' lon='99.76792963356'>
    <tag k='gpx:ele' v='1150.52' />
  </node>
  <node id='-194308' action='modify' lat='40.39652904666' lon='99.7679032912'>
    <tag k='gpx:ele' v='1150.56' />
  </node>
  <node id='-194309' action='modify' lat='40.39655388373' lon='99.76787296716'>
    <tag k='gpx:ele' v='1150.61' />
  </node>
  <node id='-194310' action='modify' lat='40.39657460672' lon='99.76784299404'>
    <tag k='gpx:ele' v='1150.55' />
  </node>
  <node id='-194311' action='modify' lat='40.39662014894' lon='99.76775586118'>
    <tag k='gpx:ele' v='1150.66' />
  </node>
  <node id='-194312' action='modify' lat='40.39665015776' lon='99.76770243329'>
    <tag k='gpx:ele' v='1150.68' />
  </node>
  <node id='-194313' action='modify' lat='40.39676208851' lon='99.76751999412'>
    <tag k='gpx:ele' v='1150.69' />
  </node>
  <node id='-194314' action='modify' lat='40.39684548846' lon='99.76738842515'>
    <tag k='gpx:ele' v='1150.48' />
  </node>
  <node id='-194315' action='modify' lat='40.3969059276' lon='99.76727453571'>
    <tag k='gpx:ele' v='1150.32' />
  </node>
  <node id='-194316' action='modify' lat='40.39691840053' lon='99.76724506262'>
    <tag k='gpx:ele' v='1150.25' />
  </node>
  <node id='-194317' action='modify' lat='40.39692528491' lon='99.76722199544'>
    <tag k='gpx:ele' v='1150.24' />
  </node>
  <node id='-194318' action='modify' lat='40.39693019404' lon='99.76719763505'>
    <tag k='gpx:ele' v='1150.17' />
  </node>
  <node id='-194319' action='modify' lat='40.39694774314' lon='99.76708598642'>
    <tag k='gpx:ele' v='1150.18' />
  </node>
  <node id='-194320' action='modify' lat='40.39695459262' lon='99.76706060966'>
    <tag k='gpx:ele' v='1150.14' />
  </node>
  <node id='-194321' action='modify' lat='40.39696927006' lon='99.76702101225'>
    <tag k='gpx:ele' v='1150.05' />
  </node>
  <node id='-194322' action='modify' lat='40.39701408458' lon='99.76692244057'>
    <tag k='gpx:ele' v='1150.02' />
  </node>
  <node id='-194323' action='modify' lat='40.39705175885' lon='99.76685136853'>
    <tag k='gpx:ele' v='1150.05' />
  </node>
  <node id='-194324' action='modify' lat='40.39710429905' lon='99.76676420642'>
    <tag k='gpx:ele' v='1150.07' />
  </node>
  <node id='-194325' action='modify' lat='40.39714745112' lon='99.76669997544'>
    <tag k='gpx:ele' v='1150.05' />
  </node>
  <node id='-194326' action='modify' lat='40.39718982686' lon='99.76662331928'>
    <tag k='gpx:ele' v='1150.08' />
  </node>
  <node id='-194327' action='modify' lat='40.39723322504' lon='99.766558122'>
    <tag k='gpx:ele' v='1150.17' />
  </node>
  <node id='-194328' action='modify' lat='40.39724760655' lon='99.76653208961'>
    <tag k='gpx:ele' v='1150.18' />
  </node>
  <node id='-194329' action='modify' lat='40.39725825733' lon='99.76650313005'>
    <tag k='gpx:ele' v='1150.17' />
  </node>
  <node id='-194330' action='modify' lat='40.39726307295' lon='99.7664791336'>
    <tag k='gpx:ele' v='1150.16' />
  </node>
  <node id='-194331' action='modify' lat='40.39726279298' lon='99.76646198546'>
    <tag k='gpx:ele' v='1150.12' />
  </node>
  <node id='-194332' action='modify' lat='40.39699785883' lon='99.76687916596'>
    <tag k='gpx:ele' v='1151.87' />
  </node>
  <node id='-194333' action='modify' lat='40.39697628974' lon='99.76692144087'>
    <tag k='gpx:ele' v='1151.84' />
  </node>
  <node id='-194334' action='modify' lat='40.39695926198' lon='99.7669575767'>
    <tag k='gpx:ele' v='1151.86' />
  </node>
  <node id='-194335' action='modify' lat='40.39693283094' lon='99.76701133377'>
    <tag k='gpx:ele' v='1151.88' />
  </node>
  <node id='-194336' action='modify' lat='40.39690254529' lon='99.76706073909'>
    <tag k='gpx:ele' v='1151.87' />
  </node>
  <node id='-194337' action='modify' lat='40.39687679386' lon='99.76712079259'>
    <tag k='gpx:ele' v='1151.87' />
  </node>
  <node id='-194338' action='modify' lat='40.39685292299' lon='99.76717138992'>
    <tag k='gpx:ele' v='1151.88' />
  </node>
  <node id='-194339' action='modify' lat='40.39679429335' lon='99.76736792453'>
    <tag k='gpx:ele' v='1151.97' />
  </node>
  <node id='-194340' action='modify' lat='40.39677401757' lon='99.7674140823'>
    <tag k='gpx:ele' v='1151.97' />
  </node>
  <node id='-194341' action='modify' lat='40.39674884199' lon='99.7674597251'>
    <tag k='gpx:ele' v='1151.99' />
  </node>
  <node id='-194342' action='modify' lat='40.39659071814' lon='99.76771721267'>
    <tag k='gpx:ele' v='1152.03' />
  </node>
  <node id='-194343' action='modify' lat='40.39653113492' lon='99.76781392737'>
    <tag k='gpx:ele' v='1151.98' />
  </node>
  <node id='-194344' action='modify' lat='40.39650527779' lon='99.76783992192'>
    <tag k='gpx:ele' v='1151.98' />
  </node>
  <node id='-194345' action='modify' lat='40.39648552158' lon='99.7678602237'>
    <tag k='gpx:ele' v='1151.94' />
  </node>
  <node id='-194346' action='modify' lat='40.39646528048' lon='99.76787923373'>
    <tag k='gpx:ele' v='1151.93' />
  </node>
  <node id='-194347' action='modify' lat='40.39642376814' lon='99.76791340857'>
    <tag k='gpx:ele' v='1151.96' />
  </node>
  <node id='-194348' action='modify' lat='40.39636208206' lon='99.76797411708'>
    <tag k='gpx:ele' v='1151.95' />
  </node>
  <node id='-194349' action='modify' lat='40.39633737655' lon='99.76798797628'>
    <tag k='gpx:ele' v='1151.98' />
  </node>
  <node id='-194350' action='modify' lat='40.39631839843' lon='99.76799454564'>
    <tag k='gpx:ele' v='1151.99' />
  </node>
  <node id='-194351' action='modify' lat='40.39627989035' lon='99.76799445629'>
    <tag k='gpx:ele' v='1151.95' />
  </node>
  <node id='-194352' action='modify' lat='40.39624028539' lon='99.76798662634'>
    <tag k='gpx:ele' v='1151.98' />
  </node>
  <node id='-194353' action='modify' lat='40.39620583509' lon='99.76797003246'>
    <tag k='gpx:ele' v='1151.98' />
  </node>
  <node id='-194354' action='modify' lat='40.39617015601' lon='99.76794418617'>
    <tag k='gpx:ele' v='1151.96' />
  </node>
  <node id='-194355' action='modify' lat='40.39614000454' lon='99.76791724832'>
    <tag k='gpx:ele' v='1151.97' />
  </node>
  <node id='-194356' action='modify' lat='40.39600886693' lon='99.76777445169'>
    <tag k='gpx:ele' v='1151.92' />
  </node>
  <node id='-194357' action='modify' lat='40.39596600513' lon='99.76773158986'>
    <tag k='gpx:ele' v='1151.95' />
  </node>
  <node id='-194358' action='modify' lat='40.39585035512' lon='99.76760742132'>
    <tag k='gpx:ele' v='1151.77' />
  </node>
  <node id='-194359' action='modify' lat='40.3958216829' lon='99.76758042337'>
    <tag k='gpx:ele' v='1151.76' />
  </node>
  <node id='-194360' action='modify' lat='40.39579100599' lon='99.76755594486'>
    <tag k='gpx:ele' v='1151.77' />
  </node>
  <node id='-194361' action='modify' lat='40.39573661194' lon='99.76751981897'>
    <tag k='gpx:ele' v='1151.74' />
  </node>
  <node id='-194362' action='modify' lat='40.39568033607' lon='99.76748796659'>
    <tag k='gpx:ele' v='1151.79' />
  </node>
  <node id='-194363' action='modify' lat='40.39560636868' lon='99.76744988631'>
    <tag k='gpx:ele' v='1151.83' />
  </node>
  <node id='-194364' action='modify' lat='40.39556634729' lon='99.76742583498'>
    <tag k='gpx:ele' v='1151.87' />
  </node>
  <node id='-194365' action='modify' lat='40.39548775782' lon='99.76736562606'>
    <tag k='gpx:ele' v='1151.91' />
  </node>
  <node id='-194366' action='modify' lat='40.39544419218' lon='99.7673326565'>
    <tag k='gpx:ele' v='1151.93' />
  </node>
  <node id='-194367' action='modify' lat='40.39701921386' lon='99.76690199328'>
    <tag k='gpx:ele' v='1151.87' />
  </node>
  <node id='-194368' action='modify' lat='40.39700094782' lon='99.76694141339'>
    <tag k='gpx:ele' v='1151.84' />
  </node>
  <node id='-194369' action='modify' lat='40.39698495217' lon='99.76697792355'>
    <tag k='gpx:ele' v='1151.86' />
  </node>
  <node id='-194370' action='modify' lat='40.39695916719' lon='99.76703399006'>
    <tag k='gpx:ele' v='1151.88' />
  </node>
  <node id='-194371' action='modify' lat='40.39693239817' lon='99.76708728533'>
    <tag k='gpx:ele' v='1151.87' />
  </node>
  <node id='-194372' action='modify' lat='40.39690773518' lon='99.76714480058'>
    <tag k='gpx:ele' v='1151.87' />
  </node>
  <node id='-194373' action='modify' lat='40.39688518853' lon='99.76719259105'>
    <tag k='gpx:ele' v='1151.88' />
  </node>
  <node id='-194374' action='modify' lat='40.39682676638' lon='99.76738843028'>
    <tag k='gpx:ele' v='1151.97' />
  </node>
  <node id='-194375' action='modify' lat='40.39680421188' lon='99.7674397756'>
    <tag k='gpx:ele' v='1151.97' />
  </node>
  <node id='-194376' action='modify' lat='40.39677739726' lon='99.76748838992'>
    <tag k='gpx:ele' v='1151.99' />
  </node>
  <node id='-194377' action='modify' lat='40.39661867174' lon='99.76774685737'>
    <tag k='gpx:ele' v='1152.03' />
  </node>
  <node id='-194378' action='modify' lat='40.39655637804' lon='99.76784797172'>
    <tag k='gpx:ele' v='1151.98' />
  </node>
  <node id='-194379' action='modify' lat='40.39652727277' lon='99.76787723168'>
    <tag k='gpx:ele' v='1151.98' />
  </node>
  <node id='-194380' action='modify' lat='40.39650705618' lon='99.76789800655'>
    <tag k='gpx:ele' v='1151.94' />
  </node>
  <node id='-194381' action='modify' lat='40.3964852945' lon='99.76791844471'>
    <tag k='gpx:ele' v='1151.93' />
  </node>
  <node id='-194382' action='modify' lat='40.39644412196' lon='99.76795233981'>
    <tag k='gpx:ele' v='1151.96' />
  </node>
  <node id='-194383' action='modify' lat='40.39638017368' lon='99.7680152747'>
    <tag k='gpx:ele' v='1151.95' />
  </node>
  <node id='-194384' action='modify' lat='40.39634907703' lon='99.76803271917'>
    <tag k='gpx:ele' v='1151.98' />
  </node>
  <node id='-194385' action='modify' lat='40.39632302395' lon='99.76804173755'>
    <tag k='gpx:ele' v='1151.99' />
  </node>
  <node id='-194386' action='modify' lat='40.39627716887' lon='99.76804163116'>
    <tag k='gpx:ele' v='1151.95' />
  </node>
  <node id='-194387' action='modify' lat='40.3962313319' lon='99.76803256913'>
    <tag k='gpx:ele' v='1151.98' />
  </node>
  <node id='-194388' action='modify' lat='40.39619088213' lon='99.76801308546'>
    <tag k='gpx:ele' v='1151.98' />
  </node>
  <node id='-194389' action='modify' lat='40.39615132964' lon='99.76798443324'>
    <tag k='gpx:ele' v='1151.96' />
  </node>
  <node id='-194390' action='modify' lat='40.39611838056' lon='99.76795499596'>
    <tag k='gpx:ele' v='1151.97' />
  </node>
  <node id='-194391' action='modify' lat='40.39598650327' lon='99.76781139394'>
    <tag k='gpx:ele' v='1151.92' />
  </node>
  <node id='-194392' action='modify' lat='40.3959437404' lon='99.76776863104'>
    <tag k='gpx:ele' v='1151.95' />
  </node>
  <node id='-194393' action='modify' lat='40.39582849053' lon='99.76764489216'>
    <tag k='gpx:ele' v='1151.77' />
  </node>
  <node id='-194394' action='modify' lat='40.39580185389' lon='99.76761981093'>
    <tag k='gpx:ele' v='1151.76' />
  </node>
  <node id='-194395' action='modify' lat='40.39577354005' lon='99.76759721803'>
    <tag k='gpx:ele' v='1151.77' />
  </node>
  <node id='-194396' action='modify' lat='40.39572137653' lon='99.76756257356'>
    <tag k='gpx:ele' v='1151.74' />
  </node>
  <node id='-194397' action='modify' lat='40.39566666211' lon='99.76753160498'>
    <tag k='gpx:ele' v='1151.79' />
  </node>
  <node id='-194398' action='modify' lat='40.39559232263' lon='99.76749333315'>
    <tag k='gpx:ele' v='1151.83' />
  </node>
  <node id='-194399' action='modify' lat='40.39554977552' lon='99.76746776395'>
    <tag k='gpx:ele' v='1151.87' />
  </node>
  <node id='-194400' action='modify' lat='40.39547036928' lon='99.76740692931'>
    <tag k='gpx:ele' v='1151.91' />
  </node>
  <node id='-194401' action='modify' lat='40.39543327942' lon='99.76737718852'>
    <tag k='gpx:ele' v='1151.93' />
  </node>
  <node id='-194402' action='modify' lat='40.39712731258' lon='99.76668689611' />
  <node id='-194403' action='modify' lat='40.39720138733' lon='99.76656559995' />
  <node id='-194404' action='modify' lat='40.3972336316' lon='99.7665141063' />
  <node id='-194405' action='modify' lat='40.39709768223' lon='99.7666737372' />
  <node id='-194406' action='modify' lat='40.39717916448' lon='99.76653928155' />
  <node id='-194407' action='modify' lat='40.39721358743' lon='99.7664900765' />
  <node id='-194408' action='modify' lat='40.40292191845' lon='99.77790738752' />
  <node id='-194409' action='modify' lat='40.40213795926' lon='99.77849404904' />
  <node id='-194410' action='modify' lat='40.40258506917' lon='99.77853750923' />
  <node id='-194411' action='modify' lat='40.40266876197' lon='99.7786276692' />
  <node id='-194412' action='modify' lat='40.40272246046' lon='99.77868859502' />
  <node id='-194413' action='modify' lat='40.40253531498' lon='99.77848864774' />
  <node id='-194414' action='modify' lat='40.40251647261' lon='99.77852556231' />
  <node id='-194415' action='modify' lat='40.40255510092' lon='99.77856532238' />
  <node id='-194416' action='modify' lat='40.40260240569' lon='99.77861633694' />
  <node id='-194417' action='modify' lat='40.40264971042' lon='99.77866700446' />
  <node id='-194418' action='modify' lat='40.40246169988' lon='99.77826832007' />
  <node id='-194419' action='modify' lat='40.40244941106' lon='99.77829415471' />
  <node id='-194420' action='modify' lat='40.4024445163' lon='99.77831542476' />
  <node id='-194421' action='modify' lat='40.40244226096' lon='99.77833728472' />
  <node id='-194422' action='modify' lat='40.402423896' lon='99.77826860214' />
  <node id='-194423' action='modify' lat='40.40241304897' lon='99.77830371896' />
  <node id='-194424' action='modify' lat='40.40240961226' lon='99.77831937352' />
  <node id='-194425' action='modify' lat='40.40240719565' lon='99.7783509649' />
  <node id='-194426' action='modify' lat='40.40241895567' lon='99.77841365362' />
  <node id='-194427' action='modify' lat='40.40244967148' lon='99.77845673869' />
  <node id='-194428' action='modify' lat='40.4024732989' lon='99.77848071413' />
  <node id='-194429' action='modify' lat='40.40245590042' lon='99.77840342873' />
  <node id='-194430' action='modify' lat='40.4024747486' lon='99.7784263465' />
  <node id='-194431' action='modify' lat='40.40246419679' lon='99.77841421779' />
  <node id='-194432' action='modify' lat='40.40244312014' lon='99.77836168326' />
  <node id='-194433' action='modify' lat='40.40251215642' lon='99.77811981288' />
  <node id='-194434' action='modify' lat='40.40252093043' lon='99.77817429316' />
  <node id='-194435' action='modify' lat='40.40245877338' lon='99.77820457678' />
  <node id='-194436' action='modify' lat='40.40247759501' lon='99.77824293389' />
  <node id='-194437' action='modify' lat='40.4027276435' lon='99.77859560004' />
  <node id='-194438' action='modify' lat='40.40271126755' lon='99.77863067379' />
  <node id='-194439' action='modify' lat='40.4024074642' lon='99.77836168326' />
  <node id='-194440' action='modify' lat='40.40243399147' lon='99.77843812246' />
  <node id='-194441' action='modify' lat='40.40244720124' lon='99.77838354322' />
  <node id='-194442' action='modify' lat='40.40245949815' lon='99.7784083297' />
  <node id='-194443' action='modify' lat='40.40240751784' lon='99.77833488725' />
  <node id='-194444' action='modify' lat='40.40241100831' lon='99.77838678696' />
  <node id='-194445' action='modify' lat='40.40242539968' lon='99.77842542958' />
  <node id='-194446' action='modify' lat='40.40241514306' lon='99.77840455706' />
  <node id='-194447' action='modify' lat='40.40240886031' lon='99.77837451724' />
  <node id='-194448' action='modify' lat='40.40227762068' lon='99.77853233184' />
  <node id='-194449' action='modify' lat='40.40230146296' lon='99.77853571661' />
  <node id='-194450' action='modify' lat='40.40232552002' lon='99.77853543455' />
  <node id='-194451' action='modify' lat='40.4023437776' lon='99.77853317803' />
  <node id='-194452' action='modify' lat='40.40235967243' lon='99.77852838295' />
  <node id='-194453' action='modify' lat='40.40237363411' lon='99.77852358786' />
  <node id='-194454' action='modify' lat='40.40239038811' lon='99.778515408' />
  <node id='-194455' action='modify' lat='40.40241036404' lon='99.77850638195' />
  <node id='-194456' action='modify' lat='40.40243313229' lon='99.77849735591' />
  <node id='-194457' action='modify' lat='40.40245976684' lon='99.7784942532' />
  <node id='-194458' action='modify' lat='40.40248640137' lon='99.7785013048' />
  <node id='-194459' action='modify' lat='40.40228384975' lon='99.77849002224' />
  <node id='-194460' action='modify' lat='40.40230661804' lon='99.77849397114' />
  <node id='-194461' action='modify' lat='40.40232745317' lon='99.77849256082' />
  <node id='-194462' action='modify' lat='40.40234334801' lon='99.77849030431' />
  <node id='-194463' action='modify' lat='40.40235773928' lon='99.77848550922' />
  <node id='-194464' action='modify' lat='40.40237019739' lon='99.77848156032' />
  <node id='-194465' action='modify' lat='40.40238158152' lon='99.77847507285' />
  <node id='-194466' action='modify' lat='40.40239425442' lon='99.77846717506' />
  <node id='-194467' action='modify' lat='40.40241079363' lon='99.77845955933' />
  <node id='-194468' action='modify' lat='40.40242797721' lon='99.77845335392' />
  <node id='-194469' action='modify' lat='40.40245074546' lon='99.7784488409' />
  <node id='-194470' action='modify' lat='40.40247866877' lon='99.77845222566' />
  <node id='-194471' action='modify' lat='40.40249757069' lon='99.77845814901' />
  <node id='-194472' action='modify' lat='40.40251475426' lon='99.77847055982' />
  <node id='-194473' action='modify' lat='40.40260826138' lon='99.77796682651' />
  <node id='-194474' action='modify' lat='40.40243394461' lon='99.77823835189' />
  <node id='-194475' action='modify' lat='40.40252886589' lon='99.77808842046'>
    <tag k='gpx:ele' v='1150.54' />
  </node>
  <node id='-194476' action='modify' lat='40.40249334478' lon='99.77814405598' />
  <node id='-194477' action='modify' lat='40.40247098151' lon='99.77817939484'>
    <tag k='gpx:ele' v='1150.62' />
  </node>
  <node id='-194478' action='modify' lat='40.40244987219' lon='99.77821291389' />
  <node id='-194479' action='modify' lat='40.40284247364' lon='99.77887057968' />
  <node id='-194480' action='modify' lat='40.40304498217' lon='99.77908444498' />
  <node id='-194497' action='modify' lat='40.40304925318' lon='99.77948591933' />
  <node id='-194498' action='modify' lat='40.40212519995' lon='99.78097972608' />
  <node id='-194499' action='modify' lat='40.40206757927' lon='99.78108199596' />
  <node id='-194500' action='modify' lat='40.40205343701' lon='99.78111922453' />
  <node id='-194501' action='modify' lat='40.40205074034' lon='99.78112933033' />
  <node id='-194502' action='modify' lat='40.40204718818' lon='99.78114410098' />
  <node id='-194503' action='modify' lat='40.402043702' lon='99.78116820005' />
  <node id='-194504' action='modify' lat='40.40204232068' lon='99.78119083072' />
  <node id='-194505' action='modify' lat='40.40204232088' lon='99.78121605242' />
  <node id='-194506' action='modify' lat='40.40204475443' lon='99.78123082308' />
  <node id='-194507' action='modify' lat='40.40204784615' lon='99.78124542046' />
  <node id='-194508' action='modify' lat='40.40206247505' lon='99.78127376706' />
  <node id='-194509' action='modify' lat='40.40207578868' lon='99.78129796083' />
  <node id='-194510' action='modify' lat='40.40208883335' lon='99.78131932904' />
  <node id='-194511' action='modify' lat='40.40210658498' lon='99.78134581839' />
  <node id='-194512' action='modify' lat='40.4032688222' lon='99.7825899074' />
  <node id='-194513' action='modify' lat='40.40473618275' lon='99.78414203692' />
  <node id='-194514' action='modify' lat='40.40475345247' lon='99.7841497017' />
  <node id='-194515' action='modify' lat='40.40477419652' lon='99.78415628501' />
  <node id='-194516' action='modify' lat='40.40479881383' lon='99.78416033777' />
  <node id='-194517' action='modify' lat='40.40482445079' lon='99.78416171899' />
  <node id='-194518' action='modify' lat='40.4048529801' lon='99.7841631002' />
  <node id='-194519' action='modify' lat='40.40488269265' lon='99.78416448141' />
  <node id='-194520' action='modify' lat='40.40490491132' lon='99.78416845241' />
  <node id='-194521' action='modify' lat='40.40492634115' lon='99.78417604908' />
  <node id='-194522' action='modify' lat='40.4049504004' lon='99.78419193305' />
  <node id='-194523' action='modify' lat='40.40497708907' lon='99.78421955734' />
  <node id='-194524' action='modify' lat='40.40603697622' lon='99.78534243472' />
  <node id='-194525' action='modify' lat='40.40692290016' lon='99.78627795555' />
  <node id='-194526' action='modify' lat='40.40809406678' lon='99.78750668647' />
  <node id='-194527' action='modify' lat='40.40813190439' lon='99.78755641057' />
  <node id='-194528' action='modify' lat='40.4081393034' lon='99.78757269013' />
  <node id='-194529' action='modify' lat='40.40814593343' lon='99.7876018257' />
  <node id='-194530' action='modify' lat='40.40814251006' lon='99.78763304869' />
  <node id='-194531' action='modify' lat='40.40813458254' lon='99.78765526778' />
  <node id='-194532' action='modify' lat='40.40812837397' lon='99.78766776288' />
  <node id='-194533' action='modify' lat='40.40811807216' lon='99.78768546527' />
  <node id='-194534' action='modify' lat='40.40809513746' lon='99.78772373454' />
  <node id='-194535' action='modify' lat='40.40808242773' lon='99.78774443286' />
  <node id='-194536' action='modify' lat='40.40788705529' lon='99.78805664907' />
  <node id='-194537' action='modify' lat='40.40212944662' lon='99.78137937197' />
  <node id='-194538' action='modify' lat='40.40791699235' lon='99.78808378393' />
  <node id='-194539' action='modify' lat='40.40306706967' lon='99.77904721918' />
  <node id='-194556' action='modify' lat='40.40307619135' lon='99.77951792734' />
  <node id='-194557' action='modify' lat='40.4021433544' lon='99.78100943962' />
  <node id='-194558' action='modify' lat='40.40209407811' lon='99.78111059158' />
  <node id='-194559' action='modify' lat='40.40208681613' lon='99.78113072362' />
  <node id='-194560' action='modify' lat='40.40207968225' lon='99.78115420678' />
  <node id='-194561' action='modify' lat='40.40207705117' lon='99.78116768153' />
  <node id='-194562' action='modify' lat='40.40207599874' lon='99.78118184729' />
  <node id='-194563' action='modify' lat='40.4020756542' lon='99.78119006016' />
  <node id='-194564' action='modify' lat='40.40207626184' lon='99.78120188666' />
  <node id='-194565' action='modify' lat='40.40207807486' lon='99.78121496031' />
  <node id='-194566' action='modify' lat='40.40208036104' lon='99.78122785188' />
  <node id='-194567' action='modify' lat='40.40208681613' lon='99.78125098607' />
  <node id='-194568' action='modify' lat='40.40209784358' lon='99.78127076491' />
  <node id='-194569' action='modify' lat='40.40211290546' lon='99.78129354591' />
  <node id='-194570' action='modify' lat='40.40213401911' lon='99.78132462677' />
  <node id='-194571' action='modify' lat='40.40264248969' lon='99.78186466007' />
  <node id='-194572' action='modify' lat='40.40336733286' lon='99.78263250311' />
  <node id='-194573' action='modify' lat='40.40472834502' lon='99.78408333507' />
  <node id='-194574' action='modify' lat='40.40475901773' lon='99.78410285263' />
  <node id='-194575' action='modify' lat='40.40478683615' lon='99.78411047012' />
  <node id='-194576' action='modify' lat='40.40480478892' lon='99.78411340347' />
  <node id='-194577' action='modify' lat='40.40483461374' lon='99.78411580932' />
  <node id='-194578' action='modify' lat='40.40485582832' lon='99.78411683292' />
  <node id='-194579' action='modify' lat='40.40489200262' lon='99.78411901323' />
  <node id='-194580' action='modify' lat='40.40491905461' lon='99.78412438451' />
  <node id='-194581' action='modify' lat='40.40494175549' lon='99.78413301536' />
  <node id='-194582' action='modify' lat='40.40496886314' lon='99.78415133361' />
  <node id='-194583' action='modify' lat='40.40536767124' lon='99.78457153637' />
  <node id='-194584' action='modify' lat='40.40599378188' lon='99.7852348339' />
  <node id='-194585' action='modify' lat='40.40698127898' lon='99.78627755018' />
  <node id='-194586' action='modify' lat='40.40813267977' lon='99.78748556075' />
  <node id='-194587' action='modify' lat='40.40815917016' lon='99.78751823116' />
  <node id='-194588' action='modify' lat='40.40817181024' lon='99.78753889299' />
  <node id='-194589' action='modify' lat='40.40818579501' lon='99.78759310822' />
  <node id='-194590' action='modify' lat='40.40818270223' lon='99.7876275446' />
  <node id='-194591' action='modify' lat='40.40817315493' lon='99.78766162779' />
  <node id='-194592' action='modify' lat='40.40816495233' lon='99.78767875769' />
  <node id='-194593' action='modify' lat='40.40815348171' lon='99.78770116356' />
  <node id='-194594' action='modify' lat='40.40813782097' lon='99.787729952' />
  <node id='-194595' action='modify' lat='40.40811184113' lon='99.78777134499' />
  <node id='-194596' action='modify' lat='40.40787743479' lon='99.78814594824' />
  <node id='-194597' action='modify' lat='40.40277761803' lon='99.77871003714' />
  <node id='-194598' action='modify' lat='40.40287434139' lon='99.77881484256' />
  <node id='-194599' action='modify' lat='40.40308864084' lon='99.77903893047' />
  <node id='-194616' action='modify' lat='40.40308517137' lon='99.77949790729' />
  <node id='-194617' action='modify' lat='40.40215848062' lon='99.78137003842' />
  <node id='-194618' action='modify' lat='40.40474324186' lon='99.78409536974' />
  <node id='-194619' action='modify' lat='40.4047538177' lon='99.78409723027' />
  <node id='-194620' action='modify' lat='40.40476544861' lon='99.7840978649' />
  <node id='-194621' action='modify' lat='40.40477932709' lon='99.7840984926' />
  <node id='-194622' action='modify' lat='40.40479990665' lon='99.78409858153' />
  <node id='-194623' action='modify' lat='40.40482178747' lon='99.78409917869' />
  <node id='-194624' action='modify' lat='40.40483606712' lon='99.78410065305' />
  <node id='-194625' action='modify' lat='40.40485307847' lon='99.78410284477' />
  <node id='-194626' action='modify' lat='40.40488209123' lon='99.78411031827' />
  <node id='-194627' action='modify' lat='40.40492194592' lon='99.78413243941' />
  <node id='-194628' action='modify' lat='40.40495395597' lon='99.78416046049' />
  <node id='-194629' action='modify' lat='40.40499743569' lon='99.78420520056' />
  <node id='-194630' action='modify' lat='40.40598606623' lon='99.78525045319' />
  <node id='-194631' action='modify' lat='40.40695909121' lon='99.78626395223' />
  <node id='-194632' action='modify' lat='40.40805828751' lon='99.78742307359' />
  <node id='-194633' action='modify' lat='40.40814218487' lon='99.78751427148' />
  <node id='-194634' action='modify' lat='40.40816532271' lon='99.78754880184' />
  <node id='-194635' action='modify' lat='40.40817583991' lon='99.78758264159' />
  <node id='-194636' action='modify' lat='40.40817452526' lon='99.78763789017' />
  <node id='-194637' action='modify' lat='40.40816637443' lon='99.78766344263' />
  <node id='-194638' action='modify' lat='40.40816032704' lon='99.78767518296' />
  <node id='-194639' action='modify' lat='40.40814534003' lon='99.7877076415' />
  <node id='-194640' action='modify' lat='40.40812975214' lon='99.78773414404' />
  <node id='-194641' action='modify' lat='40.40810294822' lon='99.78777868247' />
  <node id='-194642' action='modify' lat='40.40817846921' lon='99.7876119924' />
  <node id='-194643' action='modify' lat='40.40799829123' lon='99.78794384022' />
  <node id='-194644' action='modify' lat='40.40817920603' lon='99.78755725906' />
  <node id='-194645' action='modify' lat='40.40812353252' lon='99.78748941081' />
  <node id='-194646' action='modify' lat='40.40786597184' lon='99.78721715233' />
  <node id='-194647' action='modify' lat='40.40764906018' lon='99.78699020671' />
  <node id='-194648' action='modify' lat='40.40721505694' lon='99.7865332624' />
  <node id='-194649' action='modify' lat='40.40648084221' lon='99.78576285862' />
  <node id='-194650' action='modify' lat='40.40533635983' lon='99.78456070962' />
  <node id='-194651' action='modify' lat='40.40546297602' lon='99.78469675524' />
  <node id='-194652' action='modify' lat='40.40509847364' lon='99.78430821421' />
  <node id='-194653' action='modify' lat='40.40489664613' lon='99.78411680861' />
  <node id='-194654' action='modify' lat='40.40486977518' lon='99.78410634728' />
  <node id='-194655' action='modify' lat='40.40473543244' lon='99.7840944292' />
  <node id='-194656' action='modify' lat='40.40463480276' lon='99.78401401546' />
  <node id='-194657' action='modify' lat='40.40461442461' lon='99.78399001686' />
  <node id='-194658' action='modify' lat='40.40448768553' lon='99.78385802455' />
  <node id='-194659' action='modify' lat='40.40401615892' lon='99.78335094613' />
  <node id='-194660' action='modify' lat='40.4043238057' lon='99.78368209177' />
  <node id='-194661' action='modify' lat='40.40439848205' lon='99.78376289281' />
  <node id='-194662' action='modify' lat='40.40422086225' lon='99.78357176778' />
  <node id='-194663' action='modify' lat='40.40384274566' lon='99.78315533164' />
  <node id='-194664' action='modify' lat='40.40370233186' lon='99.783007887' />
  <node id='-194665' action='modify' lat='40.40277727635' lon='99.78202342643' />
  <node id='-194666' action='modify' lat='40.40231438743' lon='99.78153451255' />
  <node id='-194667' action='modify' lat='40.40217434122' lon='99.78095789282' />
  <node id='-194668' action='modify' lat='40.40214215917' lon='99.78100578671' />
  <node id='-194669' action='modify' lat='40.40232489581' lon='99.78071569243' />
  <node id='-194670' action='modify' lat='40.40225415193' lon='99.78083122403' />
  <node id='-194671' action='modify' lat='40.40223274576' lon='99.78086453966' />
  <node id='-194672' action='modify' lat='40.40220631837' lon='99.78090791938' />
  <node id='-194673' action='modify' lat='40.40279999433' lon='99.77995295732' />
  <node id='-194674' action='modify' lat='40.40261773602' lon='99.78024688214' />
  <node id='-194675' action='modify' lat='40.40298758132' lon='99.77964783537' />
  <node id='-194677' action='modify' lat='40.40298401629' lon='99.77893132443' />
  <node id='-194678' action='modify' lat='40.40273546341' lon='99.77865979388' />
  <node id='-194679' action='modify' lat='40.40790700728' lon='99.78817267475' />
  <node id='-194680' action='modify' lat='40.40274511261' lon='99.77861425471' />
  <node id='-194681' action='modify' lat='40.40802754912' lon='99.78797109275' />
  <node id='-194682' action='modify' lat='40.4081322405' lon='99.78780588067' />
  <node id='-194683' action='modify' lat='40.40815976814' lon='99.78775956119' />
  <node id='-194684' action='modify' lat='40.40816847787' lon='99.78774493428' />
  <node id='-194685' action='modify' lat='40.4081766287' lon='99.78772835971' />
  <node id='-194686' action='modify' lat='40.40820292169' lon='99.78768726858' />
  <node id='-194687' action='modify' lat='40.40821580526' lon='99.78764030729' />
  <node id='-194688' action='modify' lat='40.40822027506' lon='99.78760197859' />
  <node id='-194689' action='modify' lat='40.40821685698' lon='99.78756848414' />
  <node id='-194690' action='modify' lat='40.40820501071' lon='99.78752826739' />
  <node id='-194691' action='modify' lat='40.4081818873' lon='99.78749838751' />
  <node id='-194692' action='modify' lat='40.40816532271' lon='99.78747456156' />
  <node id='-194693' action='modify' lat='40.40795129733' lon='99.78724493467' />
  <node id='-194694' action='modify' lat='40.40786899992' lon='99.78716033529' />
  <node id='-194695' action='modify' lat='40.40761500792' lon='99.7868930703' />
  <node id='-194696' action='modify' lat='40.40732367844' lon='99.7865860954' />
  <node id='-194697' action='modify' lat='40.4069624071' lon='99.78620695204' />
  <node id='-194698' action='modify' lat='40.40663145103' lon='99.78585786771' />
  <node id='-194699' action='modify' lat='40.40625563486' lon='99.78547318189' />
  <node id='-194700' action='modify' lat='40.40560906874' lon='99.78478913511' />
  <node id='-194701' action='modify' lat='40.40527355645' lon='99.78443899726' />
  <node id='-194702' action='modify' lat='40.40510737733' lon='99.7842608206' />
  <node id='-194703' action='modify' lat='40.40498432012' lon='99.78413029619' />
  <node id='-194704' action='modify' lat='40.40496091823' lon='99.78410819675' />
  <node id='-194705' action='modify' lat='40.40493620163' lon='99.78408920506' />
  <node id='-194706' action='modify' lat='40.40491884741' lon='99.78407850064' />
  <node id='-194707' action='modify' lat='40.40489544551' lon='99.78406641502' />
  <node id='-194708' action='modify' lat='40.40487651363' lon='99.78406019955' />
  <node id='-194709' action='modify' lat='40.40485311171' lon='99.78405502' />
  <node id='-194710' action='modify' lat='40.40483496864' lon='99.78405432939' />
  <node id='-194711' action='modify' lat='40.40481629968' lon='99.78405191227' />
  <node id='-194712' action='modify' lat='40.40480893727' lon='99.78405122166' />
  <node id='-194713' action='modify' lat='40.40480104898' lon='99.78405260287' />
  <node id='-194714' action='modify' lat='40.40479105714' lon='99.78405156696' />
  <node id='-194715' action='modify' lat='40.40476134455' lon='99.78405122166' />
  <node id='-194716' action='modify' lat='40.40472663602' lon='99.78404327968' />
  <node id='-194717' action='modify' lat='40.40469613457' lon='99.78402014434' />
  <node id='-194718' action='modify' lat='40.40217794238' lon='99.78132962526' />
  <node id='-194719' action='modify' lat='40.40219641813' lon='99.78098873977' />
  <node id='-194720' action='modify' lat='40.40221311259' lon='99.78096386216' />
  <node id='-194721' action='modify' lat='40.40222389367' lon='99.78094659698' />
  <node id='-194722' action='modify' lat='40.4022641255' lon='99.78088720476' />
  <node id='-194723' action='modify' lat='40.40228595061' lon='99.78085440092' />
  <node id='-194724' action='modify' lat='40.40231566429' lon='99.78080605842' />
  <node id='-194725' action='modify' lat='40.40253522958' lon='99.78045350344' />
  <node id='-194726' action='modify' lat='40.40283947521' lon='99.78000097642' />
  <node id='-194727' action='modify' lat='40.40302705156' lon='99.77969587159' />
  <node id='-194728' action='modify' lat='40.40312161939' lon='99.77954365303' />
  <node id='-194746' action='modify' lat='40.40310814357' lon='99.77900023203' />
  <node id='-194747' action='modify' lat='40.40300666538' lon='99.77889468766' />
  <node id='-194748' action='modify' lat='40.40289865435' lon='99.77877909766' />
  <node id='-194749' action='modify' lat='40.40277735376' lon='99.77864791738' />
  <node id='-194750' action='modify' lat='40.40275911901' lon='99.77862848326' />
  <node id='-194751' action='modify' lat='40.4046451235' lon='99.78396247863' />
  <node id='-194752' action='modify' lat='40.40223230818' lon='99.7813892762' />
  <node id='-194753' action='modify' lat='40.40459332356' lon='99.78390861127' />
  <node id='-194754' action='modify' lat='40.40447552455' lon='99.78378430198' />
  <node id='-194755' action='modify' lat='40.40442319859' lon='99.78372767219' />
  <node id='-194756' action='modify' lat='40.40435772534' lon='99.78365826616' />
  <node id='-194757' action='modify' lat='40.40426753518' lon='99.78356123585' />
  <node id='-194758' action='modify' lat='40.40410266831' lon='99.78338478571' />
  <node id='-194759' action='modify' lat='40.4039698805' lon='99.78323354273' />
  <node id='-194760' action='modify' lat='40.40372875821' lon='99.78297491034' />
  <node id='-194761' action='modify' lat='40.40277399038' lon='99.78195626368' />
  <node id='-194762' action='modify' lat='40.40234564091' lon='99.7815049529' />
  <node id='-194763' action='modify' lat='40.4046787803' lon='99.78400115264' />
  <node id='-194764' action='modify' lat='40.40228305812' lon='99.78144141704' />
  <node id='-194765' action='modify' lat='40.40392360191' lon='99.78328913661' />
  <node id='-194766' action='modify' lat='40.40339047475' lon='99.78271589512' />
  <node id='-194767' action='modify' lat='40.40345940772' lon='99.7827960526' />
  <node id='-194768' action='modify' lat='40.40278528191' lon='99.77875133464' />
  <node id='-194769' action='modify' lat='40.40784720183' lon='99.78812166525' />
  <node id='-194770' action='modify' lat='40.40787757599' lon='99.78814735158' />
  <node id='-194771' action='modify' lat='40.40814434529' lon='99.78759245568' />
  <node id='-194772' action='modify' lat='40.40814633113' lon='99.7876132658' />
  <node id='-194773' action='modify' lat='40.40813960462' lon='99.78764433089' />
  <node id='-194774' action='modify' lat='40.40814501516' lon='99.78762246751' />
  <node id='-194775' action='modify' lat='40.40818566054' lon='99.78760670618' />
  <node id='-194776' action='modify' lat='40.40817920603' lon='99.78764308512' />
  <node id='-194777' action='modify' lat='40.40818512267' lon='99.78757668471' />
  <node id='-194778' action='modify' lat='40.40804715756' lon='99.7874560689' />
  <node id='-194779' action='modify' lat='40.40806571417' lon='99.78741492201' />
  <node id='-194780' action='modify' lat='40.40215342217' lon='99.78129949726' />
  <node id='-194781' action='modify' lat='40.40213818789' lon='99.78127306067' />
  <node id='-194782' action='modify' lat='40.40212702596' lon='99.78125275204' />
  <node id='-194783' action='modify' lat='40.40211922606' lon='99.78122643911' />
  <node id='-194784' action='modify' lat='40.4021139813' lon='99.78120100916' />
  <node id='-194785' action='modify' lat='40.40211357786' lon='99.7811764622' />
  <node id='-194786' action='modify' lat='40.40211478819' lon='99.78115703655' />
  <node id='-194787' action='modify' lat='40.40211962951' lon='99.78113354917' />
  <node id='-194788' action='modify' lat='40.4021289087' lon='99.78110352771' />
  <node id='-194789' action='modify' lat='40.40213791892' lon='99.78108357227' />
  <node id='-194790' action='modify' lat='40.40216010828' lon='99.78104684013' />
  <node id='-194791' action='modify' lat='40.40212685058' lon='99.78133021327' />
  <node id='-194792' action='modify' lat='40.40211366887' lon='99.78130702524' />
  <node id='-194793' action='modify' lat='40.40209919735' lon='99.78127969564' />
  <node id='-194794' action='modify' lat='40.4020907101' lon='99.78125105124' />
  <node id='-194795' action='modify' lat='40.40208295046' lon='99.78121386214' />
  <node id='-194796' action='modify' lat='40.40208120138' lon='99.78118775783' />
  <node id='-194797' action='modify' lat='40.40208170307' lon='99.78116059772' />
  <node id='-194798' action='modify' lat='40.40208518557' lon='99.78113530557' />
  <node id='-194799' action='modify' lat='40.40209070943' lon='99.78111016606' />
  <node id='-194800' action='modify' lat='40.40210245831' lon='99.78107599054' />
  <node id='-194801' action='modify' lat='40.40211692697' lon='99.78104903675' />
  <node id='-194802' action='modify' lat='40.40814222732' lon='99.78758361488' />
  <node id='-194803' action='modify' lat='40.40335458334' lon='99.78258057328' />
  <node id='-194804' action='modify' lat='40.40093857236' lon='99.78101289469' />
  <node id='-194805' action='modify' lat='40.40089647432' lon='99.78108337798' />
  <node id='-194806' action='modify' lat='40.40088998644' lon='99.78109328638' />
  <node id='-194807' action='modify' lat='40.40087542529' lon='99.78112311121' />
  <node id='-194808' action='modify' lat='40.40086709562' lon='99.78114371137' />
  <node id='-194809' action='modify' lat='40.40086043432' lon='99.78116863793' />
  <node id='-194810' action='modify' lat='40.40086097145' lon='99.78119183219' />
  <node id='-194811' action='modify' lat='40.40087283152' lon='99.78121435929' />
  <node id='-194812' action='modify' lat='40.40089926079' lon='99.78124320795' />
  <node id='-194813' action='modify' lat='40.40091656457' lon='99.78126248488' />
  <node id='-194814' action='modify' lat='40.40093545793' lon='99.78128165936' />
  <node id='-194815' action='modify' lat='40.40094634948' lon='99.78129191145' />
  <node id='-194816' action='modify' lat='40.40095483583' lon='99.78129986175' />
  <node id='-194817' action='modify' lat='40.40096880453' lon='99.78131519525' />
  <node id='-194818' action='modify' lat='40.40101145479' lon='99.78135805518' />
  <node id='-194819' action='modify' lat='40.40117664455' lon='99.78153375334' />
  <node id='-194820' action='modify' lat='40.40147973869' lon='99.78184901903' />
  <node id='-194821' action='modify' lat='40.40146321626' lon='99.78188877029' />
  <node id='-194822' action='modify' lat='40.400916734' lon='99.78097385247' />
  <node id='-194823' action='modify' lat='40.40085411346' lon='99.78107760616' />
  <node id='-194824' action='modify' lat='40.40084549574' lon='99.78109487092' />
  <node id='-194825' action='modify' lat='40.40083901017' lon='99.78110675727' />
  <node id='-194826' action='modify' lat='40.40083442673' lon='99.78112166898' />
  <node id='-194827' action='modify' lat='40.40082984607' lon='99.78113905308' />
  <node id='-194828' action='modify' lat='40.40082411913' lon='99.78116274587' />
  <node id='-194829' action='modify' lat='40.40082321389' lon='99.78118898003' />
  <node id='-194830' action='modify' lat='40.40082909068' lon='99.78121778717' />
  <node id='-194831' action='modify' lat='40.40084298662' lon='99.78124196253' />
  <node id='-194832' action='modify' lat='40.40086069097' lon='99.78126442331' />
  <node id='-194833' action='modify' lat='40.40088410802' lon='99.78128929977' />
  <node id='-194834' action='modify' lat='40.40091226109' lon='99.78131728578' />
  <node id='-194835' action='modify' lat='40.40095052561' lon='99.78135645164' />
  <node id='-194836' action='modify' lat='40.40099829917' lon='99.78140366202' />
  <node id='-194837' action='modify' lat='40.40115959691' lon='99.78157295838' />
  <node id='-194838' action='modify' lat='40.40152698479' lon='99.78178988673' />
  <node id='-194839' action='modify' lat='40.40120276857' lon='99.78143995204' />
  <node id='-194840' action='modify' lat='40.40092883745' lon='99.78113762213' />
  <node id='-194841' action='modify' lat='40.40077096939' lon='99.78097281595' />
  <node id='-194842' action='modify' lat='40.40074886787' lon='99.780948285' />
  <node id='-194843' action='modify' lat='40.40072808191' lon='99.78092409956' />
  <node id='-194844' action='modify' lat='40.40071676829' lon='99.78090820592' />
  <node id='-194845' action='modify' lat='40.40070256016' lon='99.78088402048' />
  <node id='-194846' action='modify' lat='40.40069624543' lon='99.78085016085' />
  <node id='-194847' action='modify' lat='40.4007083484' lon='99.78075065537' />
  <node id='-194848' action='modify' lat='40.40150347311' lon='99.78182310673' />
  <node id='-194849' action='modify' lat='40.4006775641' lon='99.78072405138' />
  <node id='-194850' action='modify' lat='40.4011845825' lon='99.78148174646' />
  <node id='-194851' action='modify' lat='40.40089831611' lon='99.78116353546' />
  <node id='-194852' action='modify' lat='40.40074413209' lon='99.78100702073' />
  <node id='-194853' action='modify' lat='40.40071782075' lon='99.78098007124' />
  <node id='-194854' action='modify' lat='40.40068887825' lon='99.78094966668' />
  <node id='-194855' action='modify' lat='40.40066572425' lon='99.78090267782' />
  <node id='-194856' action='modify' lat='40.40065151611' lon='99.78083703161' />
  <node id='-194857' action='modify' lat='40.40065414725' lon='99.78077829553' />
  <node id='-194858' action='modify' lat='40.40069414053' lon='99.78080731807' />
  <node id='-194859' action='modify' lat='40.40468390756' lon='99.78410146351' />
  <node id='-194860' action='modify' lat='40.4047028395' lon='99.78406192624' />
  <node id='-194861' action='modify' lat='40.40471822163' lon='99.78408903266' />
  <node id='-194862' action='modify' lat='40.40470132751' lon='99.7840804864' />
  <node id='-194863' action='modify' lat='40.40468463059' lon='99.78406727854' />
  <node id='-194864' action='modify' lat='40.4045178584' lon='99.78388970616' />
  <node id='-194865' action='modify' lat='40.40379843909' lon='99.78310871565' />
  <node id='-194866' action='modify' lat='40.40393845826' lon='99.7832571962' />
  <node id='-194867' action='modify' lat='40.4040879432' lon='99.78343174717' />
  <node id='-194868' action='modify' lat='40.40328384981' lon='99.78256399905' />
  <node id='-194869' action='modify' lat='40.40405665302' lon='99.78343899803' />
  <node id='-194870' action='modify' lat='40.40378407579' lon='99.78313879489' />
  <node id='-194871' action='modify' lat='40.40363200294' lon='99.78297847995' />
  <node id='-194872' action='modify' lat='40.40280252067' lon='99.78203790157' />
  <node id='-194873' action='modify' lat='40.40299522974' lon='99.78223780918' />
  <node id='-194874' action='modify' lat='40.40209310077' lon='99.78103155203' />
  <node id='-194875' action='modify' lat='40.40082569694' lon='99.78120257767' />
  <node id='-194876' action='modify' lat='40.40089515876' lon='99.78099458285' />
  <node id='-194877' action='modify' lat='40.40087542529' lon='99.78100736659' />
  <node id='-194878' action='modify' lat='40.40085753361' lon='99.78100874861' />
  <node id='-194879' action='modify' lat='40.40084779843' lon='99.7810080576' />
  <node id='-194880' action='modify' lat='40.40083543212' lon='99.78100460254' />
  <node id='-194881' action='modify' lat='40.40081859288' lon='99.78099838342' />
  <node id='-194882' action='modify' lat='40.40079859628' lon='99.78098905475' />
  <node id='-194883' action='modify' lat='40.40078754553' lon='99.78098352665' />
  <node id='-194884' action='modify' lat='40.40075510484' lon='99.78101515293' />
  <node id='-194885' action='modify' lat='40.40091385695' lon='99.78103508415' />
  <node id='-194886' action='modify' lat='40.400884371' lon='99.78105729243' />
  <node id='-194887' action='modify' lat='40.40085700726' lon='99.78106333879' />
  <node id='-194888' action='modify' lat='40.40084161515' lon='99.78106264777' />
  <node id='-194889' action='modify' lat='40.40082175011' lon='99.78105781069' />
  <node id='-194890' action='modify' lat='40.40080714733' lon='99.78104934578' />
  <node id='-194891' action='modify' lat='40.40078767695' lon='99.78103898059' />
  <node id='-194892' action='modify' lat='40.40077333728' lon='99.78102878815' />
  <node id='-194893' action='modify' lat='40.40184314757' lon='99.77892569085' />
  <node id='-194894' action='modify' lat='40.40186367008' lon='99.77891498015' />
  <node id='-194895' action='modify' lat='40.40188840232' lon='99.77891498015' />
  <node id='-194896' action='modify' lat='40.40191287145' lon='99.77892361781' />
  <node id='-194897' action='modify' lat='40.4019412872' lon='99.77894227515' />
  <node id='-194898' action='modify' lat='40.4019654932' lon='99.77896749712' />
  <node id='-194899' action='modify' lat='40.40198496324' lon='99.77900239326' />
  <node id='-194900' action='modify' lat='40.40200285462' lon='99.77905041864' />
  <node id='-194901' action='modify' lat='40.40200995854' lon='99.77910155358' />
  <node id='-194902' action='modify' lat='40.40200785368' lon='99.77915199751' />
  <node id='-194903' action='modify' lat='40.40199996042' lon='99.77919103972' />
  <node id='-194904' action='modify' lat='40.40198838365' lon='99.77922835441' />
  <node id='-194905' action='modify' lat='40.40182900526' lon='99.77888112079' />
  <node id='-194906' action='modify' lat='40.40184051628' lon='99.77887421066' />
  <node id='-194907' action='modify' lat='40.40185919703' lon='99.77886764604' />
  <node id='-194908' action='modify' lat='40.40188892854' lon='99.77886505449' />
  <node id='-194909' action='modify' lat='40.40191997539' lon='99.77887369214' />
  <node id='-194910' action='modify' lat='40.40194602316' lon='99.77888820341' />
  <node id='-194911' action='modify' lat='40.40198312148' lon='99.77892068101' />
  <node id='-194912' action='modify' lat='40.40201601004' lon='99.77896974291' />
  <node id='-194913' action='modify' lat='40.40203811114' lon='99.77902709696' />
  <node id='-194914' action='modify' lat='40.40204863548' lon='99.77909965329' />
  <node id='-194915' action='modify' lat='40.4020431102' lon='99.77917911975' />
  <node id='-194916' action='modify' lat='40.40202607374' lon='99.77923647407' />
  <node id='-194917' action='modify' lat='40.40101395396' lon='99.78135684643' />
  <node id='-194918' action='modify' lat='40.40104671157' lon='99.781383623' />
  <node id='-194919' action='modify' lat='40.40108354727' lon='99.78140366237' />
  <node id='-194920' action='modify' lat='40.40112301407' lon='99.78141230002' />
  <node id='-194921' action='modify' lat='40.40114827281' lon='99.78141160901' />
  <node id='-194922' action='modify' lat='40.40118089867' lon='99.78139571572' />
  <node id='-194923' action='modify' lat='40.40122931121' lon='99.78133974369' />
  <node id='-194924' action='modify' lat='40.40125956903' lon='99.78129586439' />
  <node id='-194925' action='modify' lat='40.40132508373' lon='99.78119117596' />
  <node id='-194926' action='modify' lat='40.40139770237' lon='99.78107784988' />
  <node id='-194927' action='modify' lat='40.40157806442' lon='99.78078710655' />
  <node id='-194928' action='modify' lat='40.40159661388' lon='99.78076378461' />
  <node id='-194929' action='modify' lat='40.40161147947' lon='99.78075151931' />
  <node id='-194930' action='modify' lat='40.40162976561' lon='99.78074495469' />
  <node id='-194931' action='modify' lat='40.40164765708' lon='99.7807430544' />
  <node id='-194932' action='modify' lat='40.40166502247' lon='99.78074409075' />
  <node id='-194933' action='modify' lat='40.40168383468' lon='99.78075134656' />
  <node id='-194934' action='modify' lat='40.40170146303' lon='99.78076136624' />
  <node id='-194935' action='modify' lat='40.4017284319' lon='99.78078105993' />
  <node id='-194936' action='modify' lat='40.40175105932' lon='99.78080075379' />
  <node id='-194937' action='modify' lat='40.4017868422' lon='99.78083599544' />
  <node id='-194938' action='modify' lat='40.40194155031' lon='99.78100045646' />
  <node id='-194939' action='modify' lat='40.40099381938' lon='99.78139596813' />
  <node id='-194940' action='modify' lat='40.40103023' lon='99.78142573071' />
  <node id='-194941' action='modify' lat='40.40107358877' lon='99.78144931876' />
  <node id='-194942' action='modify' lat='40.4011210406' lon='99.78145773428' />
  <node id='-194943' action='modify' lat='40.40115721848' lon='99.78145272444' />
  <node id='-194944' action='modify' lat='40.40119444879' lon='99.78143614014' />
  <node id='-194945' action='modify' lat='40.40125458185' lon='99.78137339423' />
  <node id='-194946' action='modify' lat='40.40128678294' lon='99.78132669681' />
  <node id='-194947' action='modify' lat='40.40135271218' lon='99.78122134594' />
  <node id='-194948' action='modify' lat='40.40142538044' lon='99.78110794237' />
  <node id='-194949' action='modify' lat='40.4016045195' lon='99.78081917038' />
  <node id='-194950' action='modify' lat='40.4016188244' lon='99.78080118506' />
  <node id='-194951' action='modify' lat='40.40162608921' lon='99.78079519101' />
  <node id='-194952' action='modify' lat='40.40163600569' lon='99.78079163105' />
  <node id='-194953' action='modify' lat='40.40164829236' lon='99.78079032606' />
  <node id='-194954' action='modify' lat='40.40165905808' lon='99.78079096854' />
  <node id='-194955' action='modify' lat='40.40167158894' lon='99.78079580165' />
  <node id='-194956' action='modify' lat='40.40168555596' lon='99.78080374029' />
  <node id='-194957' action='modify' lat='40.40170974648' lon='99.78082140512' />
  <node id='-194958' action='modify' lat='40.4017303365' lon='99.78083932572' />
  <node id='-194959' action='modify' lat='40.40176475069' lon='99.78087321937' />
  <node id='-194960' action='modify' lat='40.40191725713' lon='99.78103533986' />
  <node id='-194961' action='modify' lat='40.40703116782' lon='99.78632955795' />
  <node id='-194962' action='modify' lat='40.4065776622' lon='99.78586351881' />
  <node id='-194963' action='modify' lat='40.40543449118' lon='99.78470290247' />
  <node id='-194964' action='modify' lat='40.40560398978' lon='99.784881184' />
  <node id='-194965' action='modify' lat='40.40579493028' lon='99.78508304609' />
  <node id='-194966' action='modify' lat='40.40587655504' lon='99.78516881804' />
  <node id='-194967' action='modify' lat='40.40092857408' lon='99.7810191138' />
  <node id='-194968' action='modify' lat='40.40090463082' lon='99.78098387216' />
  <node id='-194969' action='modify' lat='40.40093804012' lon='99.78134418339' />
  <node id='-194970' action='modify' lat='40.40197919286' lon='99.77924935744'>
    <tag k='gpx:ele' v='1151.89' />
  </node>
  <node id='-194971' action='modify' lat='40.40202390355' lon='99.78112932998' />
  <node id='-194972' action='modify' lat='40.40200811705' lon='99.781184611' />
  <node id='-194973' action='modify' lat='40.40183051912' lon='99.77893812804' />
  <node id='-194974' action='modify' lat='40.40180631229' lon='99.7789011599' />
  <node id='-194975' action='modify' lat='40.40224780817' lon='99.781465508' />
  <node id='-194976' action='modify' lat='40.40216229804' lon='99.78131262162' />
  <node id='-194977' action='modify' lat='40.40213848691' lon='99.78127876182' />
  <node id='-194978' action='modify' lat='40.40212059582' lon='99.78124835692' />
  <node id='-194979' action='modify' lat='40.40209112772' lon='99.78119445793' />
  <node id='-194980' action='modify' lat='40.402055345' lon='99.78113433982' />
  <node id='-194981' action='modify' lat='40.40202587687' lon='99.78109011501' />
  <node id='-194982' action='modify' lat='40.40199009412' lon='99.78104174412' />
  <node id='-194983' action='modify' lat='40.40194904917' lon='99.78098646311' />
  <node id='-194984' action='modify' lat='40.4018695903' lon='99.78089524943' />
  <node id='-194985' action='modify' lat='40.4017948673' lon='99.78081509196' />
  <node id='-194986' action='modify' lat='40.40214085475' lon='99.78135131833' />
  <node id='-194987' action='modify' lat='40.40177700218' lon='99.78085906299' />
  <node id='-194988' action='modify' lat='40.40211568374' lon='99.78131633721' />
  <node id='-194989' action='modify' lat='40.40209664334' lon='99.78128397911' />
  <node id='-194990' action='modify' lat='40.4020672334' lon='99.78123018653' />
  <node id='-194991' action='modify' lat='40.40203251479' lon='99.78117185625' />
  <node id='-194992' action='modify' lat='40.40200431855' lon='99.78112954026' />
  <node id='-194993' action='modify' lat='40.40196921082' lon='99.78108208188' />
  <node id='-194994' action='modify' lat='40.40192918895' lon='99.7810281788' />
  <node id='-194995' action='modify' lat='40.40185126044' lon='99.78093872191' />
  <node id='-194996' action='modify' lat='40.40176192347' lon='99.78083985589' />
  <node id='-194997' action='modify' lat='40.40156780319' lon='99.78080040846' />
  <node id='-194998' action='modify' lat='40.40173388547' lon='99.78080344468' />
  <node id='-194999' action='modify' lat='40.40170766047' lon='99.78077659491' />
  <node id='-195000' action='modify' lat='40.40168921666' lon='99.78076519737' />
  <node id='-195001' action='modify' lat='40.40166483951' lon='99.78076039569' />
  <node id='-195002' action='modify' lat='40.4016425998' lon='99.78075931405' />
  <node id='-195003' action='modify' lat='40.40162003128' lon='99.78076513543' />
  <node id='-195004' action='modify' lat='40.40159475148' lon='99.78077638375' />
  <node id='-195005' action='modify' lat='40.40177704164' lon='99.78079289317' />
  <node id='-195006' action='modify' lat='40.40155741073' lon='99.7807551466' />
  <node id='-195007' action='modify' lat='40.40175763732' lon='99.78076793033' />
  <node id='-195008' action='modify' lat='40.4017265904' lon='99.78073614375' />
  <node id='-195009' action='modify' lat='40.40169975322' lon='99.78071955944' />
  <node id='-195010' action='modify' lat='40.40166818005' lon='99.78071334033' />
  <node id='-195011' action='modify' lat='40.40163976418' lon='99.7807119583' />
  <node id='-195012' action='modify' lat='40.40161029586' lon='99.78071955944' />
  <node id='-195013' action='modify' lat='40.4015800382' lon='99.78073614375' />
  <node id='-195014' action='modify' lat='40.40154070297' lon='99.78077605009' />
  <node id='-195015' action='modify' lat='40.40152557412' lon='99.78079937177' />
  <node id='-195016' action='modify' lat='40.40143874791' lon='99.78094137453' />
  <node id='-195017' action='modify' lat='40.40131403333' lon='99.78115006036' />
  <node id='-195018' action='modify' lat='40.4012458875' lon='99.78125233024' />
  <node id='-195019' action='modify' lat='40.40155451612' lon='99.78082044783' />
  <node id='-195020' action='modify' lat='40.4015410975' lon='99.78084204197' />
  <node id='-195021' action='modify' lat='40.40128732714' lon='99.78124783918' />
  <node id='-195022' action='modify' lat='40.40122970574' lon='99.78133646155' />
  <node id='-195023' action='modify' lat='40.40120734126' lon='99.78137256697' />
  <node id='-195024' action='modify' lat='40.40121102482' lon='99.78142197438' />
  <node id='-195025' action='modify' lat='40.40122575907' lon='99.78140729036' />
  <node id='-195026' action='modify' lat='40.40106302479' lon='99.78129448202' />
  <node id='-195027' action='modify' lat='40.40104986918' lon='99.78133905233' />
  <node id='-195028' action='modify' lat='40.40120536806' lon='99.78136980274' />
  <node id='-195029' action='modify' lat='40.40135876221' lon='99.78107888605' />
  <node id='-195030' action='modify' lat='40.40123167921' lon='99.78127236995' />
  <node id='-195031' action='modify' lat='40.40121720808' lon='99.78129551888' />
  <node id='-195032' action='modify' lat='40.40120484183' lon='99.78131555825' />
  <node id='-195033' action='modify' lat='40.40119563293' lon='99.7813293785' />
  <node id='-195034' action='modify' lat='40.40118800269' lon='99.78133905268' />
  <node id='-195035' action='modify' lat='40.40117774133' lon='99.78134976338' />
  <node id='-195036' action='modify' lat='40.40116669064' lon='99.78135563698' />
  <node id='-195037' action='modify' lat='40.40115563994' lon='99.78135563698' />
  <node id='-195038' action='modify' lat='40.40114116879' lon='99.78135321844' />
  <node id='-195039' action='modify' lat='40.40112669764' lon='99.78134734483' />
  <node id='-195040' action='modify' lat='40.40110222823' lon='99.78132799648' />
  <node id='-195041' action='modify' lat='40.40099198447' lon='99.78121570657' />
  <node id='-195042' action='modify' lat='40.40108131069' lon='99.78130985757' />
  <node id='-195043' action='modify' lat='40.4011927387' lon='99.78138085895' />
  <node id='-195044' action='modify' lat='40.40118010934' lon='99.78139191515' />
  <node id='-195045' action='modify' lat='40.40116747997' lon='99.78139778876' />
  <node id='-195046' action='modify' lat='40.40115774464' lon='99.78140193509' />
  <node id='-195047' action='modify' lat='40.40114722017' lon='99.78140444001' />
  <node id='-195048' action='modify' lat='40.40113288057' lon='99.78140305799' />
  <node id='-195049' action='modify' lat='40.4011157783' lon='99.78139839365' />
  <node id='-195050' action='modify' lat='40.40109459785' lon='99.78138362317' />
  <node id='-195051' action='modify' lat='40.40107032589' lon='99.78135969668' />
  <node id='-195052' action='modify' lat='40.40097067209' lon='99.78125613116' />
  <node id='-195125' action='modify' lat='40.40239410471' lon='99.78160153079' />
  <node id='-195127' action='modify' lat='40.4024415763' lon='99.78165150769' />
  <node id='-195131' action='modify' lat='40.40259945608' lon='99.78181892149' />
  <node id='-195135' action='modify' lat='40.40274334959' lon='99.78197379692' />
  <node id='-195141' action='modify' lat='40.40295676866' lon='99.78219524935' />
  <node id='-195144' action='modify' lat='40.40308828933' lon='99.78233564383' />
  <node id='-195147' action='modify' lat='40.40325961547' lon='99.78251930454' />
  <node id='-195153' action='modify' lat='40.40783280682' lon='99.78723144847' />
  <node id='-195155' action='modify' lat='40.40763056991' lon='99.78701952292' />
  <node id='-195157' action='modify' lat='40.40743726186' lon='99.78681695457' />
  <node id='-195159' action='modify' lat='40.40720948173' lon='99.78657826353' />
  <node id='-195161' action='modify' lat='40.40530856959' lon='99.78456844601' />
  <node id='-195164' action='modify' lat='40.40566405259' lon='99.78488446578' />
  <node id='-195167' action='modify' lat='40.40587141109' lon='99.78510309266' />
  <node id='-195171' action='modify' lat='40.40654538902' lon='99.78581583749' />
  <node id='-195174' action='modify' lat='40.40683093989' lon='99.78611896622' />
  <node id='-195177' action='modify' lat='40.4067551653' lon='99.78604929851' />
  <node id='-195180' action='modify' lat='40.40663548519' lon='99.78592267875' />
  <node id='-195186' action='modify' lat='40.40653232735' lon='99.7857564044' />
  <node id='-195191' action='modify' lat='40.40768919952' lon='99.78702534939' />
  <node id='-195193' action='modify' lat='40.40758135472' lon='99.78691038468' />
  <node id='-195196' action='modify' lat='40.40718865018' lon='99.78649635373' />
  <node id='-195199' action='modify' lat='40.40789278664' lon='99.78723744219' />
  <node id='-195202' action='modify' lat='40.40775979618' lon='99.78709934347' />
  <node id='-195205' action='modify' lat='40.40765706121' lon='99.78699055982' />
  <node id='-195243' action='modify' lat='40.40761705632' lon='99.78695621182' />
  <node id='-195245' action='modify' lat='40.40759836883' lon='99.78693894684' />
  <node id='-195249' action='modify' lat='40.40755970483' lon='99.78689563911' />
  <node id='-195252' action='modify' lat='40.40750524439' lon='99.78683815684' />
  <node id='-195255' action='modify' lat='40.40738657428' lon='99.78671215499' />
  <node id='-195259' action='modify' lat='40.40725949954' lon='99.78658041376' />
  <node id='-195262' action='modify' lat='40.40718022899' lon='99.78649670686' />
  <node id='-195266' action='modify' lat='40.40708589758' lon='99.78639692964' />
  <node id='-195269' action='modify' lat='40.4069994326' lon='99.78630774824' />
  <node id='-195272' action='modify' lat='40.40694376147' lon='99.78624797021' />
  <node id='-195276' action='modify' lat='40.40688368632' lon='99.78618382146' />
  <node id='-195296' action='modify' lat='40.40210752621' lon='99.78108021693' />
  <way id='-115062' action='modify'>
    <nd ref='-193365' />
    <nd ref='-193366' />
    <nd ref='-193367' />
    <nd ref='-193368' />
  </way>
  <way id='-115063' action='modify'>
    <nd ref='-193372' />
    <nd ref='-193373' />
    <nd ref='-193374' />
    <nd ref='-193375' />
  </way>
  <way id='-115064' action='modify'>
    <nd ref='-193359' />
    <nd ref='-193377' />
    <nd ref='-193378' />
  </way>
  <way id='-115065' action='modify'>
    <nd ref='-193382' />
    <nd ref='-193383' />
    <nd ref='-193384' />
  </way>
  <way id='-115066' action='modify'>
    <nd ref='-194234' />
    <nd ref='-194236' />
    <nd ref='-194235' />
    <nd ref='-193472' />
    <nd ref='-194409' />
    <nd ref='-193474' />
    <nd ref='-193475' />
    <nd ref='-193476' />
    <nd ref='-193477' />
  </way>
  <way id='-115067' action='modify'>
    <nd ref='-194438' />
    <nd ref='-193401' />
    <nd ref='-193402' />
    <nd ref='-193403' />
    <nd ref='-193404' />
    <nd ref='-193405' />
    <nd ref='-193406' />
    <nd ref='-193407' />
    <nd ref='-193408' />
    <nd ref='-193409' />
    <nd ref='-193410' />
    <nd ref='-193411' />
  </way>
  <way id='-115068' action='modify'>
    <nd ref='-194437' />
    <nd ref='-193434' />
    <nd ref='-193435' />
    <nd ref='-193436' />
    <nd ref='-193437' />
    <nd ref='-193438' />
    <nd ref='-193439' />
    <nd ref='-193440' />
    <nd ref='-193441' />
    <nd ref='-193442' />
    <nd ref='-193443' />
    <nd ref='-193444' />
  </way>
  <way id='-115069' action='modify'>
    <nd ref='-193461' />
    <nd ref='-193462' />
    <nd ref='-193463' />
    <nd ref='-193464' />
    <nd ref='-193465' />
    <nd ref='-193466' />
    <nd ref='-193467' />
  </way>
  <way id='-115070' action='modify'>
    <nd ref='-193488' />
    <nd ref='-193489' />
    <nd ref='-193490' />
    <nd ref='-193491' />
    <nd ref='-193444' />
  </way>
  <way id='-115071' action='modify'>
    <nd ref='-193576' />
    <nd ref='-193492' />
    <nd ref='-194434' />
    <nd ref='-193493' />
    <nd ref='-194436' />
    <nd ref='-194418' />
  </way>
  <way id='-115072' action='modify'>
    <nd ref='-193497' />
    <nd ref='-193498' />
    <nd ref='-193537' />
  </way>
  <way id='-115073' action='modify'>
    <nd ref='-193473' />
    <nd ref='-193499' />
    <nd ref='-193549' />
  </way>
  <way id='-115074' action='modify'>
    <nd ref='-193549' />
    <nd ref='-193500' />
    <nd ref='-193501' />
    <nd ref='-193502' />
    <nd ref='-193503' />
    <nd ref='-193504' />
    <nd ref='-193505' />
    <nd ref='-193506' />
    <nd ref='-193507' />
    <nd ref='-193590' />
  </way>
  <way id='-115075' action='modify'>
    <nd ref='-193537' />
    <nd ref='-193508' />
    <nd ref='-193509' />
    <nd ref='-193510' />
    <nd ref='-193511' />
    <nd ref='-193512' />
    <nd ref='-193513' />
    <nd ref='-193514' />
    <nd ref='-193515' />
    <nd ref='-193599' />
  </way>
  <way id='-115076' action='modify'>
    <nd ref='-193516' />
    <nd ref='-193518' />
    <nd ref='-193519' />
    <nd ref='-193520' />
    <nd ref='-193521' />
    <nd ref='-193522' />
    <nd ref='-193523' />
    <nd ref='-193524' />
    <nd ref='-193525' />
    <nd ref='-193526' />
    <nd ref='-193517' />
  </way>
  <way id='-115077' action='modify'>
    <nd ref='-193527' />
    <nd ref='-194408' />
    <nd ref='-193528' />
    <nd ref='-193529' />
    <nd ref='-193530' />
    <nd ref='-193531' />
    <nd ref='-193532' />
    <nd ref='-193533' />
    <nd ref='-193534' />
    <nd ref='-193535' />
    <nd ref='-193536' />
    <nd ref='-193576' />
  </way>
  <way id='-115078' action='modify'>
    <nd ref='-193537' />
    <nd ref='-193539' />
    <nd ref='-193540' />
    <nd ref='-193541' />
    <nd ref='-193542' />
    <nd ref='-193543' />
    <nd ref='-193544' />
    <nd ref='-193545' />
    <nd ref='-193546' />
    <nd ref='-193547' />
    <nd ref='-193548' />
    <nd ref='-193538' />
  </way>
  <way id='-115079' action='modify'>
    <nd ref='-193549' />
    <nd ref='-193551' />
    <nd ref='-193552' />
    <nd ref='-193553' />
    <nd ref='-193554' />
    <nd ref='-193555' />
    <nd ref='-193556' />
    <nd ref='-193557' />
    <nd ref='-193558' />
    <nd ref='-193559' />
    <nd ref='-193560' />
    <nd ref='-193550' />
  </way>
  <way id='-115080' action='modify'>
    <nd ref='-193561' />
    <nd ref='-193562' />
    <nd ref='-193563' />
    <nd ref='-193564' />
    <nd ref='-193565' />
    <nd ref='-193566' />
    <nd ref='-193567' />
    <nd ref='-193568' />
    <nd ref='-193569' />
    <nd ref='-193570' />
    <nd ref='-193571' />
    <nd ref='-193572' />
    <nd ref='-193573' />
    <nd ref='-193574' />
    <nd ref='-193517' />
  </way>
  <way id='-115081' action='modify'>
    <nd ref='-193575' />
    <nd ref='-193577' />
    <nd ref='-193578' />
    <nd ref='-193579' />
    <nd ref='-193580' />
    <nd ref='-193581' />
    <nd ref='-193582' />
    <nd ref='-193583' />
    <nd ref='-193584' />
    <nd ref='-193585' />
    <nd ref='-193586' />
    <nd ref='-193587' />
    <nd ref='-193588' />
    <nd ref='-193589' />
    <nd ref='-193576' />
  </way>
  <way id='-115082' action='modify'>
    <nd ref='-193590' />
    <nd ref='-193592' />
    <nd ref='-193593' />
    <nd ref='-193594' />
    <nd ref='-193595' />
    <nd ref='-193596' />
    <nd ref='-193597' />
    <nd ref='-193598' />
    <nd ref='-193591' />
  </way>
  <way id='-115083' action='modify'>
    <nd ref='-193599' />
    <nd ref='-193600' />
    <nd ref='-193601' />
    <nd ref='-193602' />
    <nd ref='-193603' />
    <nd ref='-193604' />
    <nd ref='-193605' />
    <nd ref='-193606' />
    <nd ref='-193633' />
  </way>
  <way id='-115084' action='modify'>
    <nd ref='-193658' />
    <nd ref='-193607' />
    <nd ref='-193608' />
    <nd ref='-193609' />
    <nd ref='-193610' />
    <nd ref='-193611' />
    <nd ref='-193612' />
    <nd ref='-193613' />
    <nd ref='-193614' />
    <nd ref='-193527' />
  </way>
  <way id='-115085' action='modify'>
    <nd ref='-193644' />
    <nd ref='-193615' />
    <nd ref='-193616' />
    <nd ref='-193617' />
    <nd ref='-193618' />
    <nd ref='-193619' />
    <nd ref='-193620' />
    <nd ref='-193621' />
    <nd ref='-193622' />
    <nd ref='-193516' />
  </way>
  <way id='-115086' action='modify'>
    <nd ref='-193591' />
    <nd ref='-193624' />
    <nd ref='-193625' />
    <nd ref='-193626' />
    <nd ref='-193627' />
    <nd ref='-193628' />
    <nd ref='-193629' />
    <nd ref='-193630' />
    <nd ref='-193631' />
    <nd ref='-193632' />
    <nd ref='-193623' />
  </way>
  <way id='-115087' action='modify'>
    <nd ref='-193633' />
    <nd ref='-193635' />
    <nd ref='-193636' />
    <nd ref='-193637' />
    <nd ref='-193638' />
    <nd ref='-193639' />
    <nd ref='-193640' />
    <nd ref='-193641' />
    <nd ref='-193642' />
    <nd ref='-193643' />
    <nd ref='-193634' />
  </way>
  <way id='-115088' action='modify'>
    <nd ref='-193751' />
    <nd ref='-193645' />
    <nd ref='-193646' />
    <nd ref='-193647' />
    <nd ref='-193648' />
    <nd ref='-193649' />
    <nd ref='-193650' />
    <nd ref='-193651' />
    <nd ref='-193652' />
    <nd ref='-193653' />
    <nd ref='-193654' />
    <nd ref='-193655' />
    <nd ref='-193656' />
    <nd ref='-193657' />
    <nd ref='-193644' />
  </way>
  <way id='-115089' action='modify'>
    <nd ref='-193798' />
    <nd ref='-193659' />
    <nd ref='-193660' />
    <nd ref='-193661' />
    <nd ref='-193662' />
    <nd ref='-193663' />
    <nd ref='-193664' />
    <nd ref='-193665' />
    <nd ref='-193666' />
    <nd ref='-193667' />
    <nd ref='-193668' />
    <nd ref='-193669' />
    <nd ref='-193670' />
    <nd ref='-193671' />
    <nd ref='-193658' />
  </way>
  <way id='-115090' action='modify'>
    <nd ref='-193623' />
    <nd ref='-193673' />
    <nd ref='-193674' />
    <nd ref='-193675' />
    <nd ref='-193676' />
    <nd ref='-193677' />
    <nd ref='-193678' />
    <nd ref='-193679' />
    <nd ref='-193680' />
    <nd ref='-193681' />
    <nd ref='-193682' />
    <nd ref='-193683' />
    <nd ref='-193684' />
    <nd ref='-193685' />
    <nd ref='-193686' />
    <nd ref='-193687' />
    <nd ref='-193688' />
    <nd ref='-193689' />
    <nd ref='-193690' />
    <nd ref='-193691' />
    <nd ref='-193692' />
    <nd ref='-193693' />
    <nd ref='-193694' />
    <nd ref='-193695' />
    <nd ref='-193696' />
    <nd ref='-193697' />
    <nd ref='-193698' />
    <nd ref='-193699' />
    <nd ref='-193700' />
    <nd ref='-193701' />
    <nd ref='-193702' />
    <nd ref='-193703' />
    <nd ref='-193704' />
    <nd ref='-193705' />
    <nd ref='-193706' />
    <nd ref='-193707' />
    <nd ref='-193708' />
    <nd ref='-193709' />
    <nd ref='-193710' />
    <nd ref='-193672' />
  </way>
  <way id='-115091' action='modify'>
    <nd ref='-193634' />
    <nd ref='-193712' />
    <nd ref='-193713' />
    <nd ref='-193714' />
    <nd ref='-193715' />
    <nd ref='-193716' />
    <nd ref='-193717' />
    <nd ref='-193718' />
    <nd ref='-193719' />
    <nd ref='-193720' />
    <nd ref='-193721' />
    <nd ref='-193722' />
    <nd ref='-193723' />
    <nd ref='-193724' />
    <nd ref='-193725' />
    <nd ref='-193726' />
    <nd ref='-193727' />
    <nd ref='-193728' />
    <nd ref='-193729' />
    <nd ref='-193730' />
    <nd ref='-193731' />
    <nd ref='-193732' />
    <nd ref='-193733' />
    <nd ref='-193734' />
    <nd ref='-193735' />
    <nd ref='-193736' />
    <nd ref='-193737' />
    <nd ref='-193738' />
    <nd ref='-193739' />
    <nd ref='-193740' />
    <nd ref='-193741' />
    <nd ref='-193742' />
    <nd ref='-193743' />
    <nd ref='-193744' />
    <nd ref='-193745' />
    <nd ref='-193746' />
    <nd ref='-193747' />
    <nd ref='-193748' />
    <nd ref='-193749' />
    <nd ref='-193711' />
  </way>
  <way id='-115092' action='modify'>
    <nd ref='-193750' />
    <nd ref='-193752' />
    <nd ref='-193753' />
    <nd ref='-193754' />
    <nd ref='-193755' />
    <nd ref='-193756' />
    <nd ref='-193757' />
    <nd ref='-193758' />
    <nd ref='-193759' />
    <nd ref='-193760' />
    <nd ref='-193761' />
    <nd ref='-193762' />
    <nd ref='-193763' />
    <nd ref='-193764' />
    <nd ref='-193765' />
    <nd ref='-193766' />
    <nd ref='-193767' />
    <nd ref='-193768' />
    <nd ref='-193769' />
    <nd ref='-193770' />
    <nd ref='-193771' />
    <nd ref='-193772' />
    <nd ref='-193773' />
    <nd ref='-193774' />
    <nd ref='-193775' />
    <nd ref='-193776' />
    <nd ref='-193777' />
    <nd ref='-193778' />
    <nd ref='-193779' />
    <nd ref='-193780' />
    <nd ref='-193781' />
    <nd ref='-193782' />
    <nd ref='-193783' />
    <nd ref='-193784' />
    <nd ref='-193785' />
    <nd ref='-193786' />
    <nd ref='-193787' />
    <nd ref='-193788' />
    <nd ref='-193789' />
    <nd ref='-193790' />
    <nd ref='-193791' />
    <nd ref='-193792' />
    <nd ref='-193793' />
    <nd ref='-193794' />
    <nd ref='-193795' />
    <nd ref='-193796' />
    <nd ref='-193797' />
    <nd ref='-193751' />
  </way>
  <way id='-115093' action='modify'>
    <nd ref='-193880' />
    <nd ref='-193799' />
    <nd ref='-193800' />
    <nd ref='-193801' />
    <nd ref='-193802' />
    <nd ref='-193803' />
    <nd ref='-193804' />
    <nd ref='-193805' />
    <nd ref='-193806' />
    <nd ref='-193807' />
    <nd ref='-193808' />
    <nd ref='-193809' />
    <nd ref='-193810' />
    <nd ref='-193811' />
    <nd ref='-193812' />
    <nd ref='-193813' />
    <nd ref='-193814' />
    <nd ref='-193815' />
    <nd ref='-193816' />
    <nd ref='-193817' />
    <nd ref='-193818' />
    <nd ref='-193819' />
    <nd ref='-193820' />
    <nd ref='-193821' />
    <nd ref='-193822' />
    <nd ref='-193823' />
    <nd ref='-193824' />
    <nd ref='-193825' />
    <nd ref='-193826' />
    <nd ref='-193827' />
    <nd ref='-193828' />
    <nd ref='-193829' />
    <nd ref='-193830' />
    <nd ref='-193831' />
    <nd ref='-193832' />
    <nd ref='-193833' />
    <nd ref='-193834' />
    <nd ref='-193835' />
    <nd ref='-193836' />
    <nd ref='-193837' />
    <nd ref='-193838' />
    <nd ref='-193839' />
    <nd ref='-193840' />
    <nd ref='-193841' />
    <nd ref='-193842' />
    <nd ref='-193843' />
    <nd ref='-193844' />
    <nd ref='-193798' />
  </way>
  <way id='-115094' action='modify'>
    <nd ref='-193672' />
    <nd ref='-193846' />
    <nd ref='-193847' />
    <nd ref='-193848' />
    <nd ref='-193849' />
    <nd ref='-193850' />
    <nd ref='-193851' />
    <nd ref='-193852' />
    <nd ref='-193853' />
    <nd ref='-193854' />
    <nd ref='-193855' />
    <nd ref='-193856' />
    <nd ref='-193857' />
    <nd ref='-193858' />
    <nd ref='-193859' />
    <nd ref='-193860' />
    <nd ref='-193861' />
    <nd ref='-193845' />
  </way>
  <way id='-115095' action='modify'>
    <nd ref='-193711' />
    <nd ref='-193863' />
    <nd ref='-193864' />
    <nd ref='-193865' />
    <nd ref='-193866' />
    <nd ref='-193867' />
    <nd ref='-193868' />
    <nd ref='-193869' />
    <nd ref='-193870' />
    <nd ref='-193871' />
    <nd ref='-193872' />
    <nd ref='-193873' />
    <nd ref='-193874' />
    <nd ref='-193875' />
    <nd ref='-193876' />
    <nd ref='-193877' />
    <nd ref='-193878' />
    <nd ref='-193862' />
  </way>
  <way id='-115096' action='modify'>
    <nd ref='-193879' />
    <nd ref='-193881' />
    <nd ref='-193882' />
    <nd ref='-193883' />
    <nd ref='-193884' />
    <nd ref='-193885' />
    <nd ref='-193886' />
    <nd ref='-193887' />
    <nd ref='-193888' />
    <nd ref='-193889' />
    <nd ref='-193890' />
    <nd ref='-193891' />
    <nd ref='-193892' />
    <nd ref='-193893' />
    <nd ref='-193894' />
    <nd ref='-193880' />
  </way>
  <way id='-115097' action='modify'>
    <nd ref='-193895' />
    <nd ref='-193896' />
    <nd ref='-193897' />
    <nd ref='-193898' />
    <nd ref='-193899' />
    <nd ref='-193900' />
    <nd ref='-193901' />
    <nd ref='-193902' />
    <nd ref='-193903' />
    <nd ref='-193904' />
    <nd ref='-193905' />
    <nd ref='-193906' />
    <nd ref='-193907' />
    <nd ref='-193908' />
    <nd ref='-193909' />
    <nd ref='-193750' />
  </way>
  <way id='-115098' action='modify'>
    <nd ref='-193910' />
    <nd ref='-193911' />
    <nd ref='-193912' />
    <nd ref='-193913' />
    <nd ref='-193914' />
    <nd ref='-193915' />
    <nd ref='-193916' />
    <nd ref='-193917' />
    <nd ref='-193918' />
    <nd ref='-193919' />
    <nd ref='-193920' />
    <nd ref='-193921' />
    <nd ref='-193922' />
    <nd ref='-193923' />
    <nd ref='-193924' />
    <nd ref='-193925' />
    <nd ref='-193926' />
    <nd ref='-193927' />
    <nd ref='-193928' />
    <nd ref='-193929' />
    <nd ref='-193930' />
    <nd ref='-193931' />
    <nd ref='-193932' />
    <nd ref='-193933' />
    <nd ref='-193934' />
    <nd ref='-193935' />
    <nd ref='-193936' />
    <nd ref='-193937' />
    <nd ref='-193938' />
    <nd ref='-193939' />
    <nd ref='-193940' />
    <nd ref='-193941' />
    <nd ref='-193942' />
    <nd ref='-193943' />
    <nd ref='-193944' />
    <nd ref='-193945' />
    <nd ref='-193946' />
    <nd ref='-193947' />
    <nd ref='-193948' />
    <nd ref='-193949' />
    <nd ref='-193950' />
    <nd ref='-193951' />
    <nd ref='-193952' />
    <nd ref='-193953' />
    <nd ref='-193954' />
    <nd ref='-193955' />
    <nd ref='-193956' />
    <nd ref='-193561' />
  </way>
  <way id='-115099' action='modify'>
    <nd ref='-193957' />
    <nd ref='-193958' />
    <nd ref='-193959' />
    <nd ref='-193960' />
    <nd ref='-193961' />
    <nd ref='-193962' />
    <nd ref='-193963' />
    <nd ref='-193964' />
    <nd ref='-193965' />
    <nd ref='-193966' />
    <nd ref='-193967' />
    <nd ref='-193968' />
    <nd ref='-193969' />
    <nd ref='-193970' />
    <nd ref='-193971' />
    <nd ref='-193972' />
    <nd ref='-193973' />
    <nd ref='-193974' />
    <nd ref='-193975' />
    <nd ref='-193976' />
    <nd ref='-193977' />
    <nd ref='-193978' />
    <nd ref='-193979' />
    <nd ref='-193980' />
    <nd ref='-193981' />
    <nd ref='-193982' />
    <nd ref='-193983' />
    <nd ref='-193984' />
    <nd ref='-193985' />
    <nd ref='-193986' />
    <nd ref='-193987' />
    <nd ref='-193988' />
    <nd ref='-193989' />
    <nd ref='-193990' />
    <nd ref='-193991' />
    <nd ref='-193992' />
    <nd ref='-193993' />
    <nd ref='-193994' />
    <nd ref='-193995' />
    <nd ref='-193996' />
    <nd ref='-193997' />
    <nd ref='-193998' />
    <nd ref='-193999' />
    <nd ref='-194000' />
    <nd ref='-194001' />
    <nd ref='-194002' />
    <nd ref='-194003' />
    <nd ref='-193575' />
  </way>
  <way id='-115100' action='modify'>
    <nd ref='-193538' />
    <nd ref='-194005' />
    <nd ref='-194006' />
    <nd ref='-194007' />
    <nd ref='-194008' />
    <nd ref='-194009' />
    <nd ref='-194010' />
    <nd ref='-194011' />
    <nd ref='-194012' />
    <nd ref='-194013' />
    <nd ref='-194014' />
    <nd ref='-194015' />
    <nd ref='-194016' />
    <nd ref='-194017' />
    <nd ref='-194018' />
    <nd ref='-194019' />
    <nd ref='-194020' />
    <nd ref='-194021' />
    <nd ref='-194022' />
    <nd ref='-194023' />
    <nd ref='-194024' />
    <nd ref='-194025' />
    <nd ref='-194026' />
    <nd ref='-194027' />
    <nd ref='-194028' />
    <nd ref='-194029' />
    <nd ref='-194030' />
    <nd ref='-194031' />
    <nd ref='-194032' />
    <nd ref='-194033' />
    <nd ref='-194034' />
    <nd ref='-194035' />
    <nd ref='-194036' />
    <nd ref='-194037' />
    <nd ref='-194038' />
    <nd ref='-194039' />
    <nd ref='-194040' />
    <nd ref='-194041' />
    <nd ref='-194042' />
    <nd ref='-194043' />
    <nd ref='-194044' />
    <nd ref='-194045' />
    <nd ref='-194046' />
    <nd ref='-194047' />
    <nd ref='-194048' />
    <nd ref='-194049' />
    <nd ref='-194050' />
    <nd ref='-194051' />
    <nd ref='-194052' />
    <nd ref='-194053' />
    <nd ref='-194054' />
    <nd ref='-194055' />
    <nd ref='-194056' />
    <nd ref='-194057' />
    <nd ref='-194058' />
    <nd ref='-194004' />
  </way>
  <way id='-115101' action='modify'>
    <nd ref='-193550' />
    <nd ref='-194060' />
    <nd ref='-194061' />
    <nd ref='-194062' />
    <nd ref='-194063' />
    <nd ref='-194064' />
    <nd ref='-194065' />
    <nd ref='-194066' />
    <nd ref='-194067' />
    <nd ref='-194068' />
    <nd ref='-194069' />
    <nd ref='-194070' />
    <nd ref='-194071' />
    <nd ref='-194072' />
    <nd ref='-194073' />
    <nd ref='-194074' />
    <nd ref='-194075' />
    <nd ref='-194076' />
    <nd ref='-194077' />
    <nd ref='-194078' />
    <nd ref='-194079' />
    <nd ref='-194080' />
    <nd ref='-194081' />
    <nd ref='-194082' />
    <nd ref='-194083' />
    <nd ref='-194084' />
    <nd ref='-194085' />
    <nd ref='-194086' />
    <nd ref='-194087' />
    <nd ref='-194088' />
    <nd ref='-194089' />
    <nd ref='-194090' />
    <nd ref='-194091' />
    <nd ref='-194092' />
    <nd ref='-194093' />
    <nd ref='-194094' />
    <nd ref='-194095' />
    <nd ref='-194096' />
    <nd ref='-194097' />
    <nd ref='-194098' />
    <nd ref='-194099' />
    <nd ref='-194100' />
    <nd ref='-194101' />
    <nd ref='-194102' />
    <nd ref='-194103' />
    <nd ref='-194104' />
    <nd ref='-194105' />
    <nd ref='-194106' />
    <nd ref='-194107' />
    <nd ref='-194108' />
    <nd ref='-194109' />
    <nd ref='-194110' />
    <nd ref='-194111' />
    <nd ref='-194112' />
    <nd ref='-194113' />
    <nd ref='-194059' />
  </way>
  <way id='-115102' action='modify'>
    <nd ref='-194155' />
    <nd ref='-194114' />
    <nd ref='-194115' />
    <nd ref='-194116' />
    <nd ref='-194117' />
    <nd ref='-194118' />
    <nd ref='-194119' />
    <nd ref='-194120' />
    <nd ref='-194121' />
    <nd ref='-194122' />
    <nd ref='-194123' />
    <nd ref='-194124' />
    <nd ref='-193910' />
  </way>
  <way id='-115103' action='modify'>
    <nd ref='-194161' />
    <nd ref='-194125' />
    <nd ref='-194126' />
    <nd ref='-194127' />
    <nd ref='-194128' />
    <nd ref='-194129' />
    <nd ref='-194130' />
    <nd ref='-194131' />
    <nd ref='-194132' />
    <nd ref='-194133' />
    <nd ref='-194134' />
    <nd ref='-194135' />
    <nd ref='-193957' />
  </way>
  <way id='-115104' action='modify'>
    <nd ref='-194059' />
    <nd ref='-194137' />
    <nd ref='-194138' />
    <nd ref='-194139' />
    <nd ref='-194140' />
    <nd ref='-194141' />
    <nd ref='-194142' />
    <nd ref='-194143' />
    <nd ref='-194144' />
    <nd ref='-194136' />
  </way>
  <way id='-115105' action='modify'>
    <nd ref='-194004' />
    <nd ref='-194146' />
    <nd ref='-194147' />
    <nd ref='-194148' />
    <nd ref='-194149' />
    <nd ref='-194150' />
    <nd ref='-194151' />
    <nd ref='-194152' />
    <nd ref='-194153' />
    <nd ref='-194145' />
  </way>
  <way id='-115106' action='modify'>
    <nd ref='-194154' />
    <nd ref='-194156' />
    <nd ref='-194157' />
    <nd ref='-194158' />
    <nd ref='-194159' />
    <nd ref='-194155' />
  </way>
  <way id='-115107' action='modify'>
    <nd ref='-194160' />
    <nd ref='-194162' />
    <nd ref='-194163' />
    <nd ref='-194164' />
    <nd ref='-194165' />
    <nd ref='-194161' />
  </way>
  <way id='-115108' action='modify'>
    <nd ref='-194217' />
    <nd ref='-194166' />
    <nd ref='-194168' />
    <nd ref='-194169' />
    <nd ref='-194170' />
    <nd ref='-194171' />
    <nd ref='-194172' />
    <nd ref='-194173' />
    <nd ref='-194174' />
    <nd ref='-194175' />
    <nd ref='-194167' />
    <nd ref='-194238' />
  </way>
  <way id='-115109' action='modify'>
    <nd ref='-194226' />
    <nd ref='-194176' />
    <nd ref='-194178' />
    <nd ref='-194179' />
    <nd ref='-194180' />
    <nd ref='-194181' />
    <nd ref='-194182' />
    <nd ref='-194183' />
    <nd ref='-194184' />
    <nd ref='-194185' />
    <nd ref='-194177' />
    <nd ref='-194285' />
  </way>
  <way id='-115110' action='modify'>
    <nd ref='-194186' />
    <nd ref='-194188' />
    <nd ref='-194189' />
    <nd ref='-194187' />
    <nd ref='-194160' />
  </way>
  <way id='-115111' action='modify'>
    <nd ref='-194190' />
    <nd ref='-194192' />
    <nd ref='-194193' />
    <nd ref='-194191' />
    <nd ref='-194154' />
  </way>
  <way id='-115112' action='modify'>
    <nd ref='-194194' />
    <nd ref='-194196' />
    <nd ref='-194197' />
    <nd ref='-194198' />
    <nd ref='-194199' />
    <nd ref='-194200' />
    <nd ref='-194201' />
    <nd ref='-194202' />
    <nd ref='-194203' />
    <nd ref='-194204' />
    <nd ref='-194195' />
    <nd ref='-194186' />
  </way>
  <way id='-115113' action='modify'>
    <nd ref='-194205' />
    <nd ref='-194207' />
    <nd ref='-194208' />
    <nd ref='-194209' />
    <nd ref='-194210' />
    <nd ref='-194211' />
    <nd ref='-194212' />
    <nd ref='-194213' />
    <nd ref='-194214' />
    <nd ref='-194215' />
    <nd ref='-194206' />
    <nd ref='-194190' />
  </way>
  <way id='-115114' action='modify'>
    <nd ref='-194136' />
    <nd ref='-194216' />
    <nd ref='-194218' />
    <nd ref='-194219' />
    <nd ref='-194220' />
    <nd ref='-194221' />
    <nd ref='-194222' />
    <nd ref='-194223' />
    <nd ref='-194224' />
    <nd ref='-194217' />
  </way>
  <way id='-115115' action='modify'>
    <nd ref='-194145' />
    <nd ref='-194225' />
    <nd ref='-194227' />
    <nd ref='-194228' />
    <nd ref='-194229' />
    <nd ref='-194230' />
    <nd ref='-194231' />
    <nd ref='-194232' />
    <nd ref='-194233' />
    <nd ref='-194226' />
  </way>
  <way id='-115116' action='modify'>
    <nd ref='-194236' />
    <nd ref='-194235' />
    <nd ref='-193472' />
  </way>
  <way id='-115117' action='modify'>
    <nd ref='-193417' />
    <nd ref='-193418' />
    <nd ref='-193419' />
    <nd ref='-193420' />
    <nd ref='-193421' />
    <nd ref='-193422' />
    <nd ref='-193423' />
    <nd ref='-193424' />
  </way>
  <way id='-115118' action='modify'>
    <nd ref='-193450' />
    <nd ref='-193451' />
    <nd ref='-193452' />
    <nd ref='-193453' />
    <nd ref='-193454' />
    <nd ref='-193455' />
    <nd ref='-193456' />
    <nd ref='-193457' />
  </way>
  <way id='-115119' action='modify'>
    <nd ref='-194237' />
    <nd ref='-193458' />
  </way>
  <way id='-115120' action='modify'>
    <nd ref='-193411' />
    <nd ref='-193412' />
    <nd ref='-193413' />
    <nd ref='-193414' />
    <nd ref='-193415' />
    <nd ref='-193416' />
    <nd ref='-193417' />
  </way>
  <way id='-115121' action='modify'>
    <nd ref='-193444' />
    <nd ref='-193445' />
    <nd ref='-193446' />
    <nd ref='-193447' />
    <nd ref='-193448' />
    <nd ref='-193449' />
    <nd ref='-193450' />
  </way>
  <way id='-115122' action='modify'>
    <nd ref='-194238' />
    <nd ref='-194240' />
    <nd ref='-194241' />
    <nd ref='-194242' />
    <nd ref='-194243' />
    <nd ref='-194244' />
    <nd ref='-194245' />
    <nd ref='-194246' />
    <nd ref='-194247' />
    <nd ref='-194248' />
    <nd ref='-194249' />
    <nd ref='-194250' />
    <nd ref='-194251' />
    <nd ref='-194252' />
    <nd ref='-194253' />
    <nd ref='-194254' />
    <nd ref='-194255' />
    <nd ref='-194256' />
    <nd ref='-194257' />
    <nd ref='-194258' />
    <nd ref='-194259' />
    <nd ref='-194260' />
    <nd ref='-194261' />
    <nd ref='-194262' />
    <nd ref='-194263' />
    <nd ref='-194264' />
    <nd ref='-194265' />
    <nd ref='-194266' />
    <nd ref='-194267' />
    <nd ref='-194268' />
    <nd ref='-194269' />
    <nd ref='-194270' />
    <nd ref='-194271' />
    <nd ref='-194272' />
    <nd ref='-194273' />
    <nd ref='-194274' />
    <nd ref='-194275' />
    <nd ref='-194276' />
    <nd ref='-194277' />
    <nd ref='-194278' />
    <nd ref='-194279' />
    <nd ref='-194280' />
    <nd ref='-194281' />
    <nd ref='-194282' />
    <nd ref='-194283' />
    <nd ref='-194284' />
    <nd ref='-194239' />
  </way>
  <way id='-115123' action='modify'>
    <nd ref='-194285' />
    <nd ref='-194287' />
    <nd ref='-194288' />
    <nd ref='-194289' />
    <nd ref='-194290' />
    <nd ref='-194291' />
    <nd ref='-194292' />
    <nd ref='-194293' />
    <nd ref='-194294' />
    <nd ref='-194295' />
    <nd ref='-194296' />
    <nd ref='-194297' />
    <nd ref='-194298' />
    <nd ref='-194299' />
    <nd ref='-194300' />
    <nd ref='-194301' />
    <nd ref='-194302' />
    <nd ref='-194303' />
    <nd ref='-194304' />
    <nd ref='-194305' />
    <nd ref='-194306' />
    <nd ref='-194307' />
    <nd ref='-194308' />
    <nd ref='-194309' />
    <nd ref='-194310' />
    <nd ref='-194311' />
    <nd ref='-194312' />
    <nd ref='-194313' />
    <nd ref='-194314' />
    <nd ref='-194315' />
    <nd ref='-194316' />
    <nd ref='-194317' />
    <nd ref='-194318' />
    <nd ref='-194319' />
    <nd ref='-194320' />
    <nd ref='-194321' />
    <nd ref='-194322' />
    <nd ref='-194323' />
    <nd ref='-194324' />
    <nd ref='-194325' />
    <nd ref='-194326' />
    <nd ref='-194327' />
    <nd ref='-194328' />
    <nd ref='-194329' />
    <nd ref='-194330' />
    <nd ref='-194331' />
    <nd ref='-194286' />
  </way>
  <way id='-115124' action='modify'>
    <nd ref='-194407' />
    <nd ref='-194406' />
    <nd ref='-194405' />
    <nd ref='-194332' />
    <nd ref='-194333' />
    <nd ref='-194334' />
    <nd ref='-194335' />
    <nd ref='-194336' />
    <nd ref='-194337' />
    <nd ref='-194338' />
    <nd ref='-194339' />
    <nd ref='-194340' />
    <nd ref='-194341' />
    <nd ref='-194342' />
    <nd ref='-194343' />
    <nd ref='-194344' />
    <nd ref='-194345' />
    <nd ref='-194346' />
    <nd ref='-194347' />
    <nd ref='-194348' />
    <nd ref='-194349' />
    <nd ref='-194350' />
    <nd ref='-194351' />
    <nd ref='-194352' />
    <nd ref='-194353' />
    <nd ref='-194354' />
    <nd ref='-194355' />
    <nd ref='-194356' />
    <nd ref='-194357' />
    <nd ref='-194358' />
    <nd ref='-194359' />
    <nd ref='-194360' />
    <nd ref='-194361' />
    <nd ref='-194362' />
    <nd ref='-194363' />
    <nd ref='-194364' />
    <nd ref='-194365' />
    <nd ref='-194366' />
    <nd ref='-194205' />
  </way>
  <way id='-115125' action='modify'>
    <nd ref='-194404' />
    <nd ref='-194403' />
    <nd ref='-194402' />
    <nd ref='-194367' />
    <nd ref='-194368' />
    <nd ref='-194369' />
    <nd ref='-194370' />
    <nd ref='-194371' />
    <nd ref='-194372' />
    <nd ref='-194373' />
    <nd ref='-194374' />
    <nd ref='-194375' />
    <nd ref='-194376' />
    <nd ref='-194377' />
    <nd ref='-194378' />
    <nd ref='-194379' />
    <nd ref='-194380' />
    <nd ref='-194381' />
    <nd ref='-194382' />
    <nd ref='-194383' />
    <nd ref='-194384' />
    <nd ref='-194385' />
    <nd ref='-194386' />
    <nd ref='-194387' />
    <nd ref='-194388' />
    <nd ref='-194389' />
    <nd ref='-194390' />
    <nd ref='-194391' />
    <nd ref='-194392' />
    <nd ref='-194393' />
    <nd ref='-194394' />
    <nd ref='-194395' />
    <nd ref='-194396' />
    <nd ref='-194397' />
    <nd ref='-194398' />
    <nd ref='-194399' />
    <nd ref='-194400' />
    <nd ref='-194401' />
    <nd ref='-194194' />
  </way>
  <way id='-115126' action='modify'>
    <nd ref='-194418' />
    <nd ref='-194419' />
    <nd ref='-194420' />
    <nd ref='-194421' />
    <nd ref='-194432' />
    <nd ref='-194441' />
    <nd ref='-194429' />
    <nd ref='-194442' />
    <nd ref='-194431' />
    <nd ref='-194430' />
    <nd ref='-194413' />
  </way>
  <way id='-115127' action='modify'>
    <nd ref='-193488' />
    <nd ref='-194422' />
    <nd ref='-194423' />
    <nd ref='-194424' />
    <nd ref='-194443' />
    <nd ref='-194425' />
    <nd ref='-194439' />
    <nd ref='-194447' />
    <nd ref='-194444' />
    <nd ref='-194446' />
    <nd ref='-194426' />
    <nd ref='-194445' />
    <nd ref='-194440' />
    <nd ref='-194427' />
    <nd ref='-194428' />
    <nd ref='-194414' />
  </way>
  <way id='-115128' action='modify'>
    <nd ref='-194418' />
    <nd ref='-193494' />
    <nd ref='-193495' />
    <nd ref='-193496' />
    <nd ref='-193411' />
  </way>
  <way id='-115129' action='modify'>
    <nd ref='-193517' />
    <nd ref='-193487' />
    <nd ref='-194433' />
    <nd ref='-194435' />
    <nd ref='-193488' />
  </way>
  <way id='-115130' action='modify'>
    <nd ref='-193425' />
    <nd ref='-193426' />
    <nd ref='-193427' />
    <nd ref='-193428' />
    <nd ref='-193429' />
    <nd ref='-193430' />
    <nd ref='-193431' />
    <nd ref='-193432' />
    <nd ref='-193433' />
    <nd ref='-194437' />
  </way>
  <way id='-115131' action='modify'>
    <nd ref='-193391' />
    <nd ref='-193393' />
    <nd ref='-193394' />
    <nd ref='-193395' />
    <nd ref='-193396' />
    <nd ref='-193397' />
    <nd ref='-193398' />
    <nd ref='-193399' />
    <nd ref='-193400' />
    <nd ref='-194438' />
  </way>
  <way id='-115132' action='modify'>
    <nd ref='-193467' />
    <nd ref='-193468' />
    <nd ref='-193469' />
    <nd ref='-193470' />
    <nd ref='-193471' />
    <nd ref='-193497' />
  </way>
  <way id='-115133' action='modify'>
    <nd ref='-193481' />
    <nd ref='-193482' />
    <nd ref='-193483' />
    <nd ref='-193484' />
    <nd ref='-193485' />
    <nd ref='-193486' />
    <nd ref='-193473' />
  </way>
  <way id='-115134' action='modify'>
    <nd ref='-194413' />
    <nd ref='-194410' />
    <nd ref='-194411' />
    <nd ref='-194412' />
    <nd ref='-194768' />
    <nd ref='-194539' />
  </way>
  <way id='-115135' action='modify'>
    <nd ref='-193390' />
    <nd ref='-194237' />
    <nd ref='-193458' />
    <nd ref='-193459' />
    <nd ref='-193460' />
    <nd ref='-193461' />
  </way>
  <way id='-115136' action='modify'>
    <nd ref='-193477' />
    <nd ref='-193478' />
    <nd ref='-193479' />
    <nd ref='-193480' />
    <nd ref='-193481' />
  </way>
  <way id='-115137' action='modify'>
    <nd ref='-193477' />
    <nd ref='-194448' />
    <nd ref='-194449' />
    <nd ref='-194450' />
    <nd ref='-194451' />
    <nd ref='-194452' />
    <nd ref='-194453' />
    <nd ref='-194454' />
    <nd ref='-194455' />
    <nd ref='-194456' />
    <nd ref='-194457' />
    <nd ref='-194458' />
    <nd ref='-194414' />
  </way>
  <way id='-115138' action='modify'>
    <nd ref='-193461' />
    <nd ref='-194459' />
    <nd ref='-194460' />
    <nd ref='-194461' />
    <nd ref='-194462' />
    <nd ref='-194463' />
    <nd ref='-194464' />
    <nd ref='-194465' />
    <nd ref='-194466' />
    <nd ref='-194467' />
    <nd ref='-194468' />
    <nd ref='-194469' />
    <nd ref='-194470' />
    <nd ref='-194471' />
    <nd ref='-194472' />
    <nd ref='-194413' />
  </way>
  <way id='-115140' action='modify'>
    <nd ref='-193360' />
    <nd ref='-193359' />
  </way>
  <way id='-115141' action='modify'>
    <nd ref='-193362' />
    <nd ref='-193382' />
  </way>
  <way id='-115144' action='modify'>
    <nd ref='-193368' />
    <nd ref='-193369' />
    <nd ref='-193363' />
  </way>
  <way id='-115145' action='modify'>
    <nd ref='-193375' />
    <nd ref='-193376' />
    <nd ref='-193361' />
  </way>
  <way id='-115146' action='modify'>
    <nd ref='-193385' />
    <nd ref='-193386' />
    <nd ref='-193387' />
    <nd ref='-193388' />
  </way>
  <way id='-115147' action='modify'>
    <nd ref='-193379' />
    <nd ref='-193380' />
    <nd ref='-193381' />
    <nd ref='-193389' />
  </way>
  <way id='-115148' action='modify'>
    <nd ref='-193364' />
    <nd ref='-193365' />
  </way>
  <way id='-115149' action='modify'>
    <nd ref='-193371' />
    <nd ref='-193372' />
  </way>
  <way id='-115150' action='modify'>
    <nd ref='-193378' />
    <nd ref='-193379' />
  </way>
  <way id='-115151' action='modify'>
    <nd ref='-193384' />
    <nd ref='-193385' />
  </way>
  <way id='-115152' action='modify'>
    <nd ref='-194473' />
    <nd ref='-194475' />
    <nd ref='-194476' />
    <nd ref='-194477' />
    <nd ref='-194478' />
    <nd ref='-194474' />
  </way>
  <way id='-115156' action='modify'>
    <nd ref='-194679' />
    <nd ref='-194681' />
    <nd ref='-194682' />
    <nd ref='-194683' />
  </way>
  <way id='-115157' action='modify'>
    <nd ref='-194683' />
    <nd ref='-194684' />
    <nd ref='-194685' />
    <nd ref='-194686' />
    <nd ref='-194687' />
    <nd ref='-194688' />
    <nd ref='-194689' />
    <nd ref='-194690' />
    <nd ref='-194691' />
    <nd ref='-194692' />
  </way>
  <way id='-115158' action='modify'>
    <nd ref='-194596' />
    <nd ref='-194643' />
    <nd ref='-194641' />
    <nd ref='-194640' />
  </way>
  <way id='-115159' action='modify'>
    <nd ref='-194640' />
    <nd ref='-194639' />
    <nd ref='-194638' />
    <nd ref='-194637' />
    <nd ref='-194636' />
    <nd ref='-194642' />
    <nd ref='-194635' />
    <nd ref='-194634' />
    <nd ref='-194633' />
    <nd ref='-194645' />
  </way>
  <way id='-115160' action='modify'>
    <nd ref='-194586' />
    <nd ref='-194587' />
    <nd ref='-194588' />
    <nd ref='-194644' />
    <nd ref='-194777' />
    <nd ref='-194589' />
    <nd ref='-194775' />
    <nd ref='-194590' />
    <nd ref='-194776' />
    <nd ref='-194591' />
    <nd ref='-194592' />
    <nd ref='-194593' />
    <nd ref='-194594' />
  </way>
  <way id='-115161' action='modify'>
    <nd ref='-194594' />
    <nd ref='-194595' />
    <nd ref='-194538' />
    <nd ref='-194770' />
  </way>
  <way id='-115162' action='modify'>
    <nd ref='-194526' />
    <nd ref='-194527' />
    <nd ref='-194528' />
    <nd ref='-194802' />
    <nd ref='-194771' />
    <nd ref='-194529' />
    <nd ref='-194772' />
    <nd ref='-194774' />
    <nd ref='-194530' />
    <nd ref='-194773' />
    <nd ref='-194531' />
    <nd ref='-194532' />
    <nd ref='-194533' />
    <nd ref='-194534' />
  </way>
  <way id='-115163' action='modify'>
    <nd ref='-194534' />
    <nd ref='-194535' />
    <nd ref='-194536' />
    <nd ref='-194769' />
  </way>
  <way id='-115164' action='modify'>
    <nd ref='-194513' />
    <nd ref='-194514' />
    <nd ref='-194515' />
    <nd ref='-194516' />
    <nd ref='-194517' />
    <nd ref='-194518' />
    <nd ref='-194519' />
    <nd ref='-194520' />
    <nd ref='-194521' />
    <nd ref='-194522' />
    <nd ref='-194523' />
  </way>
  <way id='-115165' action='modify'>
    <nd ref='-194523' />
    <nd ref='-195161' />
    <nd ref='-194963' />
    <nd ref='-194964' />
    <nd ref='-194965' />
    <nd ref='-194966' />
    <nd ref='-194524' />
    <nd ref='-194525' />
    <nd ref='-195159' />
    <nd ref='-195157' />
    <nd ref='-195155' />
    <nd ref='-195153' />
    <nd ref='-194778' />
    <nd ref='-194526' />
  </way>
  <way id='-115166' action='modify'>
    <nd ref='-194573' />
    <nd ref='-194574' />
    <nd ref='-194575' />
    <nd ref='-194576' />
    <nd ref='-194577' />
    <nd ref='-194578' />
    <nd ref='-194579' />
    <nd ref='-194580' />
    <nd ref='-194581' />
    <nd ref='-194582' />
    <nd ref='-194583' />
  </way>
  <way id='-115167' action='modify'>
    <nd ref='-194583' />
    <nd ref='-195164' />
    <nd ref='-195167' />
    <nd ref='-194584' />
    <nd ref='-195171' />
    <nd ref='-195174' />
    <nd ref='-194585' />
    <nd ref='-194961' />
    <nd ref='-195196' />
    <nd ref='-195193' />
    <nd ref='-195205' />
    <nd ref='-195191' />
    <nd ref='-195202' />
    <nd ref='-195199' />
    <nd ref='-194779' />
    <nd ref='-194586' />
  </way>
  <way id='-115168' action='modify'>
    <nd ref='-194645' />
    <nd ref='-194632' />
    <nd ref='-194646' />
    <nd ref='-194647' />
    <nd ref='-195243' />
    <nd ref='-195245' />
    <nd ref='-195249' />
    <nd ref='-195252' />
    <nd ref='-195255' />
    <nd ref='-195259' />
    <nd ref='-194648' />
    <nd ref='-195262' />
    <nd ref='-195266' />
    <nd ref='-195269' />
    <nd ref='-194631' />
    <nd ref='-195272' />
    <nd ref='-195276' />
    <nd ref='-195177' />
    <nd ref='-195180' />
    <nd ref='-194962' />
    <nd ref='-194649' />
    <nd ref='-194630' />
    <nd ref='-194651' />
    <nd ref='-194650' />
    <nd ref='-194652' />
    <nd ref='-194629' />
  </way>
  <way id='-115169' action='modify'>
    <nd ref='-194629' />
    <nd ref='-194628' />
    <nd ref='-194627' />
    <nd ref='-194653' />
    <nd ref='-194626' />
    <nd ref='-194654' />
    <nd ref='-194625' />
    <nd ref='-194624' />
    <nd ref='-194623' />
    <nd ref='-194622' />
    <nd ref='-194621' />
    <nd ref='-194620' />
    <nd ref='-194619' />
    <nd ref='-194618' />
    <nd ref='-194655' />
    <nd ref='-194861' />
    <nd ref='-194862' />
    <nd ref='-194863' />
    <nd ref='-194656' />
  </way>
  <way id='-115170' action='modify'>
    <nd ref='-194692' />
    <nd ref='-194693' />
    <nd ref='-194694' />
    <nd ref='-194695' />
    <nd ref='-194696' />
    <nd ref='-194697' />
    <nd ref='-194698' />
    <nd ref='-195186' />
    <nd ref='-194699' />
    <nd ref='-194700' />
    <nd ref='-194701' />
    <nd ref='-194702' />
    <nd ref='-194703' />
  </way>
  <way id='-115171' action='modify'>
    <nd ref='-194703' />
    <nd ref='-194704' />
    <nd ref='-194705' />
    <nd ref='-194706' />
    <nd ref='-194707' />
    <nd ref='-194708' />
    <nd ref='-194709' />
    <nd ref='-194710' />
    <nd ref='-194711' />
    <nd ref='-194712' />
    <nd ref='-194713' />
    <nd ref='-194714' />
    <nd ref='-194715' />
    <nd ref='-194716' />
    <nd ref='-194717' />
    <nd ref='-194763' />
    <nd ref='-194751' />
  </way>
  <way id='-115172' action='modify'>
    <nd ref='-194656' />
    <nd ref='-194657' />
    <nd ref='-194864' />
    <nd ref='-194658' />
    <nd ref='-194661' />
    <nd ref='-194660' />
    <nd ref='-194662' />
    <nd ref='-194867' />
    <nd ref='-194659' />
    <nd ref='-194866' />
    <nd ref='-194663' />
    <nd ref='-194865' />
    <nd ref='-194664' />
    <nd ref='-194868' />
    <nd ref='-194665' />
    <nd ref='-194666' />
    <nd ref='-194975' />
    <nd ref='-194617' />
  </way>
  <way id='-115173' action='modify'>
    <nd ref='-194668' />
    <nd ref='-194667' />
    <nd ref='-194672' />
    <nd ref='-194671' />
    <nd ref='-194670' />
    <nd ref='-194669' />
    <nd ref='-194674' />
    <nd ref='-194673' />
    <nd ref='-194675' />
    <nd ref='-194616' />
  </way>
  <way id='-115174' action='modify'>
    <nd ref='-194599' />
    <nd ref='-194677' />
    <nd ref='-194598' />
    <nd ref='-194597' />
    <nd ref='-194678' />
    <nd ref='-194438' />
  </way>
  <way id='-115175' action='modify'>
    <nd ref='-194719' />
    <nd ref='-194720' />
    <nd ref='-194721' />
    <nd ref='-194722' />
    <nd ref='-194723' />
    <nd ref='-194724' />
    <nd ref='-194725' />
    <nd ref='-194726' />
    <nd ref='-194727' />
    <nd ref='-194728' />
  </way>
  <way id='-115176' action='modify'>
    <nd ref='-194746' />
    <nd ref='-194747' />
    <nd ref='-194748' />
    <nd ref='-194749' />
    <nd ref='-194750' />
    <nd ref='-194680' />
    <nd ref='-194437' />
  </way>
  <way id='-115177' action='modify'>
    <nd ref='-194557' />
    <nd ref='-195296' />
    <nd ref='-194558' />
    <nd ref='-194559' />
    <nd ref='-194560' />
    <nd ref='-194561' />
    <nd ref='-194562' />
    <nd ref='-194563' />
    <nd ref='-194564' />
    <nd ref='-194565' />
    <nd ref='-194566' />
    <nd ref='-194567' />
    <nd ref='-194568' />
    <nd ref='-194569' />
    <nd ref='-194570' />
  </way>
  <way id='-115178' action='modify'>
    <nd ref='-194414' />
    <nd ref='-194415' />
    <nd ref='-194416' />
    <nd ref='-194417' />
    <nd ref='-194479' />
    <nd ref='-194480' />
  </way>
  <way id='-115179' action='modify'>
    <nd ref='-194498' />
    <nd ref='-194874' />
    <nd ref='-194499' />
    <nd ref='-194500' />
    <nd ref='-194501' />
    <nd ref='-194502' />
    <nd ref='-194503' />
    <nd ref='-194504' />
    <nd ref='-194505' />
    <nd ref='-194506' />
    <nd ref='-194507' />
    <nd ref='-194508' />
    <nd ref='-194509' />
    <nd ref='-194510' />
    <nd ref='-194511' />
  </way>
  <way id='-115180' action='modify'>
    <nd ref='-194751' />
    <nd ref='-194753' />
    <nd ref='-194754' />
    <nd ref='-194755' />
    <nd ref='-194756' />
    <nd ref='-194757' />
    <nd ref='-194758' />
    <nd ref='-194759' />
    <nd ref='-194760' />
    <nd ref='-194803' />
    <nd ref='-194761' />
    <nd ref='-194762' />
    <nd ref='-194764' />
    <nd ref='-194752' />
    <nd ref='-194718' />
  </way>
  <way id='-115181' action='modify'>
    <nd ref='-194512' />
    <nd ref='-194766' />
    <nd ref='-194767' />
    <nd ref='-194871' />
    <nd ref='-194870' />
    <nd ref='-194765' />
    <nd ref='-194869' />
    <nd ref='-194859' />
    <nd ref='-194513' />
  </way>
  <way id='-115182' action='modify'>
    <nd ref='-194572' />
    <nd ref='-194860' />
    <nd ref='-194573' />
  </way>
  <way id='-115183' action='modify'>
    <nd ref='-194556' />
    <nd ref='-194557' />
  </way>
  <way id='-115184' action='modify'>
    <nd ref='-194497' />
    <nd ref='-194498' />
  </way>
  <way id='-115185' action='modify'>
    <nd ref='-194718' />
    <nd ref='-194780' />
    <nd ref='-194781' />
    <nd ref='-194782' />
    <nd ref='-194783' />
    <nd ref='-194784' />
    <nd ref='-194785' />
    <nd ref='-194786' />
    <nd ref='-194787' />
    <nd ref='-194788' />
    <nd ref='-194789' />
    <nd ref='-194790' />
    <nd ref='-194719' />
  </way>
  <way id='-115186' action='modify'>
    <nd ref='-194617' />
    <nd ref='-194791' />
    <nd ref='-194792' />
    <nd ref='-194793' />
    <nd ref='-194794' />
    <nd ref='-194795' />
    <nd ref='-194796' />
    <nd ref='-194797' />
    <nd ref='-194798' />
    <nd ref='-194799' />
    <nd ref='-194800' />
    <nd ref='-194801' />
    <nd ref='-194668' />
  </way>
  <way id='-115187' action='modify'>
    <nd ref='-193363' />
    <nd ref='-194804' />
    <nd ref='-194805' />
    <nd ref='-194806' />
    <nd ref='-194807' />
    <nd ref='-194808' />
    <nd ref='-194809' />
    <nd ref='-194810' />
    <nd ref='-194811' />
    <nd ref='-194812' />
    <nd ref='-194813' />
    <nd ref='-194814' />
    <nd ref='-194815' />
    <nd ref='-194816' />
    <nd ref='-194817' />
  </way>
  <way id='-115188' action='modify'>
    <nd ref='-193361' />
    <nd ref='-194822' />
    <nd ref='-194823' />
    <nd ref='-194824' />
    <nd ref='-194825' />
    <nd ref='-194826' />
    <nd ref='-194827' />
    <nd ref='-194828' />
    <nd ref='-194829' />
    <nd ref='-194875' />
    <nd ref='-194830' />
    <nd ref='-194831' />
    <nd ref='-194832' />
    <nd ref='-194833' />
    <nd ref='-194834' />
    <nd ref='-194969' />
    <nd ref='-194835' />
  </way>
  <way id='-115189' action='modify'>
    <nd ref='-194817' />
    <nd ref='-194818' />
    <nd ref='-194819' />
    <nd ref='-194820' />
  </way>
  <way id='-115190' action='modify'>
    <nd ref='-194835' />
    <nd ref='-194836' />
    <nd ref='-194837' />
    <nd ref='-194821' />
  </way>
  <way id='-115191' action='modify'>
    <nd ref='-194841' />
    <nd ref='-194842' />
    <nd ref='-194843' />
    <nd ref='-194844' />
    <nd ref='-194845' />
    <nd ref='-194846' />
    <nd ref='-194858' />
    <nd ref='-194847' />
    <nd ref='-193362' />
  </way>
  <way id='-115192' action='modify'>
    <nd ref='-194852' />
    <nd ref='-194853' />
    <nd ref='-194854' />
    <nd ref='-194855' />
    <nd ref='-194856' />
    <nd ref='-194857' />
    <nd ref='-194849' />
    <nd ref='-193360' />
  </way>
  <way id='-115193' action='modify'>
    <nd ref='-194848' />
    <nd ref='-194850' />
    <nd ref='-195027' />
  </way>
  <way id='-115194' action='modify'>
    <nd ref='-194838' />
    <nd ref='-194839' />
    <nd ref='-195026' />
  </way>
  <way id='-115195' action='modify'>
    <nd ref='-194573' />
    <nd ref='-194860' />
  </way>
  <way id='-115196' action='modify'>
    <nd ref='-193361' />
    <nd ref='-194968' />
    <nd ref='-194876' />
    <nd ref='-194877' />
    <nd ref='-194878' />
    <nd ref='-194879' />
    <nd ref='-194880' />
    <nd ref='-194881' />
    <nd ref='-194882' />
    <nd ref='-194883' />
    <nd ref='-194841' />
  </way>
  <way id='-115197' action='modify'>
    <nd ref='-193363' />
    <nd ref='-194967' />
    <nd ref='-194885' />
    <nd ref='-194886' />
    <nd ref='-194887' />
    <nd ref='-194888' />
    <nd ref='-194889' />
    <nd ref='-194890' />
    <nd ref='-194891' />
    <nd ref='-194892' />
    <nd ref='-194884' />
    <nd ref='-194852' />
  </way>
  <way id='-115198' action='modify'>
    <nd ref='-193388' />
    <nd ref='-194973' />
    <nd ref='-194893' />
    <nd ref='-194894' />
    <nd ref='-194895' />
    <nd ref='-194896' />
    <nd ref='-194897' />
    <nd ref='-194898' />
    <nd ref='-194899' />
    <nd ref='-194900' />
    <nd ref='-194901' />
    <nd ref='-194902' />
    <nd ref='-194903' />
    <nd ref='-194904' />
    <nd ref='-194970' />
    <nd ref='-193371' />
  </way>
  <way id='-115199' action='modify'>
    <nd ref='-193389' />
    <nd ref='-194974' />
    <nd ref='-194905' />
    <nd ref='-194906' />
    <nd ref='-194907' />
    <nd ref='-194908' />
    <nd ref='-194909' />
    <nd ref='-194910' />
    <nd ref='-194911' />
    <nd ref='-194912' />
    <nd ref='-194913' />
    <nd ref='-194914' />
    <nd ref='-194915' />
    <nd ref='-194916' />
    <nd ref='-193364' />
  </way>
  <way id='-115200' action='modify'>
    <nd ref='-194924' />
    <nd ref='-194925' />
    <nd ref='-194926' />
    <nd ref='-194927' />
    <nd ref='-194928' />
    <nd ref='-194929' />
    <nd ref='-194930' />
    <nd ref='-194931' />
    <nd ref='-194932' />
    <nd ref='-194933' />
    <nd ref='-194934' />
    <nd ref='-194935' />
    <nd ref='-194936' />
    <nd ref='-194937' />
    <nd ref='-194938' />
    <nd ref='-194971' />
    <nd ref='-194570' />
  </way>
  <way id='-115201' action='modify'>
    <nd ref='-194946' />
    <nd ref='-194947' />
    <nd ref='-194948' />
    <nd ref='-194949' />
    <nd ref='-194950' />
    <nd ref='-194951' />
    <nd ref='-194952' />
    <nd ref='-194953' />
    <nd ref='-194954' />
    <nd ref='-194955' />
    <nd ref='-194956' />
    <nd ref='-194957' />
    <nd ref='-194958' />
    <nd ref='-194959' />
    <nd ref='-194960' />
    <nd ref='-194972' />
    <nd ref='-194511' />
  </way>
  <way id='-115202' action='modify'>
    <nd ref='-194835' />
    <nd ref='-194939' />
    <nd ref='-194940' />
    <nd ref='-194941' />
    <nd ref='-194942' />
    <nd ref='-194943' />
    <nd ref='-194944' />
    <nd ref='-195024' />
    <nd ref='-195025' />
    <nd ref='-194945' />
    <nd ref='-194946' />
  </way>
  <way id='-115203' action='modify'>
    <nd ref='-194817' />
    <nd ref='-194917' />
    <nd ref='-194918' />
    <nd ref='-194919' />
    <nd ref='-194920' />
    <nd ref='-194921' />
    <nd ref='-194922' />
    <nd ref='-195023' />
    <nd ref='-194923' />
    <nd ref='-194924' />
  </way>
  <way id='-115204' action='modify'>
    <nd ref='-194570' />
    <nd ref='-195125' />
    <nd ref='-195127' />
    <nd ref='-195131' />
    <nd ref='-194571' />
    <nd ref='-195135' />
    <nd ref='-194872' />
    <nd ref='-195141' />
    <nd ref='-194873' />
    <nd ref='-195144' />
    <nd ref='-195147' />
    <nd ref='-194572' />
  </way>
  <way id='-115205' action='modify'>
    <nd ref='-194511' />
    <nd ref='-194537' />
    <nd ref='-194512' />
  </way>
  <way id='-115976' action='modify'>
    <nd ref='-194718' />
    <nd ref='-194976' />
    <nd ref='-194977' />
    <nd ref='-194978' />
    <nd ref='-194979' />
    <nd ref='-194980' />
    <nd ref='-194981' />
    <nd ref='-194982' />
    <nd ref='-194983' />
    <nd ref='-194984' />
    <nd ref='-194985' />
  </way>
  <way id='-116057' action='modify'>
    <nd ref='-194617' />
    <nd ref='-194986' />
    <nd ref='-194988' />
    <nd ref='-194989' />
    <nd ref='-194990' />
    <nd ref='-194991' />
    <nd ref='-194992' />
    <nd ref='-194993' />
    <nd ref='-194994' />
    <nd ref='-194995' />
    <nd ref='-194987' />
  </way>
  <way id='-116059' action='modify'>
    <nd ref='-194987' />
    <nd ref='-194996' />
    <nd ref='-194998' />
    <nd ref='-194999' />
    <nd ref='-195000' />
    <nd ref='-195001' />
    <nd ref='-195002' />
    <nd ref='-195003' />
    <nd ref='-195004' />
    <nd ref='-194997' />
  </way>
  <way id='-116079' action='modify'>
    <nd ref='-194985' />
    <nd ref='-195005' />
    <nd ref='-195007' />
    <nd ref='-195008' />
    <nd ref='-195009' />
    <nd ref='-195010' />
    <nd ref='-195011' />
    <nd ref='-195012' />
    <nd ref='-195013' />
    <nd ref='-195006' />
  </way>
  <way id='-116083' action='modify'>
    <nd ref='-195006' />
    <nd ref='-195014' />
    <nd ref='-195015' />
    <nd ref='-195016' />
    <nd ref='-195029' />
    <nd ref='-195017' />
    <nd ref='-195018' />
    <nd ref='-195030' />
    <nd ref='-195031' />
    <nd ref='-195032' />
    <nd ref='-195033' />
    <nd ref='-195034' />
    <nd ref='-195035' />
    <nd ref='-195036' />
    <nd ref='-195037' />
    <nd ref='-195038' />
    <nd ref='-195039' />
    <nd ref='-195040' />
    <nd ref='-195042' />
    <nd ref='-195026' />
  </way>
  <way id='-116091' action='modify'>
    <nd ref='-194997' />
    <nd ref='-195019' />
    <nd ref='-195020' />
    <nd ref='-195021' />
    <nd ref='-195022' />
    <nd ref='-195028' />
    <nd ref='-195043' />
    <nd ref='-195044' />
    <nd ref='-195045' />
    <nd ref='-195046' />
    <nd ref='-195047' />
    <nd ref='-195048' />
    <nd ref='-195049' />
    <nd ref='-195050' />
    <nd ref='-195051' />
    <nd ref='-195027' />
  </way>
  <way id='-116130' action='modify'>
    <nd ref='-195026' />
    <nd ref='-195041' />
    <nd ref='-194840' />
    <nd ref='-194841' />
  </way>
  <way id='-116133' action='modify'>
    <nd ref='-195027' />
    <nd ref='-195052' />
    <nd ref='-194851' />
    <nd ref='-194852' />
  </way>
  <relation id='-103192' action='modify'>
    <member type='way' ref='-115177' role='left' />
    <member type='way' ref='-115179' role='right' />
    <tag k='lane_width' v='4.0' />
    <tag k='location' v='urban' />
    <tag k='one_way' v='yes' />
    <tag k='region' v='de' />
    <tag k='speed_limit' v='10.00' />
    <tag k='subtype' v='road' />
    <tag k='type' v='lanelet' />
  </relation>
  <relation id='-103194' action='modify'>
    <member type='way' ref='-115133' role='right' />
    <member type='way' ref='-115132' role='left' />
    <tag k='lane_width' v='4.0' />
    <tag k='location' v='urban' />
    <tag k='one_way' v='yes' />
    <tag k='region' v='de' />
    <tag k='speed_limit' v='10.00' />
    <tag k='subtype' v='road' />
    <tag k='type' v='lanelet' />
  </relation>
  <relation id='-103195' action='modify'>
    <member type='way' ref='-115117' role='left' />
    <member type='way' ref='-115118' role='right' />
    <tag k='lane_width' v='4.0' />
    <tag k='location' v='urban' />
    <tag k='one_way' v='yes' />
    <tag k='region' v='de' />
    <tag k='speed_limit' v='15.00' />
    <tag k='subtype' v='road' />
    <tag k='type' v='lanelet' />
  </relation>
  <relation id='-103196' action='modify'>
    <member type='way' ref='-115071' role='left' />
    <member type='way' ref='-115129' role='right' />
    <tag k='lane_width' v='4.0' />
    <tag k='location' v='urban' />
    <tag k='one_way' v='yes' />
    <tag k='region' v='de' />
    <tag k='speed_limit' v='10.00' />
    <tag k='subtype' v='road' />
    <tag k='type' v='lanelet' />
  </relation>
  <relation id='-103197' action='modify'>
    <member type='way' ref='-115073' role='right' />
    <member type='way' ref='-115072' role='left' />
    <tag k='lane_width' v='4.0' />
    <tag k='location' v='urban' />
    <tag k='one_way' v='yes' />
    <tag k='region' v='de' />
    <tag k='speed_limit' v='10.00' />
    <tag k='subtype' v='road' />
    <tag k='type' v='lanelet' />
  </relation>
  <relation id='-103198' action='modify'>
    <member type='way' ref='-115079' role='right' />
    <member type='way' ref='-115078' role='left' />
    <tag k='lane_width' v='4.0' />
    <tag k='location' v='urban' />
    <tag k='one_way' v='yes' />
    <tag k='region' v='de' />
    <tag k='speed_limit' v='10.00' />
    <tag k='subtype' v='road' />
    <tag k='type' v='lanelet' />
  </relation>
  <relation id='-103199' action='modify'>
    <member type='way' ref='-115081' role='left' />
    <member type='way' ref='-115080' role='right' />
    <tag k='lane_width' v='4.0' />
    <tag k='location' v='urban' />
    <tag k='one_way' v='yes' />
    <tag k='region' v='de' />
    <tag k='speed_limit' v='10.00' />
    <tag k='subtype' v='road' />
    <tag k='type' v='lanelet' />
  </relation>
  <relation id='-103200' action='modify'>
    <member type='way' ref='-115101' role='right' />
    <member type='way' ref='-115100' role='left' />
    <tag k='lane_width' v='4.0' />
    <tag k='location' v='urban' />
    <tag k='one_way' v='yes' />
    <tag k='region' v='de' />
    <tag k='speed_limit' v='15.00' />
    <tag k='subtype' v='road' />
    <tag k='type' v='lanelet' />
  </relation>
  <relation id='-103201' action='modify'>
    <member type='way' ref='-115099' role='left' />
    <member type='way' ref='-115098' role='right' />
    <tag k='lane_width' v='4.0' />
    <tag k='location' v='urban' />
    <tag k='one_way' v='yes' />
    <tag k='region' v='de' />
    <tag k='speed_limit' v='15.00' />
    <tag k='subtype' v='road' />
    <tag k='type' v='lanelet' />
  </relation>
  <relation id='-103202' action='modify'>
    <member type='way' ref='-115104' role='right' />
    <member type='way' ref='-115105' role='left' />
    <tag k='lane_width' v='4.0' />
    <tag k='location' v='urban' />
    <tag k='one_way' v='yes' />
    <tag k='region' v='de' />
    <tag k='speed_limit' v='15.00' />
    <tag k='subtype' v='road' />
    <tag k='type' v='lanelet' />
  </relation>
  <relation id='-103203' action='modify'>
    <member type='way' ref='-115103' role='left' />
    <member type='way' ref='-115102' role='right' />
    <tag k='lane_width' v='4.0' />
    <tag k='location' v='urban' />
    <tag k='one_way' v='yes' />
    <tag k='region' v='de' />
    <tag k='speed_limit' v='15.00' />
    <tag k='subtype' v='road' />
    <tag k='type' v='lanelet' />
  </relation>
  <relation id='-103204' action='modify'>
    <member type='way' ref='-115114' role='right' />
    <member type='way' ref='-115115' role='left' />
    <tag k='lane_width' v='4.0' />
    <tag k='location' v='urban' />
    <tag k='one_way' v='yes' />
    <tag k='region' v='de' />
    <tag k='speed_limit' v='15.00' />
    <tag k='subtype' v='road' />
    <tag k='type' v='lanelet' />
  </relation>
  <relation id='-103205' action='modify'>
    <member type='way' ref='-115107' role='left' />
    <member type='way' ref='-115106' role='right' />
    <tag k='lane_width' v='4.0' />
    <tag k='location' v='urban' />
    <tag k='one_way' v='yes' />
    <tag k='region' v='de' />
    <tag k='speed_limit' v='15.00' />
    <tag k='subtype' v='road' />
    <tag k='type' v='lanelet' />
  </relation>
  <relation id='-103206' action='modify'>
    <member type='way' ref='-115108' role='right' />
    <member type='way' ref='-115109' role='left' />
    <tag k='lane_widthc' v='4.0' />
    <tag k='location' v='urban' />
    <tag k='one_way' v='yes' />
    <tag k='region' v='de' />
    <tag k='speed_limit' v='15.00' />
    <tag k='subtype' v='road' />
    <tag k='type' v='lanelet' />
  </relation>
  <relation id='-103207' action='modify'>
    <member type='way' ref='-115110' role='left' />
    <member type='way' ref='-115111' role='right' />
    <tag k='lane_width' v='4.0' />
    <tag k='location' v='urban' />
    <tag k='one_way' v='yes' />
    <tag k='region' v='de' />
    <tag k='speed_limit' v='15.00' />
    <tag k='subtype' v='road' />
    <tag k='type' v='lanelet' />
  </relation>
  <relation id='-103208' action='modify'>
    <member type='way' ref='-115112' role='left' />
    <member type='way' ref='-115113' role='right' />
    <tag k='lane_width' v='4.0' />
    <tag k='location' v='urban' />
    <tag k='one_way' v='yes' />
    <tag k='region' v='de' />
    <tag k='speed_limit' v='15.00' />
    <tag k='subtype' v='road' />
    <tag k='type' v='lanelet' />
  </relation>
  <relation id='-103209' action='modify'>
    <member type='way' ref='-115074' role='right' />
    <member type='way' ref='-115075' role='left' />
    <tag k='lane_width' v='4.0' />
    <tag k='location' v='urban' />
    <tag k='one_way' v='yes' />
    <tag k='region' v='de' />
    <tag k='speed_limit' v='10.00' />
    <tag k='subtype' v='road' />
    <tag k='type' v='lanelet' />
  </relation>
  <relation id='-103210' action='modify'>
    <member type='way' ref='-115077' role='left' />
    <member type='way' ref='-115076' role='right' />
    <tag k='lane_width' v='4.0' />
    <tag k='location' v='urban' />
    <tag k='one_way' v='yes' />
    <tag k='region' v='de' />
    <tag k='speed_limit' v='10.00' />
    <tag k='subtype' v='road' />
    <tag k='type' v='lanelet' />
  </relation>
  <relation id='-103211' action='modify'>
    <member type='way' ref='-115082' role='right' />
    <member type='way' ref='-115083' role='left' />
    <tag k='lane_width' v='4.0' />
    <tag k='location' v='urban' />
    <tag k='one_way' v='yes' />
    <tag k='region' v='de' />
    <tag k='speed_limit' v='15.00' />
    <tag k='subtype' v='road' />
    <tag k='type' v='lanelet' />
  </relation>
  <relation id='-103212' action='modify'>
    <member type='way' ref='-115084' role='left' />
    <member type='way' ref='-115085' role='right' />
    <tag k='lane_width' v='4.0' />
    <tag k='location' v='urban' />
    <tag k='one_way' v='yes' />
    <tag k='region' v='de' />
    <tag k='speed_limit' v='15.00' />
    <tag k='subtype' v='road' />
    <tag k='type' v='lanelet' />
  </relation>
  <relation id='-103213' action='modify'>
    <member type='way' ref='-115087' role='left' />
    <member type='way' ref='-115086' role='right' />
    <tag k='lane_width' v='4.0' />
    <tag k='location' v='urban' />
    <tag k='one_way' v='yes' />
    <tag k='region' v='de' />
    <tag k='speed_limit' v='10.00' />
    <tag k='subtype' v='road' />
    <tag k='type' v='lanelet' />
  </relation>
  <relation id='-103214' action='modify'>
    <member type='way' ref='-115089' role='left' />
    <member type='way' ref='-115088' role='right' />
    <tag k='lane_width' v='4.0' />
    <tag k='location' v='urban' />
    <tag k='one_way' v='yes' />
    <tag k='region' v='de' />
    <tag k='speed_limit' v='10.00' />
    <tag k='subtype' v='road' />
    <tag k='type' v='lanelet' />
  </relation>
  <relation id='-103215' action='modify'>
    <member type='way' ref='-115090' role='right' />
    <member type='way' ref='-115091' role='left' />
    <tag k='lane_width' v='4.0' />
    <tag k='location' v='urban' />
    <tag k='one_way' v='yes' />
    <tag k='region' v='de' />
    <tag k='speed_limit' v='15.00' />
    <tag k='subtype' v='road' />
    <tag k='type' v='lanelet' />
  </relation>
  <relation id='-103216' action='modify'>
    <member type='way' ref='-115093' role='left' />
    <member type='way' ref='-115092' role='right' />
    <tag k='lane_width' v='4.0' />
    <tag k='location' v='urban' />
    <tag k='one_way' v='yes' />
    <tag k='region' v='de' />
    <tag k='speed_limit' v='15.00' />
    <tag k='subtype' v='road' />
    <tag k='type' v='lanelet' />
  </relation>
  <relation id='-103217' action='modify'>
    <member type='way' ref='-115094' role='right' />
    <member type='way' ref='-115095' role='left' />
    <tag k='lane_width' v='4.0' />
    <tag k='location' v='urban' />
    <tag k='one_way' v='yes' />
    <tag k='region' v='de' />
    <tag k='speed_limit' v='10.00' />
    <tag k='subtype' v='road' />
    <tag k='type' v='lanelet' />
  </relation>
  <relation id='-103218' action='modify'>
    <member type='way' ref='-115096' role='left' />
    <member type='way' ref='-115097' role='right' />
    <tag k='lane_width' v='4.0' />
    <tag k='location' v='urban' />
    <tag k='one_way' v='yes' />
    <tag k='region' v='de' />
    <tag k='speed_limit' v='10.00' />
    <tag k='subtype' v='road' />
    <tag k='type' v='lanelet' />
  </relation>
  <relation id='-103219' action='modify'>
    <member type='way' ref='-115120' role='left' />
    <member type='way' ref='-115121' role='right' />
    <tag k='lane_width' v='4.0' />
    <tag k='location' v='urban' />
    <tag k='one_way' v='yes' />
    <tag k='region' v='de' />
    <tag k='speed_limit' v='15.00' />
    <tag k='subtype' v='road' />
    <tag k='type' v='lanelet' />
  </relation>
  <relation id='-103220' action='modify'>
    <member type='way' ref='-115131' role='left' />
    <member type='way' ref='-115130' role='right' />
    <tag k='lane_width' v='4.0' />
    <tag k='location' v='urban' />
    <tag k='one_way' v='yes' />
    <tag k='region' v='de' />
    <tag k='speed_limit' v='10.00' />
    <tag k='subtype' v='road' />
    <tag k='type' v='lanelet' />
  </relation>
  <relation id='-103221' action='modify'>
    <member type='way' ref='-115125' role='left' />
    <member type='way' ref='-115124' role='right' />
    <tag k='lane_width' v='4.0' />
    <tag k='location' v='urban' />
    <tag k='one_way' v='yes' />
    <tag k='region' v='de' />
    <tag k='speed_limit' v='15.00' />
    <tag k='subtype' v='road' />
    <tag k='type' v='lanelet' />
  </relation>
  <relation id='-103222' action='modify'>
    <member type='way' ref='-115123' role='left' />
    <member type='way' ref='-115122' role='right' />
    <tag k='lane_width' v='4.0' />
    <tag k='location' v='urban' />
    <tag k='one_way' v='yes' />
    <tag k='region' v='de' />
    <tag k='speed_limit' v='15.00' />
    <tag k='subtype' v='road' />
    <tag k='type' v='lanelet' />
  </relation>
  <relation id='-103223' action='modify'>
    <member type='way' ref='-115126' role='left' />
    <member type='way' ref='-115127' role='right' />
    <tag k='lane_width' v='4.0' />
    <tag k='location' v='urban' />
    <tag k='one_way' v='yes' />
    <tag k='region' v='de' />
    <tag k='speed_limit' v='7.00' />
    <tag k='subtype' v='road' />
    <tag k='type' v='lanelet' />
  </relation>
  <relation id='-103224' action='modify'>
    <member type='way' ref='-115128' role='left' />
    <member type='way' ref='-115070' role='right' />
    <tag k='lane_width' v='4.0' />
    <tag k='location' v='urban' />
    <tag k='one_way' v='yes' />
    <tag k='region' v='de' />
    <tag k='speed_limit' v='10.00' />
    <tag k='subtype' v='road' />
    <tag k='type' v='lanelet' />
  </relation>
  <relation id='-103225' action='modify'>
    <member type='way' ref='-115067' role='left' />
    <member type='way' ref='-115068' role='right' />
    <tag k='lane_width' v='4.0' />
    <tag k='location' v='urban' />
    <tag k='one_way' v='yes' />
    <tag k='region' v='de' />
    <tag k='speed_limit' v='10.00' />
    <tag k='subtype' v='road' />
    <tag k='type' v='lanelet' />
  </relation>
  <relation id='-103226' action='modify'>
    <member type='way' ref='-115066' role='right' />
    <member type='way' ref='-115135' role='left' />
    <tag k='lane_width' v='4.0' />
    <tag k='location' v='urban' />
    <tag k='one_way' v='yes' />
    <tag k='region' v='de' />
    <tag k='speed_limit' v='7.00' />
    <tag k='subtype' v='road' />
    <tag k='type' v='lanelet' />
  </relation>
  <relation id='-103227' action='modify'>
    <member type='way' ref='-115136' role='right' />
    <member type='way' ref='-115069' role='left' />
    <tag k='lane_width' v='4.0' />
    <tag k='location' v='urban' />
    <tag k='one_way' v='yes' />
    <tag k='region' v='de' />
    <tag k='speed_limit' v='7.00' />
    <tag k='subtype' v='road' />
    <tag k='type' v='lanelet' />
  </relation>
  <relation id='-103228' action='modify'>
    <member type='way' ref='-115137' role='right' />
    <member type='way' ref='-115138' role='left' />
    <tag k='lane_width' v='4.0' />
    <tag k='location' v='urban' />
    <tag k='one_way' v='yes' />
    <tag k='region' v='de' />
    <tag k='speed_limit' v='7.5' />
    <tag k='subtype' v='road' />
    <tag k='type' v='lanelet' />
  </relation>
  <relation id='-103229' action='modify'>
    <member type='way' ref='-115141' role='right' />
    <member type='way' ref='-115140' role='left' />
    <tag k='lane_width' v='4.0' />
    <tag k='location' v='urban' />
    <tag k='one_way' v='yes' />
    <tag k='region' v='de' />
    <tag k='speed_limit' v='10.00' />
    <tag k='subtype' v='road' />
    <tag k='type' v='lanelet' />
  </relation>
  <relation id='-103230' action='modify'>
    <member type='way' ref='-115062' role='left' />
    <member type='way' ref='-115063' role='right' />
    <tag k='lane_width' v='4.0' />
    <tag k='location' v='urban' />
    <tag k='one_way' v='yes' />
    <tag k='region' v='de' />
    <tag k='speed_limit' v='10.00' />
    <tag k='subtype' v='road' />
    <tag k='type' v='lanelet' />
  </relation>
  <relation id='-103231' action='modify'>
    <member type='way' ref='-115144' role='left' />
    <member type='way' ref='-115145' role='right' />
    <tag k='lane_width' v='4.0' />
    <tag k='location' v='urban' />
    <tag k='one_way' v='yes' />
    <tag k='region' v='de' />
    <tag k='speed_limit' v='10.00' />
    <tag k='subtype' v='road' />
    <tag k='type' v='lanelet' />
  </relation>
  <relation id='-103232' action='modify'>
    <member type='way' ref='-115146' role='right' />
    <member type='way' ref='-115147' role='left' />
    <tag k='lane_width' v='4.0' />
    <tag k='location' v='urban' />
    <tag k='one_way' v='yes' />
    <tag k='region' v='de' />
    <tag k='speed_limit' v='10.00' />
    <tag k='subtype' v='road' />
    <tag k='type' v='lanelet' />
  </relation>
  <relation id='-103233' action='modify'>
    <member type='way' ref='-115148' role='left' />
    <member type='way' ref='-115149' role='right' />
    <tag k='lane_width' v='4.0' />
    <tag k='location' v='urban' />
    <tag k='one_way' v='yes' />
    <tag k='region' v='de' />
    <tag k='speed_limit' v='10.00' />
    <tag k='subtype' v='road' />
    <tag k='type' v='lanelet' />
  </relation>
  <relation id='-103234' action='modify'>
    <member type='way' ref='-115151' role='right' />
    <member type='way' ref='-115150' role='left' />
    <tag k='lane_width' v='4.0' />
    <tag k='location' v='urban' />
    <tag k='one_way' v='yes' />
    <tag k='region' v='de' />
    <tag k='speed_limit' v='10.00' />
    <tag k='subtype' v='road' />
    <tag k='type' v='lanelet' />
  </relation>
  <relation id='-103235' action='modify'>
    <member type='way' ref='-115163' role='right' />
    <member type='way' ref='-115161' role='left' />
    <tag k='lane_width' v='3.0' />
    <tag k='location' v='urban' />
    <tag k='one_way' v='yes' />
    <tag k='region' v='de' />
    <tag k='speed_limit' v='10.00' />
    <tag k='subtype' v='road' />
    <tag k='type' v='lanelet' />
  </relation>
  <relation id='-103236' action='modify'>
    <member type='way' ref='-115156' role='right' />
    <member type='way' ref='-115158' role='left' />
    <tag k='lane_width' v='3.0' />
    <tag k='location' v='urban' />
    <tag k='one_way' v='yes' />
    <tag k='region' v='de' />
    <tag k='speed_limit' v='10.00' />
    <tag k='subtype' v='road' />
    <tag k='type' v='lanelet' />
  </relation>
  <relation id='-103237' action='modify'>
    <member type='way' ref='-115157' role='right' />
    <member type='way' ref='-115159' role='left' />
    <tag k='lane_width' v='3.0' />
    <tag k='location' v='urban' />
    <tag k='one_way' v='yes' />
    <tag k='region' v='de' />
    <tag k='speed_limit' v='10.00' />
    <tag k='subtype' v='road' />
    <tag k='type' v='lanelet' />
  </relation>
  <relation id='-103238' action='modify'>
    <member type='way' ref='-115162' role='right' />
    <member type='way' ref='-115160' role='left' />
    <tag k='lane_width' v='3.0' />
    <tag k='location' v='urban' />
    <tag k='one_way' v='yes' />
    <tag k='region' v='de' />
    <tag k='speed_limit' v='10.00' />
    <tag k='subtype' v='road' />
    <tag k='type' v='lanelet' />
  </relation>
  <relation id='-103239' action='modify'>
    <member type='way' ref='-115168' role='left' />
    <member type='way' ref='-115170' role='right' />
    <tag k='lane_width' v='3.0' />
    <tag k='location' v='urban' />
    <tag k='one_way' v='yes' />
    <tag k='region' v='de' />
    <tag k='speed_limit' v='15.00' />
    <tag k='subtype' v='road' />
    <tag k='type' v='lanelet' />
  </relation>
  <relation id='-103240' action='modify'>
    <member type='way' ref='-115165' role='right' />
    <member type='way' ref='-115167' role='left' />
    <tag k='lane_width' v='3.0' />
    <tag k='location' v='urban' />
    <tag k='one_way' v='yes' />
    <tag k='region' v='de' />
    <tag k='speed_limit' v='15.00' />
    <tag k='subtype' v='road' />
    <tag k='type' v='lanelet' />
  </relation>
  <relation id='-103241' action='modify'>
    <member type='way' ref='-115164' role='right' />
    <member type='way' ref='-115166' role='left' />
    <tag k='lane_width' v='3.0' />
    <tag k='location' v='urban' />
    <tag k='one_way' v='yes' />
    <tag k='region' v='de' />
    <tag k='speed_limit' v='10.00' />
    <tag k='subtype' v='road' />
    <tag k='type' v='lanelet' />
  </relation>
  <relation id='-103242' action='modify'>
    <member type='way' ref='-115169' role='left' />
    <member type='way' ref='-115171' role='right' />
    <tag k='lane_width' v='4.0' />
    <tag k='location' v='urban' />
    <tag k='one_way' v='yes' />
    <tag k='region' v='de' />
    <tag k='speed_limit' v='10.00' />
    <tag k='subtype' v='road' />
    <tag k='type' v='lanelet' />
  </relation>
  <relation id='-103243' action='modify'>
    <member type='way' ref='-115172' role='left' />
    <member type='way' ref='-115180' role='right' />
    <tag k='lane_width' v='4.0' />
    <tag k='location' v='urban' />
    <tag k='one_way' v='yes' />
    <tag k='region' v='de' />
    <tag k='speed_limit' v='15.00' />
    <tag k='subtype' v='road' />
    <tag k='type' v='lanelet' />
  </relation>
  <relation id='-103244' action='modify'>
    <member type='way' ref='-115181' role='right' />
    <member type='way' ref='-115182' role='left' />
    <tag k='lane_width' v='3.0' />
    <tag k='location' v='urban' />
    <tag k='one_way' v='yes' />
    <tag k='region' v='de' />
    <tag k='speed_limit' v='15.00' />
    <tag k='subtype' v='road' />
    <tag k='type' v='lanelet' />
  </relation>
  <relation id='-103245' action='modify'>
    <member type='way' ref='-115183' role='left' />
    <member type='way' ref='-115184' role='right' />
    <tag k='lane_width' v='3.0' />
    <tag k='location' v='urban' />
    <tag k='one_way' v='yes' />
    <tag k='region' v='de' />
    <tag k='speed_limit' v='15.00' />
    <tag k='subtype' v='road' />
    <tag k='type' v='lanelet' />
  </relation>
  <relation id='-103246' action='modify'>
    <member type='way' ref='-115204' role='left' />
    <member type='way' ref='-115205' role='right' />
    <tag k='lane_width' v='3.0' />
    <tag k='location' v='urban' />
    <tag k='one_way' v='yes' />
    <tag k='region' v='de' />
    <tag k='speed_limit' v='10.00' />
    <tag k='subtype' v='road' />
    <tag k='type' v='lanelet' />
  </relation>
  <relation id='-103247' action='modify'>
    <member type='way' ref='-115175' role='right' />
    <member type='way' ref='-115173' role='left' />
    <tag k='lane_width' v='4.0' />
    <tag k='location' v='urban' />
    <tag k='one_way' v='yes' />
    <tag k='region' v='de' />
    <tag k='speed_limit' v='15.00' />
    <tag k='subtype' v='road' />
    <tag k='type' v='lanelet' />
  </relation>
  <relation id='-103250' action='modify'>
    <member type='way' ref='-115134' role='left' />
    <member type='way' ref='-115178' role='right' />
    <tag k='lane_width' v='3.0' />
    <tag k='location' v='urban' />
    <tag k='one_way' v='yes' />
    <tag k='region' v='de' />
    <tag k='speed_limit' v='15.00' />
    <tag k='subtype' v='road' />
    <tag k='type' v='lanelet' />
  </relation>
  <relation id='-103251' action='modify'>
    <member type='way' ref='-115174' role='left' />
    <member type='way' ref='-115176' role='right' />
    <tag k='lane_width' v='3.0' />
    <tag k='location' v='urban' />
    <tag k='one_way' v='yes' />
    <tag k='region' v='de' />
    <tag k='speed_limit' v='15.00' />
    <tag k='subtype' v='road' />
    <tag k='type' v='lanelet' />
  </relation>
  <relation id='-103252' action='modify'>
    <member type='way' ref='-115186' role='left' />
    <member type='way' ref='-115185' role='right' />
    <tag k='lane_width' v='4.0' />
    <tag k='location' v='urban' />
    <tag k='one_way' v='yes' />
    <tag k='region' v='de' />
    <tag k='speed_limit' v='10.00' />
    <tag k='subtype' v='road' />
    <tag k='type' v='lanelet' />
  </relation>
  <relation id='-103253' action='modify'>
    <member type='way' ref='-115187' role='left' />
    <member type='way' ref='-115188' role='right' />
    <tag k='lane_width' v='4.0' />
    <tag k='location' v='urban' />
    <tag k='one_way' v='yes' />
    <tag k='region' v='de' />
    <tag k='speed_limit' v='10.00' />
    <tag k='subtype' v='road' />
    <tag k='type' v='lanelet' />
  </relation>
  <relation id='-103254' action='modify'>
    <member type='way' ref='-115190' role='right' />
    <member type='way' ref='-115189' role='left' />
    <tag k='lane_width' v='4.0' />
    <tag k='location' v='urban' />
    <tag k='one_way' v='yes' />
    <tag k='region' v='de' />
    <tag k='speed_limit' v='10.00' />
    <tag k='subtype' v='road' />
    <tag k='type' v='lanelet' />
  </relation>
  <relation id='-103255' action='modify'>
    <member type='way' ref='-116133' role='left' />
    <member type='way' ref='-116130' role='right' />
    <tag k='lane_width' v='4.0' />
    <tag k='location' v='urban' />
    <tag k='one_way' v='yes' />
    <tag k='region' v='de' />
    <tag k='speed_limit' v='10.00' />
    <tag k='subtype' v='road' />
    <tag k='type' v='lanelet' />
  </relation>
  <relation id='-103256' action='modify'>
    <member type='way' ref='-115192' role='left' />
    <member type='way' ref='-115191' role='right' />
    <tag k='lane_width' v='4.0' />
    <tag k='location' v='urban' />
    <tag k='one_way' v='yes' />
    <tag k='region' v='de' />
    <tag k='speed_limit' v='10.00' />
    <tag k='subtype' v='road' />
    <tag k='type' v='lanelet' />
  </relation>
  <relation id='-103257' action='modify'>
    <member type='way' ref='-115197' role='left' />
    <member type='way' ref='-115196' role='right' />
    <tag k='lane_width' v='4.0' />
    <tag k='location' v='urban' />
    <tag k='one_way' v='yes' />
    <tag k='region' v='de' />
    <tag k='speed_limit' v='10.00' />
    <tag k='subtype' v='road' />
    <tag k='type' v='lanelet' />
  </relation>
  <relation id='-103258' action='modify'>
    <member type='way' ref='-115199' role='left' />
    <member type='way' ref='-115198' role='right' />
    <tag k='lane_width' v='4.0' />
    <tag k='location' v='urban' />
    <tag k='one_way' v='yes' />
    <tag k='region' v='de' />
    <tag k='speed_limit' v='10.00' />
    <tag k='subtype' v='road' />
    <tag k='type' v='lanelet' />
  </relation>
  <relation id='-103259' action='modify'>
    <member type='way' ref='-115202' role='right' />
    <member type='way' ref='-115203' role='left' />
    <tag k='lane_width' v='4.0' />
    <tag k='location' v='urban' />
    <tag k='one_way' v='yes' />
    <tag k='region' v='de' />
    <tag k='speed_limit' v='10.00' />
    <tag k='subtype' v='road' />
    <tag k='type' v='lanelet' />
  </relation>
  <relation id='-103260' action='modify'>
    <member type='way' ref='-115201' role='right' />
    <member type='way' ref='-115200' role='left' />
    <tag k='lane_width' v='4.0' />
    <tag k='location' v='urban' />
    <tag k='one_way' v='yes' />
    <tag k='region' v='de' />
    <tag k='speed_limit' v='10.00' />
    <tag k='subtype' v='road' />
    <tag k='type' v='lanelet' />
  </relation>
  <relation id='-103261' action='modify'>
    <member type='way' ref='-115065' role='right' />
    <member type='way' ref='-115064' role='left' />
    <tag k='lane_width' v='4.0' />
    <tag k='location' v='urban' />
    <tag k='one_way' v='yes' />
    <tag k='region' v='de' />
    <tag k='speed_limit' v='10.00' />
    <tag k='subtype' v='road' />
    <tag k='type' v='lanelet' />
  </relation>
  <relation id='-103262' action='modify'>
    <member type='way' ref='-116057' role='left' />
    <member type='way' ref='-115976' role='right' />
    <tag k='lane_width' v='3.0' />
    <tag k='location' v='urban' />
    <tag k='one_way' v='yes' />
    <tag k='region' v='de' />
    <tag k='speed_limit' v='15.00' />
    <tag k='subtype' v='road' />
    <tag k='type' v='lanelet' />
  </relation>
  <relation id='-103265' action='modify'>
    <member type='way' ref='-116059' role='left' />
    <member type='way' ref='-116079' role='right' />
    <tag k='lane_width' v='3.0' />
    <tag k='location' v='urban' />
    <tag k='one_way' v='yes' />
    <tag k='region' v='de' />
    <tag k='speed_limit' v='15.00' />
    <tag k='subtype' v='road' />
    <tag k='type' v='lanelet' />
  </relation>
  <relation id='-103288' action='modify'>
    <member type='way' ref='-115193' role='left' />
    <member type='way' ref='-115194' role='right' />
    <tag k='lane_width' v='3.0' />
    <tag k='location' v='urban' />
    <tag k='one_way' v='yes' />
    <tag k='region' v='de' />
    <tag k='speed_limit' v='15.00' />
    <tag k='subtype' v='road' />
    <tag k='type' v='lanelet' />
  </relation>
  <relation id='-103314' action='modify'>
    <member type='way' ref='-116083' role='right' />
    <member type='way' ref='-116091' role='left' />
    <tag k='lane_width' v='3.0' />
    <tag k='location' v='urban' />
    <tag k='one_way' v='yes' />
    <tag k='region' v='de' />
    <tag k='speed_limit' v='15.00' />
    <tag k='subtype' v='road' />
    <tag k='type' v='lanelet' />
  </relation>
</osm>
